Wavelength  [nm],3nm Extinction [a.u.],5nm Extinction [a.u.],7nm Extinction [a.u.],9nm Extinction [a.u.],11nm Extinction [a.u.],13nm Extinction [a.u.],15nm Extinction [a.u.],17nm Extinction [a.u.]
201.42901000000001,NaN,0.049099999999999998,0.32735999999999998,-0.051150000000000001,-0.32967999999999997,0.059999999999999998,NaN,0.88461000000000001
201.69843,-0.14266999999999999,-0.21748000000000001,NaN,0.070580000000000004,0.17609,0.26323999999999997,-0.69896999999999998,-0.92942000000000002
201.96784,0.87505999999999995,NaN,-0.52288000000000001,-0.042750000000000003,0.13658000000000001,0.66900999999999999,0.21560000000000001,-0.34242
202.23724999999999,-0.95423999999999998,NaN,-0.03218,0.19836999999999999,0.53712000000000004,0.72202999999999995,NaN,-0.11738999999999999
202.50664,0.11197,NaN,-1.53148,NaN,0.41497000000000001,Inf,NaN,NaN
202.77602999999999,-0.27300000000000002,0.13111,-0.36797999999999997,NaN,0.093420000000000003,0.039510000000000003,-0.45229999999999998,-0.97004000000000001
203.04541,NaN,-0.21243999999999999,0.025309999999999999,NaN,0.24304000000000001,0.24778,0.98528000000000004,0.13830000000000001
203.31478999999999,0.20827999999999999,NaN,0.13716999999999999,-0.096909999999999996,0.41497000000000001,0.044200000000000003,0.54407000000000005,-0.44716
203.58416,-0.24987999999999999,-0.16774,-0.97004000000000001,-0.21085000000000001,NaN,-0.18074000000000001,0.49292000000000002,0.11197
203.85351,NaN,-0.024719999999999999,NaN,NaN,0.50060000000000004,0.3599,0.94728999999999997,-0.28631000000000001
204.12287000000001,-0.52015999999999996,0.33399000000000001,NaN,NaN,NaN,NaN,0.32222000000000001,-0.21387999999999999
204.39221000000001,-0.061269999999999998,-0.078750000000000001,-0.72699999999999998,NaN,NaN,0.20412,NaN,-0.38020999999999999
204.66155000000001,-0.15490000000000001,0.14960000000000001,0.049489999999999999,Inf,NaN,-0.073230000000000003,NaN,NaN
204.93087,NaN,0.35194999999999999,0.01472,-0.093909999999999993,0.63202000000000003,-0.17025999999999999,-0.43933,-0.066949999999999996
205.2002,NaN,0.25840999999999997,0.21884000000000001,NaN,-0.70679000000000003,0,NaN,-0.46666000000000002
205.46951000000001,0.23044999999999999,0.13077,0.11651,0.56067,0.14613000000000001,0.69896999999999998,NaN,NaN
205.73881,-0.40748000000000001,0.28916999999999998,0.037789999999999997,0.69896999999999998,-0.49009000000000003,0.36173,0.1181,0.29148000000000002
206.00810999999999,0.17609,-0.070480000000000001,NaN,NaN,0.096909999999999996,0.56820000000000004,-0.13830000000000001,NaN
206.2774,NaN,-0.10988000000000001,0.17609,-0.43933,0.75333000000000006,Inf,0.1181,0.47711999999999999
206.54668000000001,0.82699999999999996,0.14502000000000001,0.47711999999999999,-0.32033,0.62839,-0.14779999999999999,NaN,-0.53510999999999997
206.81595999999999,0.20091999999999999,1.0119,0.22578000000000001,NaN,NaN,0.22800999999999999,NaN,0.022280000000000001
207.08521999999999,-0.42842999999999998,0.025649999999999999,NaN,Inf,0.1158,0.22639999999999999,NaN,NaN
207.35448,NaN,-0.76807999999999998,NaN,-0.90308999999999995,0.76592000000000005,0.01223,0.60206000000000004,0.85194000000000003
207.62372999999999,NaN,0.43414999999999998,0.31292999999999999,-0.69896999999999998,0.34522999999999998,0.84509999999999996,-0.74036000000000002,0.19425999999999999
207.89296999999999,-0.27621000000000001,-0.25817000000000001,-0.16419,-0.35427999999999998,-0.21848999999999999,0.24667,1.50515,0.25072
208.16220999999999,0.35217999999999999,-0.81179999999999997,-0.74938000000000005,-0.051150000000000001,0.21621000000000001,0.07918,-0.16273000000000001,0
208.43144000000001,-0.12494,-0.07918,-1.0969100000000001,NaN,0.39794000000000002,-0.24778,0,NaN
208.70066,-0.47711999999999999,NaN,0.2888,0.47711999999999999,NaN,0.11998,NaN,0
208.96986999999999,NaN,0.00941,0.11539000000000001,NaN,NaN,-0.055050000000000002,-0.37358000000000002,-0.32906000000000002
209.23907,NaN,NaN,0.11115,NaN,-0.16273000000000001,NaN,0.35217999999999999,0.10266
209.50827000000001,-0.33206000000000002,0.065500000000000003,0.18451999999999999,-0.30103000000000002,-0.11197,0.15261,0.36797999999999997,0.037789999999999997
209.77745999999999,-0.40249000000000001,-0.11394,NaN,0.27621000000000001,0.33994999999999997,NaN,0.92942000000000002,-0.47711999999999999
210.04664,NaN,0.29148000000000002,0.021190000000000001,0.84509999999999996,0.18564,1.4698199999999999,NaN,-0.24304000000000001
210.31581,0.060699999999999997,0.39445000000000002,-0.37010999999999999,NaN,0.10012,-0.12740000000000001,NaN,NaN
210.58498,-0.096909999999999996,NaN,-0.15679000000000001,-0.39794000000000002,0.49136000000000002,NaN,0.21209,-0.069639999999999994
210.85414,-0.096909999999999996,NaN,-0.041390000000000003,0.24304000000000001,0.21671000000000001,NaN,0.064939999999999998,0.02555
211.12329,0.15126999999999999,0.23263,-1.02803,0.32033,NaN,0.30103000000000002,0.63682000000000005,-0.065500000000000003
211.39242999999999,NaN,-0.94987999999999995,0.14341999999999999,NaN,0.19312000000000001,0.49485000000000001,0.41217999999999999,-0.20412
211.66157000000001,0.52827000000000002,-0.43136000000000002,0.19957,-0.07918,0.25527,NaN,0.53510999999999997,NaN
211.93069,NaN,0.019019999999999999,0,NaN,-0.18451999999999999,NaN,-0.36797999999999997,-0.27416000000000001
212.19981000000001,-0.27106999999999998,0.43269999999999997,-0.39794000000000002,0.75333000000000006,-0.033860000000000001,-0.096909999999999996,-0.30103000000000002,-0.57403000000000004
212.46892,-0.44716,0.22184999999999999,0.089399999999999993,0.03141,0.23888000000000001,NaN,-0.088139999999999996,1.04139
212.73803000000001,NaN,-0.25844,NaN,-0.42597000000000002,0.48734,Inf,0.36408000000000001,-0.87505999999999995
213.00711999999999,1,NaN,0.10266,0.020199999999999999,Inf,0.087150000000000005,0.53510999999999997,-0.30103000000000002
213.27620999999999,NaN,-0.10868999999999999,-0.098129999999999995,-0.022280000000000001,0.35217999999999999,NaN,0,NaN
213.54528999999999,NaN,-0.32351000000000002,-0.23846999999999999,0.01158,-1.2174799999999999,0.054359999999999999,0.25180999999999998,0.17609
213.81435999999999,-0.090810000000000002,-0.26323999999999997,NaN,-0.28255000000000002,-0.28083000000000002,-0.051150000000000001,-0.043470000000000002,0.19497999999999999
214.08342999999999,0.074099999999999999,NaN,0.22184999999999999,-0.039510000000000003,NaN,0.94201000000000001,-0.17609,0
214.35248999999999,0.040430000000000001,-0.74168000000000001,0.39415,0.52288000000000001,NaN,NaN,0.69896999999999998,1.2041200000000001
214.62154000000001,NaN,-0.44871,0.27816999999999997,0.81954000000000005,1.0253099999999999,1.18564,NaN,-0.017729999999999999
214.89058,NaN,NaN,0.18074000000000001,-0.45426,0.13622000000000001,NaN,0.20646999999999999,0.15490000000000001
215.15960999999999,-0.41497000000000001,-0.37107000000000001,-0.11070000000000001,NaN,0.33994999999999997,0.02896,0.45863999999999999,NaN
215.42864,-1.07918,0.06454,-0.13622000000000001,0.29397000000000001,NaN,0.14266999999999999,-0.53510999999999997,-0.1181
215.69766000000001,NaN,0.7026,0.21085000000000001,NaN,0.70969000000000004,-0.034759999999999999,NaN,0.05799
215.96666999999999,-0.33206000000000002,0.48509000000000002,0.49830999999999998,NaN,-0.26627000000000001,NaN,0.56730000000000003,NaN
216.23567,-0.051920000000000001,NaN,0.35750999999999999,NaN,NaN,-0.084320000000000006,NaN,0.31741999999999998
216.50467,0.21560000000000001,NaN,NaN,NaN,-0.15490000000000001,NaN,-0.10145999999999999,-0.62324999999999997
216.77365,0.015789999999999998,0.53056999999999999,NaN,0.65320999999999996,NaN,0.01336,NaN,NaN
217.04263,-0.072550000000000003,NaN,0.036979999999999999,NaN,0.068720000000000003,0.68123999999999996,0.41754000000000002,NaN
217.3116,0.24032999999999999,0.068029999999999993,-0.73238999999999999,-0.44369999999999998,0.020199999999999999,NaN,-0.10617,NaN
217.58056999999999,NaN,-0.10868999999999999,-1.2863100000000001,0.45863999999999999,NaN,NaN,0.031600000000000003,NaN
217.84952999999999,NaN,NaN,-0.60206000000000004,Inf,NaN,0.22184999999999999,0.16273000000000001,0.66005000000000003
218.11847,-0.17609,-0.37107000000000001,0.011900000000000001,0.72699999999999998,NaN,-0.14613000000000001,0,0.12241
218.38741999999999,NaN,NaN,Inf,-0.07639,-0.10580000000000001,0.25963999999999998,0.49009000000000003,0.20412
218.65635,NaN,NaN,0.36173,0.088940000000000005,NaN,0.48666999999999999,NaN,0.04743
218.92527000000001,0.20412,2,NaN,-0.020199999999999999,0.40748000000000001,0.91644999999999999,NaN,-0.12909000000000001
219.19418999999999,0.23888000000000001,-1.13988,-0.27300000000000002,0.38818000000000003,0.05271,0.24304000000000001,-0.027150000000000001,NaN
219.4631,-0.47711999999999999,NaN,-0.39794000000000002,0.05799,-0.56427000000000005,NaN,0.068720000000000003,0.22184999999999999
219.732,-0.21181,NaN,0.40368999999999999,NaN,0.016389999999999998,NaN,-1.02119,0.35217999999999999
220.0009,0.081309999999999993,0.38722000000000001,0.12494,0,1.02803,-1.2900400000000001,-0.25756000000000001,0.24304000000000001
220.26978,0.2278,NaN,-0.071059999999999998,-0.045760000000000002,0.023910000000000001,NaN,-0.81291000000000002,NaN
220.53865999999999,0.048309999999999999,-0.051889999999999999,-0.052389999999999999,0.044200000000000003,-0.21848999999999999,NaN,0.05799,NaN
220.80753000000001,-0.72699999999999998,0.022280000000000001,0,NaN,NaN,-0.58982999999999997,-0.12934999999999999,NaN
221.07640000000001,-0.22184999999999999,-0.88649,0.21806,-0.47711999999999999,0.28523999999999999,-0.040430000000000001,-0.98528000000000004,0.53147999999999995
221.34524999999999,-0.082970000000000002,0.69896999999999998,-1.4623999999999999,NaN,0.20760999999999999,-0.75966999999999996,-0.80162999999999995,Inf
221.61410000000001,-0.13830000000000001,NaN,NaN,NaN,Inf,0.95423999999999998,0.039510000000000003,-0.051150000000000001
221.88293999999999,0.52288000000000001,NaN,0.33882000000000001,NaN,NaN,NaN,0.65320999999999996,0.49485000000000001
222.15177,0,-0.024819999999999998,Inf,0.22184999999999999,-0.80810999999999999,NaN,NaN,NaN
222.42060000000001,-0.1963,0.19142000000000001,NaN,0.02555,-0.069639999999999994,NaN,-0.07918,NaN
222.68941000000001,-0.55284,-0.21686,-0.20412,-0.61395999999999995,-0.13566,NaN,NaN,-0.41913
222.95822000000001,-0.21912999999999999,-0.18009,-0.77815000000000001,NaN,-0.30103000000000002,0.80810999999999999,Inf,-1.39794
223.22702000000001,0.10551000000000001,0.17069999999999999,0.69896999999999998,NaN,NaN,-0.12494,NaN,0.47711999999999999
223.49582000000001,0.21085000000000001,0.16273000000000001,NaN,NaN,NaN,NaN,-0.10266,0.40576000000000001
223.7646,NaN,0.27396999999999999,-0.18451999999999999,0.55284,0.39794000000000002,NaN,0,NaN
224.03337999999999,NaN,-0.057540000000000001,-0.1181,1.10721,-1.0607,-0.62324999999999997,-1.2552700000000001,NaN
224.30215000000001,-0.63682000000000005,-0.12426,0,1,0.30103000000000002,0.14133000000000001,0.81291000000000002,0.1963
224.57091,-1.4149700000000001,-0.68574000000000002,0.096909999999999996,0,0.030669999999999999,NaN,0.46239999999999998,0.39794000000000002
224.83967000000001,-0.98900999999999994,NaN,0.86922999999999995,NaN,-0.96614,-0.11197,NaN,-0.58826999999999996
225.10840999999999,0.021190000000000001,NaN,-0.39794000000000002,0.05799,-0.05271,NaN,NaN,NaN
225.37715,0.02154,0.36269000000000001,NaN,0.64625999999999995,0.39794000000000002,NaN,0.62324999999999997,NaN
225.64588000000001,-0.33578999999999998,NaN,0.58186000000000004,NaN,-0.15357999999999999,0.1181,NaN,NaN
225.91461000000001,-0.72946,-0.42674000000000001,NaN,0.23408000000000001,0.51851000000000003,1.2041200000000001,NaN,-0.47711999999999999
226.18332000000001,0.22184999999999999,0.57064999999999999,NaN,0.309,0.1181,0.21181,0.85387000000000002,0.50266999999999995
226.45203000000001,-0.92942000000000002,-0.73038000000000003,0.014239999999999999,1.02119,NaN,-0.23657,-0.13566,Inf
226.72073,-0.33774999999999999,-0.69896999999999998,-0.19497999999999999,-0.65320999999999996,-0.30103000000000002,-0.038629999999999998,NaN,-0.084320000000000006
226.98942,0,0.13528000000000001,-0.25828000000000001,Inf,0.066949999999999996,-0.0089499999999999996,0.16481000000000001,NaN
227.25810999999999,-0.16273000000000001,0.39794000000000002,0,NaN,0.14613000000000001,-0.11887,-0.081309999999999993,0.45863999999999999
227.52678,-0.25527,0.34678999999999999,-0.040430000000000001,NaN,NaN,-0.093420000000000003,0.67342000000000002,0.34678999999999999
227.79544999999999,-0.29148000000000002,-0.060699999999999997,NaN,NaN,-0.43933,0.07639,NaN,0.082970000000000002
228.06411,-0.19836999999999999,-0.15257999999999999,-0.30103000000000002,-0.25527,NaN,0.052389999999999999,-0.47711999999999999,0.11394
228.33276000000001,-0.07918,0.13200999999999999,-0.57815000000000005,0.10914,-0.95423999999999998,0.23408000000000001,NaN,0.47711999999999999
228.60140999999999,-0.51851000000000003,-0.01307,-0.43933,0.1963,NaN,0.58357999999999999,0.72699999999999998,0.30103000000000002
228.87004999999999,-0.18421000000000001,-0.095170000000000005,0.05271,0.05552,0.30103000000000002,0.60206000000000004,NaN,-0.25527
229.13867999999999,-0.38885999999999998,-0.24415999999999999,0.16481000000000001,-0.10605000000000001,0.10763,0.46798000000000001,-0.096909999999999996,-0.11651
229.40729999999999,-0.041390000000000003,NaN,1.04139,1.0607,0.87505999999999995,0.57403000000000004,0.12494,-0.15323000000000001
229.67590999999999,1.3010299999999999,0.30103000000000002,-0.13033,NaN,0.089609999999999995,NaN,-0.30103000000000002,0.066949999999999996
229.94452000000001,NaN,0.093530000000000002,-0.063670000000000004,-0.22184999999999999,NaN,0.58982999999999997,-0.014239999999999999,0.37741999999999998
230.21312,NaN,-0.31175000000000003,-0.41016999999999998,0.21560000000000001,1.50515,NaN,0.051150000000000001,1.1139399999999999
230.48170999999999,-0.14391000000000001,-0.98114000000000001,0.15490000000000001,0.051150000000000001,NaN,0.39794000000000002,0.44716,NaN
230.75029000000001,-0.10473,NaN,0.22184999999999999,0.81291000000000002,NaN,-0.30103000000000002,0.18631,-0.04922
231.01886999999999,0.074630000000000002,-0.083680000000000004,-0.47711999999999999,0.51188,0.24598,0.39794000000000002,0.35793999999999998,NaN
231.28743,-0.028029999999999999,0.20362,-0.07918,0.30103000000000002,0.3876,0.17609,0.18046000000000001,0.28399999999999997
231.55599000000001,-0.026329999999999999,-0.28349000000000002,-0.48902000000000001,0.41016999999999998,0.061269999999999998,0.47711999999999999,-0.13830000000000001,-0.47711999999999999
231.82454999999999,-0.090179999999999996,-0.41377999999999998,NaN,0.37565999999999999,NaN,0.35750999999999999,NaN,-0.89209000000000005
232.09308999999999,-0.22184999999999999,0.90308999999999995,-0.84509999999999996,-0.15970000000000001,NaN,-0.16914000000000001,0.79588000000000003,-0.10914
232.36162999999999,-0.62839,-0.72970999999999997,-0.12909000000000001,0.014239999999999999,-0.58826999999999996,-0.68123999999999996,0.35902000000000001,-0.60206000000000004
232.63014999999999,-0.91832999999999998,0.97367000000000004,NaN,0.97772000000000003,NaN,0.05799,NaN,0.22184999999999999
232.89867000000001,-0.40866000000000002,0.19381999999999999,-0.16975000000000001,0.098379999999999995,-0.12494,NaN,NaN,0.18142
233.16719000000001,NaN,0.17330000000000001,-0.077990000000000004,0.21621000000000001,-0.65320999999999996,-0.42597000000000002,-0.024129999999999999,0.1963
233.43568999999999,-0.65320999999999996,-0.23383999999999999,0.21912999999999999,NaN,Inf,NaN,0,0.87505999999999995
233.70419000000001,-0.61541999999999997,NaN,0.60206000000000004,-0.11539000000000001,0.40576000000000001,0.9345,0.47711999999999999,-0.42207
233.97268,-0.61845000000000006,-0.27173999999999998,-0.060699999999999997,NaN,0.95423999999999998,NaN,0.35217999999999999,NaN
234.24116000000001,-0.066949999999999996,-0.77131000000000005,0.26627000000000001,-0.62324999999999997,NaN,0.1714,0.27106999999999998,0.24864
234.50962999999999,-0.20412,-0.20749999999999999,0.80618000000000001,0,1.1303300000000001,0.34449999999999997,0.23608999999999999,0.24629000000000001
234.77809999999999,-0.69896999999999998,-0.72016000000000002,NaN,-0.23735999999999999,NaN,0.71786000000000005,-0.05799,0.57403000000000004
235.04656,-0.041390000000000003,0.52669999999999995,NaN,0.41299999999999998,NaN,0.14976,0.24629000000000001,NaN
235.31501,-0.40456999999999999,0.32102999999999998,0.58245999999999998,0.075069999999999998,-0.30103000000000002,0.10199,NaN,0
235.58345,-0.41016999999999998,-0.19555,-0.32451000000000002,-0.19312000000000001,NaN,-0.024819999999999998,NaN,-0.15490000000000001
235.85187999999999,-0.35025000000000001,-0.34438999999999997,Inf,-0.18833,-0.072550000000000003,-0.10353999999999999,-0.1963,NaN
236.12030999999999,NaN,-0.21307000000000001,NaN,0,-0.53839000000000004,0.22184999999999999,0.064460000000000003,NaN
236.38873000000001,-0.10473,-0.51520999999999995,Inf,0.98900999999999994,NaN,1.02119,0.033860000000000001,NaN
236.65714,-1.1139399999999999,0.56920999999999999,-0.24304000000000001,NaN,0.0097599999999999996,-1.07918,-1,0.074630000000000002
236.92554999999999,-0.72699999999999998,0.24923999999999999,NaN,NaN,0.53359999999999996,-0.12494,NaN,-0.0099799999999999993
237.19394,NaN,0.35259000000000001,0.2833,-0.44369999999999998,0.93784999999999996,NaN,0.35902000000000001,-0.022859999999999998
237.46233000000001,NaN,0.099629999999999996,0.31875999999999999,0.84509999999999996,NaN,0.49485000000000001,NaN,-0.066949999999999996
237.73070999999999,0.55930999999999997,NaN,NaN,NaN,NaN,0.42597000000000002,0.78710999999999998,-0.76592000000000005
237.99907999999999,0.50060000000000004,-0.33566000000000001,NaN,0.30103000000000002,NaN,NaN,Inf,NaN
238.26743999999999,NaN,-1.43377,0.074099999999999999,Inf,-0.015789999999999998,0.11040999999999999,NaN,-0.03533
238.53579999999999,0.43012,NaN,0.27711999999999998,0,-0.76768999999999998,-0.087150000000000005,NaN,-0.56427000000000005
238.80414999999999,-0.64625999999999995,0.1963,0.54407000000000005,NaN,-0.30103000000000002,0.15970000000000001,0.14943999999999999,0.055050000000000002
239.07248999999999,-1.1461300000000001,0.09776,0.20412,NaN,0.32123000000000002,NaN,0.26627000000000001,0.41299999999999998
239.34082000000001,-0.55930999999999997,-0.32735999999999998,0.07639,0.39794000000000002,-0.10266,1.3617300000000001,NaN,NaN
239.60915,-0.88080999999999998,NaN,NaN,NaN,-0.22184999999999999,NaN,-0.15761,-1.09108
239.87746999999999,-0.22933999999999999,-0.22439999999999999,0.33099000000000001,-0.16137000000000001,-0.27875,0.27173999999999998,-0.21387999999999999,NaN
240.14577,0.10145999999999999,NaN,-0.12494,-0.081670000000000006,0.13738,0.39794000000000002,-0.46583999999999998,-0.1181
240.41408000000001,0,0.042750000000000003,0.1181,0.051150000000000001,0.86529999999999996,0.36797999999999997,NaN,-0.044580000000000002
240.68236999999999,-0.2278,-0.0049100000000000003,0.71120000000000005,NaN,NaN,-0.84509999999999996,0.12758,0.53712000000000004
240.95066,-0.13566,0.080920000000000006,NaN,0.85126000000000002,-0.72699999999999998,-0.90308999999999995,0.30103000000000002,NaN
241.21893,-0.74036000000000002,NaN,-0.044200000000000003,0.31681999999999999,-0.24598,0.29003000000000001,-1.2787500000000001,NaN
241.4872,0.059310000000000002,NaN,0.65320999999999996,1.1139399999999999,-0.69896999999999998,-0.01336,0.051150000000000001,-0.30103000000000002
241.75547,-0.055219999999999998,-0.20547000000000001,1.5563,0.054359999999999999,-0.15126999999999999,0.66900999999999999,0.15606999999999999,0.65920000000000001
242.02372,NaN,0.072910000000000003,0.15490000000000001,0,-1.7323900000000001,-0.043470000000000002,0.60206000000000004,0.12494
242.29196999999999,NaN,-0.36797999999999997,-0.10266,0.35217999999999999,NaN,0.07918,0.022859999999999998,NaN
242.56021000000001,0.51663000000000003,-0.78174999999999994,-0.14061999999999999,0.47711999999999999,0.15970000000000001,NaN,0.17609,-0.04922
242.82844,-0.24304000000000001,0.02342,0.02511,0.57572999999999996,0.37358000000000002,NaN,-0.18564,NaN
243.09666000000001,NaN,-0.021190000000000001,0.10199,0.22639999999999999,0.11539000000000001,-0.096909999999999996,0.66900999999999999,-0.57403000000000004
243.36488,-0.38020999999999999,0.068669999999999995,0.28255000000000002,0.40249000000000001,-0.55428999999999995,NaN,-0.23044999999999999,-0.34242
243.63308000000001,-0.40654000000000001,0.31014000000000003,Inf,-0.0078300000000000002,0.62839,-0.11651,0.42597000000000002,0.42935000000000001
243.90128000000001,0.074630000000000002,0.19213,-0.026329999999999999,-0.018100000000000002,NaN,0.27300000000000002,0.13469999999999999,NaN
244.16947999999999,NaN,0.10557,-0.86922999999999995,1.05436,1.2787500000000001,-0.38400000000000001,0.093420000000000003,0.070580000000000004
244.43765999999999,NaN,0.12766,0.46851999999999999,-0.054359999999999999,0.31439,NaN,NaN,-0.37565999999999999
244.70583999999999,-1.4623999999999999,NaN,0.087959999999999997,NaN,-0.10763,0.46583999999999998,NaN,0.27875
244.97399999999999,Inf,0.63827,-0.060699999999999997,-0.30103000000000002,NaN,0.34242,-0.43933,0.12199
245.24216000000001,0.38322000000000001,-0.041390000000000003,0.19458,0.03218,-0.23044999999999999,0.73468999999999995,0.062649999999999997,-0.45974999999999999
245.51032000000001,-1.05115,-0.37475000000000003,0.054359999999999999,NaN,NaN,0.34610999999999997,0.51558000000000004,0.075719999999999996
245.77846,-0.14468,0.33882000000000001,0.096909999999999996,NaN,NaN,NaN,-0.045760000000000002,0.05271
246.04660000000001,0.083549999999999999,1.3647,1.32222,0.14341999999999999,Inf,0.11115,0.19081999999999999,NaN
246.31473,0.0086,NaN,0.74819000000000002,0,0.068459999999999993,0.56988000000000005,0.33445000000000003,-0.20412
246.58285000000001,-0.91381000000000001,-0.24046000000000001,0.21085000000000001,-0.11869,0.11763999999999999,NaN,0.31741999999999998,-0.38322000000000001
246.85095999999999,NaN,NaN,0.32735999999999998,-0.02436,0.17069999999999999,NaN,0.17609,0.16273000000000001
247.11906999999999,NaN,NaN,-0.16797000000000001,0.13263,0.56067,NaN,-0.51188,0.30103000000000002
247.38717,0.19957,0.70811000000000002,0.070580000000000004,0.096909999999999996,1.2041200000000001,NaN,NaN,0.32033
247.65526,-0.66900999999999999,0.36835000000000001,0.60975000000000001,-0.26627000000000001,0.59292,-0.077170000000000002,0.25272,0.18451999999999999
247.92334,-0.52827000000000002,NaN,0.39334000000000002,-0.47711999999999999,0.52288000000000001,0.16273000000000001,-0.35217999999999999,0.074630000000000002
248.19140999999999,NaN,0.27983999999999998,0.60206000000000004,0.10067,0.24667,0.12173,NaN,-0.47711999999999999
248.45948000000001,NaN,NaN,-0.13830000000000001,-0.30103000000000002,0.11998,0.14082,0.90308999999999995,0.71599999999999997
248.72754,0.19458,-0.13225999999999999,-0.12494,NaN,0.36575999999999997,0.065500000000000003,0.49884000000000001,-0.023480000000000001
248.99558999999999,0.61541999999999997,-0.44716,NaN,NaN,NaN,0.55930999999999997,-1.2900400000000001,NaN
249.26363000000001,0.063049999999999995,0.26962000000000003,0.041390000000000003,NaN,0.35217999999999999,0.21560000000000001,-0.066949999999999996,NaN
249.53165999999999,-0.17609,0.10032000000000001,0.10473,0.45229999999999998,-0.30871999999999999,NaN,NaN,-0.35217999999999999
249.79969,NaN,NaN,-0.39794000000000002,1.3489500000000001,-0.30103000000000002,NaN,0.36797999999999997,-0.33774999999999999
250.06771000000001,NaN,-0.1217,-0.92081999999999997,NaN,NaN,0.20412,1.1461300000000001,-0.30103000000000002
250.33572000000001,-1.50515,-0.30909999999999999,0.79005000000000003,NaN,0.72699999999999998,0.16633000000000001,NaN,0.55284
250.60373000000001,0.086190000000000003,-0.058740000000000001,0.21806,NaN,0.54407000000000005,NaN,0.44369999999999998,NaN
250.87172000000001,-0.23552999999999999,-0.81823000000000001,0.25527,NaN,0.45079000000000002,0.92427999999999999,NaN,-0.45229999999999998
251.13971000000001,-0.73238999999999999,NaN,0.03218,-0.16914000000000001,1.3010299999999999,0.18406,-0.40368999999999999,-0.074630000000000002
251.40769,NaN,NaN,0.43933,0.10791000000000001,NaN,0.17286000000000001,0.071690000000000004,0.091079999999999994
251.67565999999999,NaN,0.13119,0,-0.19189000000000001,0,NaN,NaN,1.3802099999999999
251.94362000000001,NaN,-0.099080000000000001,-0.10645,-0.24304000000000001,0.30103000000000002,NaN,0.22724,0.01703
252.21158,-1.47712,NaN,0.43933,0.14341999999999999,NaN,0.67923,-0.12494,0.55630000000000002
252.47953000000001,NaN,NaN,-0.33882000000000001,NaN,-0.10145999999999999,0.44716,0.28172999999999998,NaN
252.74746999999999,NaN,0.12155000000000001,0.01022,0.099699999999999997,NaN,0.42597000000000002,0.066949999999999996,-1.1139399999999999
253.0154,NaN,-0.099640000000000006,0.02172,0.60206000000000004,NaN,-0.19189000000000001,0.087150000000000005,NaN
253.28333000000001,-0.15323000000000001,-0.058169999999999999,-0.13830000000000001,0.16481000000000001,-1.716,0.77815000000000001,0.24304000000000001,-0.053870000000000001
253.55124000000001,-0.33099000000000001,NaN,0,Inf,1.1461300000000001,0.46072999999999997,NaN,-0.37819999999999998
253.81915000000001,-0.044810000000000003,-0.85672999999999999,0.30103000000000002,0.33578999999999998,NaN,0.20091999999999999,NaN,0.68425000000000002
254.08705,-0.02929,-0.29003000000000001,0.020199999999999999,0.03218,-0.24778,0.22184999999999999,0.035720000000000002,0.32634000000000002
254.35495,0.096909999999999996,NaN,0.05799,-0.070580000000000004,1.04139,0.32451000000000002,0.096909999999999996,0.01072
254.62282999999999,-0.33882000000000001,0.74287000000000003,-0.13683999999999999,-0.13566,0,NaN,0.15490000000000001,0.35471999999999998
254.89071000000001,0.51663000000000003,0.18917999999999999,-0.60924,0.34242,NaN,-0.1963,0.30103000000000002,0.36548999999999998
255.15858,0,NaN,-0.04743,NaN,0.15490000000000001,-0.22184999999999999,0.27035999999999999,0.15761
255.42644000000001,NaN,0.67415000000000003,0.089399999999999993,0.35217999999999999,-0.096909999999999996,0.28806999999999999,NaN,-0.26884999999999998
255.6943,NaN,NaN,-0.16914000000000001,0.21387999999999999,-0.17194000000000001,NaN,NaN,-0.15261
255.96214000000001,NaN,NaN,NaN,NaN,0,NaN,NaN,0.47711999999999999
256.22998000000001,0.47711999999999999,0.68962999999999997,1,0.017729999999999999,NaN,0.18906000000000001,0.64097999999999999,Inf
256.49781000000002,0.05552,-0.65320999999999996,Inf,0.13658000000000001,0.18709000000000001,NaN,0.41842000000000001,0.15126999999999999
256.76562999999999,-0.47711999999999999,0.061109999999999998,0.65320999999999996,0.46583999999999998,0.25527,1.1139399999999999,0.17609,-0.045760000000000002
257.03345000000002,NaN,NaN,NaN,-0.33578999999999998,0.021190000000000001,0.60840000000000005,NaN,NaN
257.30124999999998,-0.45118999999999998,-0.14430000000000001,0.10473,NaN,-0.38535000000000003,NaN,0.42101,NaN
257.56905,0.0081200000000000005,NaN,0,0.21387999999999999,0.64625999999999995,NaN,0.084320000000000006,-0.66900999999999999
257.83684,-0.18709000000000001,NaN,-0.16975000000000001,0.21085000000000001,-0.14133000000000001,0.53147999999999995,0.20713000000000001,-0.60206000000000004
258.10462999999999,-0.22439999999999999,-0.59536999999999995,0.0079699999999999997,0.39794000000000002,-0.15634999999999999,0.39279999999999998,0.34522999999999998,-0.25527
258.37240000000003,NaN,-0.13447999999999999,0.037789999999999997,0.05799,0.053249999999999999,NaN,NaN,-0.054739999999999997
258.64017000000001,-0.029960000000000001,0.17609,NaN,NaN,0.40333999999999998,NaN,NaN,-0.15679000000000001
258.90793000000002,-0.033419999999999998,-0.37208999999999998,-0.30103000000000002,0.42101,NaN,0.53991,0.14842,1.2430399999999999
259.17568,-0.10914,-0.20651,-0.20412,0.34988000000000002,NaN,-0.31362000000000001,NaN,0.070580000000000004
259.44342,-0.39794000000000002,0.13811999999999999,0.10645,-0.31526999999999999,NaN,NaN,0.11040999999999999,-0.11738999999999999
259.71116000000001,-0.084320000000000006,-0.12665999999999999,-0.096909999999999996,0.13211999999999999,-0.088940000000000005,1.18564,0.28399999999999997,0
259.97888999999998,0.39794000000000002,-0.010019999999999999,0.04777,0.22724,-0.69896999999999998,NaN,NaN,-0.037789999999999997
260.24660999999998,NaN,-0.15570999999999999,-0.2097,-0.314,-0.045760000000000002,1.5563,NaN,0.20995
260.51432,NaN,NaN,NaN,NaN,0.17609,0.39794000000000002,0.36173,-0.16586999999999999
260.78201999999999,-0.13830000000000001,NaN,NaN,0.14613000000000001,NaN,-0.074099999999999999,NaN,NaN
261.04971999999998,-1.43136,NaN,0,0.60206000000000004,0.91203999999999996,0.091770000000000004,0.60206000000000004,-0.17609
261.31741,-0.60206000000000004,-0.59265000000000001,NaN,-0.67342000000000002,0.64097999999999999,0.60206000000000004,NaN,0.19189000000000001
261.58508999999998,NaN,NaN,0.19189000000000001,0.57138999999999995,0.083549999999999999,0.82391000000000003,NaN,0.20412
261.85275999999999,NaN,NaN,0.081900000000000001,-0.073789999999999994,0.05799,0.19883000000000001,NaN,-0.016389999999999998
262.12043,-0.56427000000000005,-0.046300000000000001,0.29260000000000003,-0.53712000000000004,0.46736,0.028029999999999999,NaN,-0.21671000000000001
262.38808,0.10645,-0.05994,0.23408000000000001,0.49292000000000002,0.13905000000000001,0.51188,0.51188,-0.47711999999999999
262.65573000000001,0.016389999999999998,0.68225999999999998,0.50815999999999995,0.74819000000000002,-0.05799,NaN,-0.35471999999999998,-0.11919
262.92336999999998,-0.15836,0.17562,0.38818000000000003,0.68123999999999996,0.30103000000000002,0.16137000000000001,NaN,0
263.19101000000001,-0.35750999999999999,0.34026000000000001,0.19106999999999999,0.41913,0.47711999999999999,0.22724,NaN,-0.024819999999999998
263.45863000000003,-0.57403000000000004,-0.087749999999999995,0.060699999999999997,0.042750000000000003,0.18607000000000001,-0.05799,0.44716,-0.25527
263.72624999999999,-0.16563,0.32196000000000002,-0.90308999999999995,0.23044999999999999,0.27300000000000002,-0.096909999999999996,NaN,-0.26627000000000001
263.99385999999998,-0.063670000000000004,NaN,0.55630000000000002,-0.094560000000000005,NaN,0.26090999999999998,NaN,0.096909999999999996
264.26146,0.07918,NaN,0.17609,1,-0.094270000000000007,0.1158,NaN,NaN
264.52904999999998,-1.1760900000000001,-0.46198,0.13263,NaN,0.54407000000000005,NaN,NaN,0.13936999999999999
264.79664000000002,NaN,-0.016389999999999998,-1.1461300000000001,-0.20926,NaN,NaN,NaN,0.074630000000000002
265.06421,-0.26451000000000002,NaN,-0.13830000000000001,NaN,-0.1181,0.35654999999999998,NaN,-0.047
265.33179000000001,-0.22400999999999999,NaN,0,NaN,NaN,-0.12057,-0.97772000000000003,0.050169999999999999
265.59935000000002,NaN,0.13097,-0.13263,-1.07918,0.34777000000000002,0.11197,0.60206000000000004,-0.02052
265.86689999999999,-0.25527,0.0068399999999999997,0.05799,0.17255000000000001,0.25272,0.10145999999999999,0.17609,-0.16714000000000001
266.13445000000002,-0.54039999999999999,NaN,-0.096909999999999996,0.055219999999999998,0.30103000000000002,0.072550000000000003,0.01158,-0.32584999999999997
266.40199000000001,NaN,-0.76993,NaN,0.42597000000000002,0.18906000000000001,NaN,0.28083000000000002,0.059999999999999998
266.66951999999998,0.53147999999999995,-1,0.50514999999999999,NaN,0.47711999999999999,-0.18906000000000001,0.10145999999999999,0.090179999999999996
266.93704000000002,-0.55091000000000001,NaN,0.072550000000000003,0.18607000000000001,NaN,-0.13566,0.65320999999999996,0.14391000000000001
267.20454999999998,NaN,NaN,0.43933,NaN,0.36173,-0.30103000000000002,0.31951000000000002,-0.28944999999999999
267.47206,NaN,0.085879999999999998,NaN,-0.13936999999999999,1.15635,0.73238999999999999,0.27875,NaN
267.73955999999998,NaN,0.079450000000000007,0.066949999999999996,0.065680000000000002,NaN,0.10645,-0.17609,NaN
268.00704999999999,NaN,NaN,0.30103000000000002,-0.075249999999999997,NaN,0.61033000000000004,NaN,-0.54407000000000005
268.27453000000003,-0.32735999999999998,0.23330999999999999,0.056120000000000003,-0.47711999999999999,0.21181,0.64714000000000005,NaN,-0.17609
268.54201,-0.15712000000000001,-0.99782000000000004,NaN,NaN,-0.044200000000000003,0.64097999999999999,-1.07918,-0.19381999999999999
268.80946999999998,-0.13469999999999999,-0.18682000000000001,0.34242,0.19957,-0.14613000000000001,NaN,NaN,NaN
269.07693,0.029960000000000001,NaN,0.43933,-1.43136,0.53147999999999995,0.16633000000000001,0.52288000000000001,0.12494
269.34438,-0.031029999999999999,0.10721,-0.47711999999999999,NaN,0.60206000000000004,-0.35538999999999998,0.073230000000000003,0.84509999999999996
269.61183,NaN,-0.22481999999999999,NaN,NaN,-0.18234,0.10645,0.041390000000000003,0.30103000000000002
269.87925999999999,NaN,-0.15168000000000001,0.040430000000000001,NaN,-0.13716999999999999,NaN,0.65758000000000005,NaN
270.14668999999998,NaN,0.41600999999999999,-0.81845000000000001,0.087150000000000005,-0.066019999999999995,NaN,NaN,-0.07918
270.41410999999999,0.17609,0.17111000000000001,-1.7481899999999999,0.12494,0.20624000000000001,0.60206000000000004,Inf,0.1963
270.68151999999998,-0.25527,-0.063829999999999998,-0.11998,NaN,1.8633200000000001,0.16633000000000001,0.38020999999999999,NaN
270.94891999999999,NaN,0.39476,0.46489000000000003,0.23194999999999999,0.66276000000000002,0.95423999999999998,NaN,0.05799
271.21632,-0.13128000000000001,-0.40654000000000001,0.30103000000000002,0.015789999999999998,0.32451000000000002,-0.024819999999999998,NaN,0.1181
271.48370999999997,NaN,NaN,1.1139399999999999,-0.1181,0.13469999999999999,0.40205999999999997,0.35217999999999999,NaN
271.75108999999998,0,-0.78769999999999996,0.13830000000000001,NaN,NaN,NaN,0.22933999999999999,0.67923
272.01846,-0.43933,NaN,0.065680000000000002,0.57403000000000004,0.38996999999999998,0.29260000000000003,1.1903300000000001,NaN
272.28582,-0.43933,-0.91644999999999999,0.55630000000000002,-0.098750000000000004,0.34583999999999998,0.66510999999999998,NaN,0.75333000000000006
272.55318,-1.60206,NaN,NaN,-0.22847999999999999,0.43491999999999997,1.6434500000000001,NaN,0.90308999999999995
272.82053000000002,-1.0085999999999999,0.43081999999999998,Inf,NaN,0.18798999999999999,-0.073429999999999995,NaN,0.93784999999999996
273.08787000000001,-0.14266999999999999,0.28544999999999998,NaN,0.93576000000000004,NaN,-0.66617999999999999,NaN,0.069330000000000003
273.35520000000002,0.24987999999999999,0.27346999999999999,1.02119,-0.25272,0.61729999999999996,NaN,0.92942000000000002,0.26627000000000001
273.62252999999998,NaN,0.13197999999999999,NaN,0.18709000000000001,0.76175999999999999,1.5682,0.16839999999999999,NaN
273.88983999999999,NaN,NaN,-0.07918,0.0097599999999999996,NaN,NaN,0.24304000000000001,0.26323999999999997
274.15715,-0.53712000000000004,0.079969999999999999,0.33817000000000003,0.059119999999999999,NaN,0.14061999999999999,-0.24304000000000001,0.79588000000000003
274.42444999999998,0.031029999999999999,NaN,-0.1158,0.28678999999999999,Inf,NaN,NaN,NaN
274.69173999999998,-0.00877,NaN,-0.0089499999999999996,0.41754000000000002,NaN,NaN,0.90308999999999995,0.45974999999999999
274.95902999999998,NaN,0.14216999999999999,-0.03218,0.31439,NaN,0.16184999999999999,NaN,0.11887
275.22631000000001,-0.16273000000000001,-0.73799000000000003,NaN,0.031600000000000003,0.20091999999999999,0.66900999999999999,NaN,0.16879
275.49356999999998,-0.1181,-0.30412,-0.46798000000000001,0.25963999999999998,-0.16208,0.50385999999999997,0.89209000000000005,-0.090179999999999996
275.76083,-0.49292000000000002,0.072179999999999994,NaN,NaN,0.12867000000000001,0.33578999999999998,NaN,0.011900000000000001
276.02809000000002,0,-0.0998,NaN,-0.28255000000000002,0.50266999999999995,0.30103000000000002,NaN,0.22184999999999999
276.29532999999998,0.062789999999999999,0.42220999999999997,0.45426,0.31627,0.20412,0.68123999999999996,0.070580000000000004,0.017729999999999999
276.56256999999999,0.55284,NaN,0.30103000000000002,0.18906000000000001,0.33244000000000001,NaN,0,-0.062149999999999997
276.82979999999998,-0.40456999999999999,NaN,-0.11394,NaN,0.48770999999999998,NaN,1.59107,NaN
277.09701999999999,0.17049,-0.074819999999999998,0.19425999999999999,0.28631000000000001,0.15064,0.32735999999999998,0.38917000000000002,-0.57138999999999995
277.36423000000002,0.56427000000000005,0.019519999999999999,0.17979000000000001,0.040120000000000003,0.81766000000000005,0.096909999999999996,-0.05552,-0.36797999999999997
277.63144,-0.069639999999999994,0.026870000000000002,-0.038920000000000003,-0.020199999999999999,0.63346999999999998,0.43669000000000002,NaN,0.24778
277.89864,-0.05203,NaN,0.25963999999999998,-0.14760000000000001,NaN,-0.10914,-0.27416000000000001,0.66276000000000002
278.16583000000003,-0.42842999999999998,NaN,0.43669000000000002,-0.072550000000000003,NaN,NaN,0.50060000000000004,0.18966
278.43301000000002,-0.54407000000000005,0.71599999999999997,0.085919999999999996,0.13211999999999999,NaN,0.048849999999999998,-0.32967999999999997,0.13128000000000001
278.70017999999999,-0.38020999999999999,0.23563999999999999,0.060699999999999997,0.20091999999999999,NaN,0.05552,0.49732999999999999,NaN
278.96735000000001,-0.27983999999999998,-0.022089999999999999,0.028029999999999999,NaN,NaN,-0.23044999999999999,0.71448,NaN
279.23450000000003,-0.59106000000000003,NaN,NaN,0.46376000000000001,-0.30103000000000002,NaN,-0.059999999999999998,0.35750999999999999
279.50164999999998,-0.10914,0.62226000000000004,-0.25180999999999998,-0.081670000000000006,-0.34242,-0.036979999999999999,-0.064460000000000003,NaN
279.7688,-0.30103000000000002,0.34678999999999999,-0.26717000000000002,-0.27983999999999998,0,-0.020199999999999999,-0.22184999999999999,0.60206000000000004
280.03593000000001,-1.43136,0.17308999999999999,0.15726000000000001,-0.14133000000000001,-0.39794000000000002,-0.15490000000000001,-0.64344999999999997,0.69896999999999998
280.30306000000002,-0.23194999999999999,0.2235,1.1949799999999999,NaN,0.12057,0.084320000000000006,0.13936999999999999,0.16481000000000001
280.57017000000002,-0.17609,0.96013000000000004,-0.085010000000000002,NaN,-0.10409,0.13588,0.05799,-0.14266999999999999
280.83728000000002,NaN,0.090920000000000001,0.14613000000000001,0.072550000000000003,-0.040430000000000001,0.38322000000000001,0.79588000000000003,-0.44996999999999998
281.10439000000002,-0.39378000000000002,-0.66612000000000005,Inf,0.0424,-0.21484,0.25828000000000001,0.082189999999999999,0
281.37148000000002,-0.056120000000000003,-0.015509999999999999,-0.12934999999999999,0.096909999999999996,0.052179999999999997,0.33817000000000003,NaN,NaN
281.63857000000002,NaN,0.025899999999999999,0.066949999999999996,0.069639999999999994,-0.02945,NaN,NaN,-0.46982000000000002
281.90564000000001,-0.20412,-0.51188,0.23608999999999999,-0.65320999999999996,0.53147999999999995,0.74036000000000002,-0.13830000000000001,0.085010000000000002
282.17271,-0.66510999999999998,0.14721999999999999,0,NaN,0.01703,NaN,NaN,0.46239999999999998
282.43977999999998,NaN,0.67264000000000002,-0.075719999999999996,0.37239,0.40654000000000001,-0.17609,0.043029999999999999,Inf
282.70683000000002,-0.34054000000000001,-0.060699999999999997,0.33206000000000002,0.26884999999999998,0.20676,NaN,0.05799,NaN
282.97388000000001,0.30103000000000002,0.18317,0.092749999999999999,-0.37358000000000002,-0.10745,0.17236000000000001,0.15261,-0.62839
283.24090999999999,-0.32222000000000001,1.9030899999999999,NaN,-0.07918,0.19497999999999999,0.066949999999999996,0.12257,-0.74036000000000002
283.50794999999999,NaN,NaN,-1.3424199999999999,-0.1963,0.16481000000000001,0.023060000000000001,0.024129999999999999,Inf
283.77497,-0.68798000000000004,NaN,0.13566,0.05271,0.84509999999999996,0.01848,NaN,0.69896999999999998
284.04198000000002,NaN,-0.48226000000000002,0.051150000000000001,NaN,NaN,NaN,-0.45079000000000002,-0.051150000000000001
284.30898999999999,-0.44369999999999998,-0.060699999999999997,-0.44235999999999998,-0.21085000000000001,0.16273000000000001,0.070040000000000005,NaN,-0.36797999999999997
284.57598999999999,NaN,0.24115,0.28172999999999998,0.02068,0.33578999999999998,0.20412,1.43136,-0.24073
284.84298000000001,NaN,-0.039059999999999997,0.67139000000000004,-0.01448,0.15761,0.088940000000000005,0.26482,-0.98528000000000004
285.10996,-0.64344999999999997,-0.012840000000000001,NaN,0.047,-0.03218,0.18953999999999999,0.036209999999999999,NaN
285.37693999999999,-0.18021000000000001,-0.098839999999999997,0.69896999999999998,0.13988,-0.14018,NaN,0.45691999999999999,-0.10809000000000001
285.64389999999997,-0.11269999999999999,-0.22634000000000001,-0.22184999999999999,0.14341999999999999,0.47711999999999999,NaN,NaN,0.01336
285.91086000000001,0.05799,NaN,0.16914000000000001,0.36797999999999997,0.42276000000000002,1.5440700000000001,0.53510999999999997,0.10199
286.17781000000002,-0.85387000000000002,-0.30535000000000001,0.25963999999999998,0.36797999999999997,0.040430000000000001,0.24304000000000001,0.15970000000000001,NaN
286.44475,-0.40937000000000001,NaN,0.2833,0.21884000000000001,0.33723999999999998,-0.056120000000000003,-0.50815999999999995,0.14613000000000001
286.71168999999998,-0.11697,-0.048439999999999997,0.48192000000000002,0.88929999999999998,1.1356599999999999,0.30103000000000002,NaN,-0.082189999999999999
286.97861999999998,-0.58357999999999999,0.14964,0.27206999999999998,0.05552,0.22184999999999999,0.14613000000000001,NaN,0.51953000000000005
287.24554000000001,NaN,0.01025,0.30103000000000002,0.10914,-0.13622000000000001,1.1760900000000001,-0.28255000000000002,-0.33099000000000001
287.51245,-0.12103999999999999,0.077020000000000005,0.11496000000000001,0.017729999999999999,0.43136000000000002,0.70852000000000004,NaN,NaN
287.77935000000002,-0.18184,NaN,0.25963999999999998,0.01472,-0.88080999999999998,0.31681999999999999,0.38185000000000002,0.087150000000000005
288.04624000000001,1.0669500000000001,NaN,0.26151999999999997,-0.33099000000000001,-0.12867000000000001,0.53624000000000005,0.26884999999999998,-0.54881000000000002
288.31313,1.6232500000000001,0.13153000000000001,0.57403000000000004,1.1461300000000001,0.068879999999999997,NaN,0.33099000000000001,NaN
288.58001000000002,0.77815000000000001,0.29243000000000002,0.50060000000000004,0.49485000000000001,0.096909999999999996,-0.023480000000000001,-0.23194999999999999,0.084320000000000006
288.84688,-0.21560000000000001,NaN,NaN,0.60206000000000004,NaN,0.32906000000000002,-0.84509999999999996,-0.36318
289.11374000000001,-0.25683,0.21637999999999999,0.10037,NaN,NaN,0.32735999999999998,0.33321000000000001,0.01259
289.38060000000002,-0.14976,0.15948999999999999,0.11197,NaN,0.19805,0.062149999999999997,0.73468999999999995,NaN
289.64744999999999,-0.11394,0.32379000000000002,0.085430000000000006,NaN,0.36318,0.2888,0.23608999999999999,0.50514999999999999
289.91428999999999,NaN,-0.12711,-0.056320000000000002,0.26682,0.066949999999999996,0.18767,1.39794,0.76592000000000005
290.18112000000002,-0.40654000000000001,-0.090289999999999995,0.12494,-0.19189000000000001,0.56427000000000005,0.07918,0.45593,0.95423999999999998
290.44794000000002,-0.40748000000000001,0.016039999999999999,0.23679,0.49732999999999999,NaN,0.42935000000000001,1.6434500000000001,NaN
290.71476000000001,-0.33578999999999998,0.28122000000000003,0.18339,-0.16273000000000001,NaN,NaN,1.05436,0.30103000000000002
290.98156,-0.20827999999999999,-0.38489000000000001,-0.11651,-0.56730000000000003,0.11919,NaN,0.309,NaN
291.24835999999999,-0.38996999999999998,-0.70243,NaN,-0.073230000000000003,NaN,-0.21848999999999999,1.2218500000000001,-0.63682000000000005
291.51515000000001,NaN,0.28709000000000001,NaN,0.11919,NaN,-0.66900999999999999,0.14893999999999999,-0.64880000000000004
291.78194000000002,0.031600000000000003,0.30103000000000002,NaN,0.10473,0.45426,0.10721,-0.27300000000000002,-0.17609
292.04871000000003,-0.56427000000000005,0.57299,0.90308999999999995,0.21260999999999999,0.18966,0.60206000000000004,-0.56427000000000005,-0.083779999999999993
292.31547999999998,0.044200000000000003,NaN,0.27035999999999999,0.32999000000000001,-0.038920000000000003,0.10266,0.77815000000000001,NaN
292.58224000000001,0.2492,NaN,0.32368999999999998,0.61277999999999999,-0.32451000000000002,0.1158,0.16914000000000001,NaN
292.84899000000001,-0.14341999999999999,0.13786999999999999,0.36514999999999997,0.73238999999999999,1.1461300000000001,NaN,-0.14133000000000001,-0.073789999999999994
293.11572999999999,-0.88080999999999998,0.27490999999999999,0.040430000000000001,NaN,Inf,1.1139399999999999,0.28255000000000002,0.29104999999999998
293.38247000000001,NaN,0.17673,0.45079000000000002,-0.044200000000000003,0.25527,NaN,NaN,0.075719999999999996
293.64920000000001,1.07918,-0.13491,-0.25527,-0.80162999999999995,0.012970000000000001,NaN,NaN,0.58121
293.91591,NaN,-1.23742,-0.15490000000000001,-0.082970000000000002,-0.11021,0.44235999999999998,Inf,-0.18564
294.18263000000002,NaN,0.0083800000000000003,-0.13077,0.36797999999999997,0.23735999999999999,-0.092310000000000003,-0.53147999999999995,0.34933999999999998
294.44932999999997,NaN,NaN,-0.087150000000000005,-0.40748000000000001,0.064460000000000003,0.15970000000000001,NaN,0.30103000000000002
294.71602000000001,NaN,-0.074630000000000002,0.50815999999999995,0.096909999999999996,NaN,0.31101000000000001,0.34449999999999997,0.19781000000000001
294.98271,-0.37741999999999998,-0.0025500000000000002,0.090179999999999996,-0.49136000000000002,0.1963,1.32222,NaN,0.24304000000000001
295.24939000000001,-1.4623999999999999,-0.55023,1.3010299999999999,0.1123,0.20576,NaN,-1.2552700000000001,-0.60206000000000004
295.51605999999998,-0.36797999999999997,0.96780999999999995,0.038629999999999998,0.073429999999999995,0.32451000000000002,NaN,0.67923,NaN
295.78273000000002,-0.11197,0.25683,0.24304000000000001,0.15126999999999999,NaN,-0.07918,0.2059,0.32033
296.04937999999999,-0.57403000000000004,-0.81954000000000005,0.38020999999999999,NaN,NaN,0.096909999999999996,-0.01489,-0.24304000000000001
296.31603000000001,1.3802099999999999,0.079689999999999997,0.74036000000000002,0.31875999999999999,-0.25963999999999998,0.19522999999999999,0.32818000000000003,0.39794000000000002
296.58267000000001,NaN,0.24471000000000001,NaN,0.24551000000000001,0.11394,-0.19033,0.20888000000000001,0.12803
296.84930000000003,-0.19381999999999999,0.062149999999999997,0.83814999999999995,0.90308999999999995,NaN,0.029960000000000001,0.49485000000000001,0.05799
297.11592000000002,NaN,-0.44456000000000001,0.085430000000000006,0.34242,0.10145999999999999,0.51490999999999998,NaN,0.10914
297.38254000000001,0.83250999999999997,-0.24673999999999999,-0.35902000000000001,0.21387999999999999,0.19339999999999999,0.18326999999999999,0.10580000000000001,NaN
297.64913999999999,NaN,0.063280000000000003,NaN,0.63346999999999998,0.37161,0.35217999999999999,NaN,NaN
297.91575,0.80162999999999995,0.10145999999999999,-1.51851,NaN,0.25963999999999998,0.62324999999999997,NaN,NaN
298.18234000000001,0.07918,0.32429999999999998,0.14133000000000001,0.85070000000000001,0.10763,-0.1181,0.25527,0.30103000000000002
298.44891999999999,-0.66900999999999999,NaN,0,0.53037000000000001,0.38020999999999999,NaN,NaN,0.24987999999999999
298.71548999999999,-1.4149700000000001,NaN,-0.23044999999999999,0.52288000000000001,0.19062000000000001,-0.07918,NaN,-0.16694999999999999
298.98205999999999,-0.39334000000000002,NaN,0.16331999999999999,0.12494,-0.24304000000000001,NaN,0.04922,-0.090179999999999996
299.24862000000002,-0.27875,0.25844,0.50060000000000004,0.72202999999999995,-0.21484,NaN,-0.04922,-0.059310000000000002
299.51517000000001,-0.15209,-0.098589999999999997,0.15039,1.53148,-0.18631,-0.20780999999999999,0.01086,-0.19836999999999999
299.78172000000001,-0.12494,NaN,0,-0.55091000000000001,-0.24551000000000001,NaN,0.27035999999999999,Inf
300.04825,0.059999999999999998,-0.042709999999999998,-0.20926,-0.79835999999999996,NaN,-0.18451999999999999,0.27621000000000001,-0.10067
300.31477999999998,-0.02555,0.13830000000000001,NaN,-0.33578999999999998,NaN,NaN,1.02119,0.25527
300.5813,NaN,-0.44456000000000001,0.15970000000000001,-0.096909999999999996,0.36318,NaN,0.37161,0.20926
300.84780999999998,NaN,NaN,NaN,NaN,0.27875,0.01336,0.77815000000000001,NaN
301.11430999999999,-0.03218,0.20710999999999999,0.97004000000000001,0.64097999999999999,0.84509999999999996,0.20211000000000001,0.11887,NaN
301.38081,0.25527,-0.10868999999999999,-0.46239999999999998,0.99123000000000006,0.79588000000000003,-0.19189000000000001,0.23735999999999999,0.17255000000000001
301.64729,0.0097599999999999996,0.16431000000000001,0.51029000000000002,0.27035999999999999,0.33099000000000001,-0.18906000000000001,NaN,0.31292999999999999
301.91377,0.13905000000000001,0.024969999999999999,0.33723999999999998,0.21806,0.082189999999999999,0.46072999999999997,-0.60206000000000004,0.35217999999999999
302.18025,-0.35902000000000001,0.10914,0.42387999999999998,0.16749,0.29419000000000001,0.04922,-0.034759999999999999,0.036209999999999999
302.44671,NaN,-0.070040000000000005,NaN,0.13128000000000001,0.18709000000000001,0.074630000000000002,0.30103000000000002,0.13128000000000001
302.71316000000002,NaN,-0.50785999999999998,-0.75966999999999996,0.26151999999999997,0.2747,0.28017999999999998,0.30103000000000002,-0.18564
302.97960999999998,-0.05271,0.13077,0.023480000000000001,0.12803,0.26416000000000001,NaN,NaN,NaN
303.24605000000003,-0.11115,NaN,0.31036999999999998,0.92298999999999998,0.54881000000000002,0.95423999999999998,NaN,0.090179999999999996
303.51247999999998,-1.0253099999999999,0.077859999999999999,0.40028000000000002,0.30103000000000002,1.50515,NaN,NaN,1.47712
303.77890000000002,NaN,0.89278999999999997,0.35902000000000001,0.18074000000000001,0.01072,0.23408000000000001,0.67342000000000002,0.65320999999999996
304.04532,-0.40576000000000001,-0.46687000000000001,0.22985,0.14449000000000001,0.50266999999999995,-0.29226000000000002,0.30103000000000002,Inf
304.31173000000001,-0.46072999999999997,-0.093740000000000004,0.53927000000000003,-0.060699999999999997,0.40748000000000001,NaN,NaN,0.027150000000000001
304.57812999999999,-0.79835999999999996,NaN,0.72016000000000002,-0.014239999999999999,0.13588,NaN,0.34678999999999999,-0.12963
304.84451999999999,NaN,NaN,0.17609,NaN,0.62839,NaN,-0.28255000000000002,0.05799
305.11090000000002,NaN,0.014959999999999999,0.29582999999999998,NaN,-0.52288000000000001,NaN,-0.27388000000000001,0.13622000000000001
305.37727000000001,-0.51490999999999998,NaN,0.55764000000000002,0.1714,NaN,0.28944999999999999,0.38535000000000003,NaN
305.64364,-0.50060000000000004,NaN,-0.082530000000000006,1.3010299999999999,NaN,NaN,0.55930999999999997,NaN
305.91000000000003,-0.43365999999999999,0.23657,0.53298000000000001,0.38322000000000001,0.40748000000000001,1.1139399999999999,0.13263,1.04139
306.17635000000001,NaN,0.40090999999999999,0.64193,0.17255000000000001,NaN,0.41497000000000001,-0.53147999999999995,-0.14266999999999999
306.44269000000003,NaN,0.27825,0,0.050310000000000001,NaN,NaN,0.12494,-0.00877
306.70902999999998,-0.33882000000000001,0.16441,0.02154,-0.27300000000000002,-0.00843,NaN,1.2710699999999999,-0.90308999999999995
306.97534999999999,-0.21484,0.088450000000000001,0.61395999999999995,NaN,0.23691000000000001,0.97772000000000003,0.65320999999999996,0.33578999999999998
307.24167,-0.31175000000000003,-0.39910000000000001,0.45782,-0.13469999999999999,-0.04922,NaN,0.15039,0.34242
307.50797999999998,-0.095130000000000006,-0.45006000000000002,0.20211000000000001,NaN,0.46072999999999997,NaN,NaN,0.21387999999999999
307.77429000000001,-0.065930000000000002,NaN,0.14308999999999999,NaN,0.082669999999999993,NaN,NaN,-0.41217999999999999
308.04057999999998,0.019300000000000001,0.54486999999999997,0.71599999999999997,0.34522999999999998,0.12124,NaN,0.63202000000000003,-0.066949999999999996
308.30687,-0.12173,NaN,-0.11738999999999999,0.16273000000000001,0.46943000000000001,0.23679,0.88929999999999998,0.14391000000000001
308.57315,0.30103000000000002,0.77468999999999999,-0.02068,-0.054359999999999999,NaN,-0.0069499999999999996,-0.036979999999999999,0.41016999999999998
308.83942000000002,0.26627000000000001,NaN,-0.038460000000000001,0.046580000000000003,NaN,NaN,-0.088940000000000005,0.51490999999999998
309.10568000000001,NaN,0.17960999999999999,0.062789999999999999,0.11496000000000001,-0.39794000000000002,0.40576000000000001,1.0607,0.89209000000000005
309.37193000000002,-0.01223,0.073279999999999998,0.22184999999999999,-0.10721,0.35750999999999999,0.15679000000000001,0.26530999999999999,NaN
309.63817999999998,-0.10914,0.41016999999999998,-0.049970000000000001,-0.15806999999999999,NaN,0.098919999999999994,-0.16386000000000001,0.14341999999999999
309.90442000000002,-0.22967000000000001,-0.39967000000000003,-0.23576,-0.24304000000000001,0.39794000000000002,0.095479999999999995,NaN,1.3802099999999999
310.17065000000002,-0.28083000000000002,0.57762000000000002,0.099390000000000006,0.2888,0.84509999999999996,1.06446,0.27106999999999998,NaN
310.43687,0.088940000000000005,-0.039980000000000002,0.15209,0.17609,-0.39794000000000002,0.12103999999999999,0.10473,NaN
310.70308999999997,-0.65642,0.089120000000000005,0.37010999999999999,0.58357999999999999,0.52951000000000004,0.32123000000000002,0.44369999999999998,-0.25527
310.96929,-0.56427000000000005,0.21335999999999999,0.49009000000000003,0.36797999999999997,0.31806000000000001,0.46851999999999999,-0.01472,0.19957
311.23549000000003,-0.53712000000000004,0.34969,-0.10067,-0.60206000000000004,-0.11394,0.063670000000000004,NaN,0.18906000000000001
311.50168000000002,-0.43196000000000001,-0.21998000000000001,NaN,-0.61729999999999996,-0.27035999999999999,0.21848999999999999,NaN,0.26785999999999999
311.76785999999998,-0.28143000000000001,0.050889999999999998,-0.17609,0,-0.059769999999999997,0.05203,0.10012,0.77815000000000001
312.03404,0.085919999999999996,0.19520000000000001,0.11115,NaN,NaN,0.27949000000000002,NaN,-0.10580000000000001
312.30020000000002,0.18906000000000001,-0.070580000000000004,0.24304000000000001,NaN,NaN,0.19522999999999999,NaN,-0.12494
312.56635999999997,-0.13658000000000001,-0.011900000000000001,-0.080820000000000003,NaN,NaN,0.18074000000000001,0.22724,NaN
312.83251000000001,0.15761,-1.4199600000000001,0.033419999999999998,0.28631000000000001,0.03218,NaN,-0.075719999999999996,0.29397000000000001
313.09865000000002,-0.63202000000000003,-0.13608999999999999,-0.17107,0.79588000000000003,0.43573000000000001,0.63009000000000004,-0.25963999999999998,-0.16749
313.36479000000003,0,0.15801000000000001,-0.14018,0.24667,0.43933,0.49830999999999998,0.38535000000000003,-0.20760999999999999
313.63090999999997,0.084320000000000006,-0.080820000000000003,-0.45863999999999999,0.47711999999999999,-0.90308999999999995,0.25756000000000001,0.18142,0.046460000000000001
313.89702999999997,-0.95423999999999998,0.23099,-0.20713000000000001,0.54966999999999999,-0.01472,0.33321000000000001,-0.82930000000000004,-0.082530000000000006
314.16314,NaN,-0.14704,NaN,-0.47711999999999999,0.037789999999999997,0.37863999999999998,-0.039510000000000003,NaN
314.42923999999999,NaN,-0.14005000000000001,0.25756000000000001,0.77815000000000001,0.47711999999999999,0.18631,0.28631000000000001,0.59208000000000005
314.69533000000001,NaN,0.19409999999999999,NaN,-0.026329999999999999,-0.040120000000000003,0.63346999999999998,-0.074630000000000002,0.45691999999999999
314.96141999999998,-0.33445000000000003,0.48300999999999999,NaN,-0.0074200000000000004,0.089399999999999993,0.30103000000000002,NaN,-0.82699999999999996
315.22750000000002,-0.12494,0.17638000000000001,0.05552,0.064939999999999998,0.26884999999999998,0.029960000000000001,0.26090999999999998,-0.31526999999999999
315.49356999999998,NaN,-0.12701000000000001,0.06166,-0.21085000000000001,0.74819000000000002,NaN,0.066949999999999996,NaN
315.75963000000002,0.020199999999999999,NaN,-0.35902000000000001,-0.13189000000000001,1.24716,0.39378000000000002,0.092310000000000003,-0.60206000000000004
316.02568000000002,-0.97772000000000003,0.12775,-0.34522999999999998,-0.02929,0.22967000000000001,0.044200000000000003,0,0.30103000000000002
316.29172,0.04743,-0.0097599999999999996,0.69896999999999998,0.29188999999999998,0.18234,1.2430399999999999,0.18451999999999999,-0.11919
316.55775999999997,-0.090179999999999996,0.43012,0.10353999999999999,0.45593,0.47711999999999999,0.30103000000000002,0.0079699999999999997,-0.30103000000000002
316.82378999999997,0.20760999999999999,0.15936,0.51490999999999998,NaN,NaN,0.13622000000000001,0.13966000000000001,-0.10645
317.08981,0.49485000000000001,-0.12784999999999999,0.44716,-0.39794000000000002,0.16273000000000001,NaN,NaN,0.26451000000000002
317.35581999999999,NaN,0.088480000000000003,0.53415999999999997,NaN,0.46583999999999998,0.44716,NaN,-0.12142
317.62182999999999,-0.32330999999999999,0.34825,0.32846999999999998,0.56988000000000005,1.0061599999999999,-0.30103000000000002,NaN,NaN
317.88783000000001,0.012970000000000001,0.17881,0.35902000000000001,-0.32539000000000001,0.27728999999999998,0.67669000000000001,NaN,NaN
318.15382,-0.27522000000000002,-0.36454999999999999,0.14613000000000001,0.18207999999999999,0.015509999999999999,0.25272,NaN,-0.034759999999999999
318.41980000000001,-0.18162,0.32123000000000002,0.28806999999999999,-0.16137000000000001,0.02945,0.28443000000000002,NaN,0.52827000000000002
318.68576999999999,-0.22985,NaN,0.10390000000000001,0.46161000000000002,0.098610000000000003,NaN,0.30103000000000002,-0.07918
318.95173,-0.37501000000000001,0.00181,0.32735999999999998,0.24698000000000001,0.070580000000000004,0.20888000000000001,0.50707999999999998,NaN
319.21769,-0.39794000000000002,NaN,0.97004000000000001,0.75333000000000006,NaN,-0.11304,0.25234000000000001,0.36797999999999997
319.48363999999998,-0.039510000000000003,0.20164000000000001,0.01848,0.089730000000000004,NaN,0.20713000000000001,NaN,-0.11539000000000001
319.74957999999998,-0.14713000000000001,-0.47227000000000002,NaN,0.073020000000000002,0.30103000000000002,NaN,0.69896999999999998,0.34583999999999998
320.01551000000001,-0.0093399999999999993,-0.32222000000000001,-0.051150000000000001,-0.092149999999999996,0.10551000000000001,0.38020999999999999,0.50707999999999998,-0.48466999999999999
320.28143,0.019740000000000001,-0.071110000000000007,0.31526999999999999,-0.04743,-0.11269999999999999,0.12494,0.64509000000000005,-0.084820000000000007
320.54734999999999,NaN,-0.081589999999999996,0.11514000000000001,-0.075719999999999996,0.30103000000000002,-0.19081999999999999,NaN,0.42597000000000002
320.81326000000001,-1.1356599999999999,-0.42015999999999998,0.022280000000000001,-0.12803,0.38917000000000002,0.094270000000000007,0.037789999999999997,0.10353999999999999
321.07916,-0.65320999999999996,-0.11443,0.42935000000000001,0.040620000000000003,-0.54407000000000005,0.81291000000000002,NaN,0.45738000000000001
321.34505000000001,-0.32906000000000002,0.072550000000000003,0.34406999999999999,0.31230999999999998,NaN,0.34377999999999997,NaN,NaN
321.61093,-0.20676,0.37636999999999998,0.80618000000000001,0.085430000000000006,1.47712,-0.12494,-0.10914,NaN
321.87680999999998,0.14496000000000001,-1.36361,NaN,0.12740000000000001,NaN,0.42935000000000001,0.71120000000000005,0.020199999999999999
322.14267999999998,-0.0089499999999999996,-0.32074000000000003,0.20888000000000001,0.22639999999999999,0.16749,0.61395999999999995,Inf,-0.051150000000000001
322.40854000000002,-0.30103000000000002,0.34871999999999997,0.28399999999999997,0.60206000000000004,0.15209,NaN,-0.25272,0.55428999999999995
322.67439000000002,-0.096909999999999996,0.04691,0.31875999999999999,0.14266999999999999,NaN,-0.32735999999999998,0.29003000000000001,NaN
322.94022999999999,-0.14341999999999999,0.01142,0.066949999999999996,-0.059999999999999998,-0.17609,0.22903000000000001,NaN,NaN
323.20607000000001,-0.20576,0.34054000000000001,0.29320000000000002,-0.01498,0.15126999999999999,0.64344999999999997,0.35715000000000002,-0.11919
323.47190000000001,-0.11496000000000001,-0.29874000000000001,0.034759999999999999,-0.044810000000000003,-0.42597000000000002,NaN,0.46666000000000002,-0.22184999999999999
323.73770999999999,-0.24832000000000001,0.60809000000000002,-0.21848999999999999,0.0081200000000000005,-0.85531999999999997,-0.11070000000000001,0.096909999999999996,0.066949999999999996
324.00353000000001,-0.16633000000000001,NaN,0.056480000000000002,0.14133000000000001,0.30103000000000002,0.38020999999999999,0.52827000000000002,NaN
324.26933000000002,0.21387999999999999,NaN,NaN,0.44369999999999998,0,-0.069080000000000003,0.69896999999999998,0.55815000000000003
324.53512000000001,NaN,0.20233000000000001,0.11197,-0.15712000000000001,NaN,0,0.089399999999999993,0.90308999999999995
324.80090999999999,0.083779999999999993,0.080979999999999996,-0.07639,-0.16273000000000001,0,0.17168,0.49732999999999999,0.60206000000000004
325.06668999999999,-0.071360000000000007,0.33126,0.29527999999999999,0.14082,0.61541999999999997,-0.40456999999999999,0.47210000000000002,0.044200000000000003
325.33246000000003,0.14133000000000001,0.47058,0.37446000000000002,0.15856999999999999,0.19539999999999999,0.17943999999999999,NaN,-0.39378000000000002
325.59822000000003,-0.15064,-0.10928,0.051150000000000001,0.042750000000000003,0.25527,NaN,-0.016389999999999998,0.18833
325.86398000000003,NaN,-0.00148,0,-0.34988000000000002,-0.056120000000000003,0.02172,0.69896999999999998,0.039510000000000003
326.12972000000002,-0.38233,0.057290000000000001,0.17168,0.26188,0.069330000000000003,-0.18451999999999999,0.70513000000000003,NaN
326.39546000000001,-0.24304000000000001,0.16303999999999999,-0.16273000000000001,0.081030000000000005,0.26884999999999998,NaN,0.34583999999999998,NaN
326.66118999999998,0.89209000000000005,NaN,-0.045760000000000002,NaN,-0.038920000000000003,0.30103000000000002,0.024819999999999998,0.20827999999999999
326.92691000000002,Inf,NaN,0.24304000000000001,0.14842,0.25828000000000001,-0.02581,0.04743,-0.10473
327.19263000000001,NaN,-0.40011000000000002,-0.25527,0.20412,NaN,0.10199,0.080519999999999994,0.038920000000000003
327.45832999999999,-0.81954000000000005,-0.045010000000000001,0.15490000000000001,0.13128000000000001,NaN,0.10914,0.21973000000000001,-0.034759999999999999
327.72403000000003,-0.24073,0.07009,0.071360000000000007,0.10473,0.35538999999999998,0.22184999999999999,NaN,0.043470000000000002
327.98971999999998,-0.52827000000000002,0.02886,-0.14806,-0.0075500000000000003,-0.50060000000000004,NaN,0.17609,0.16481000000000001
328.25540000000001,-0.039510000000000003,-0.67498000000000002,0.23139000000000001,0.15712000000000001,1.57978,-0.041390000000000003,-0.031029999999999999,0.68798000000000004
328.52107999999998,-0.15323000000000001,-0.2014,1.1249400000000001,0.75333000000000006,NaN,-0.090179999999999996,0.10067,-0.26884999999999998
328.78674000000001,NaN,0.31146000000000001,0.69896999999999998,NaN,1.14093,-0.25963999999999998,0.27226,-0.11162999999999999
329.05239999999998,-0.49732999999999999,0.40339999999999998,0.88929999999999998,0.39571000000000001,0.31292999999999999,0.24987999999999999,0.309,0.07918
329.31805000000003,-0.24073,0.1285,-0.12494,0.1963,0.50707999999999998,0.37565999999999999,0.76592000000000005,-0.44369999999999998
329.58368999999999,-0.40576000000000001,0.44883000000000001,0.28083000000000002,NaN,0.14188000000000001,NaN,0.15654000000000001,0.096909999999999996
329.84931999999998,-0.043470000000000002,0.25606000000000001,0.27796999999999999,0.82930000000000004,0.25325999999999999,0.60206000000000004,0.34749000000000002,0.39794000000000002
330.11495000000002,0.66005000000000003,0.30499999999999999,0.41857,-0.24778,NaN,0.28083000000000002,NaN,0.46072999999999997
330.38056,-0.25272,0.04308,NaN,0.18104999999999999,NaN,0.21260999999999999,NaN,NaN
330.64616999999998,-0.28143000000000001,0.17765,0.088940000000000005,0.17609,-0.043470000000000002,0.23230999999999999,NaN,NaN
330.91176999999999,NaN,NaN,NaN,0.24171999999999999,0.35654999999999998,NaN,0.07918,0.15970000000000001
331.17737,-0.44716,0.21379999999999999,0.37741999999999998,-0.17107,0.16879,NaN,-0.13830000000000001,Inf
331.44295,-0.041390000000000003,0.28705999999999998,0.66900999999999999,NaN,0.057140000000000003,0.27875,0.27522000000000002,0.32999000000000001
331.70853,NaN,-0.38917000000000002,0.24073,NaN,0.023910000000000001,0.23194999999999999,Inf,-0.20241999999999999
331.97408999999999,-0.35902000000000001,-0.071749999999999994,-0.18406,0.84509999999999996,-0.15126999999999999,NaN,1.05691,0.12142
332.23966000000001,NaN,0.17755000000000001,-0.062149999999999997,0.088940000000000005,NaN,-0.60206000000000004,NaN,NaN
332.50520999999998,-0.37239,0.29508000000000001,0.68425000000000002,-0.34777000000000002,0.35715000000000002,-0.064460000000000003,-0.65320999999999996,0.16084999999999999
332.77075000000002,0.47711999999999999,-0.037019999999999997,0.24864,-0.45939000000000002,0.39794000000000002,0.10914,0.25883,-0.15126999999999999
333.03629000000001,-0.88929999999999998,0.39704,0.13539999999999999,-0.28083000000000002,0.29496,0.20827999999999999,0.31292999999999999,0.79239000000000004
333.30180999999999,NaN,NaN,0.31362000000000001,Inf,0.34406999999999999,0.28083000000000002,0.25134000000000001,0.55630000000000002
333.56733000000003,-0.77815000000000001,1.1691400000000001,0,0.49009000000000003,0.15679000000000001,0.13622000000000001,0.3599,0.27875
333.83285000000001,-0.68798000000000004,-0.21418000000000001,0.07918,0.36797999999999997,NaN,0.15892000000000001,NaN,0.43761
334.09834999999998,-0.17609,-0.071879999999999999,0.27796999999999999,0.24598,-0.036209999999999999,NaN,NaN,-0.13263
334.36383999999998,0.84509999999999996,-0.10144,0.71448,0.42159999999999997,0.12057,0.18406,0.76839000000000002,0.20412
334.62932999999998,0.31951000000000002,NaN,0.77815000000000001,0.33578999999999998,0.60206000000000004,0.40301999999999999,0.090179999999999996,0.53147999999999995
334.89481000000001,0.26682,0.11178,0.26884999999999998,0.33445000000000003,NaN,NaN,0.05799,0.16891
335.16028,0.05799,0.26339000000000001,0.26884999999999998,0.12257,0.17609,NaN,0.095479999999999995,0.42597000000000002
335.42574000000002,-0.35538999999999998,0.23316999999999999,0.14018,-0.16364999999999999,0.31681999999999999,0.21748000000000001,0.12494,NaN
335.69119999999998,-0.069080000000000003,NaN,-0.04718,0.02929,NaN,0.25106000000000001,0.10390000000000001,-0.56427000000000005
335.95663999999999,1.3802099999999999,0.063539999999999999,0.1714,0.49732999999999999,0.51802999999999999,NaN,0.03049,0.02068
336.22208000000001,-0.51953000000000005,0.052909999999999999,0.18123,0.16536999999999999,0.50658000000000003,0.10473,-0.077170000000000002,0.021989999999999999
336.48750999999999,-0.33723999999999998,-1.4878499999999999,0.4017,0.29582999999999998,0.33694000000000002,0.32657999999999998,NaN,0.098290000000000002
336.75292999999999,-0.24073,0.21906999999999999,-0.02581,Inf,NaN,0.35008,Inf,NaN
337.01835,-0.10689,0.19269,0.084320000000000006,0.66276000000000002,0.15357999999999999,0.46188000000000001,NaN,0.082970000000000002
337.28375,NaN,-0.065820000000000004,-0.26530999999999999,0.36318,0.35471999999999998,-1.32222,-0.63202000000000003,0.27548
337.54915,NaN,0.2152,0,0.19957,NaN,0.088639999999999997,0.53712000000000004,NaN
337.81454000000002,-0.060699999999999997,0.033450000000000001,0.46376000000000001,0.16633000000000001,0.94728999999999997,1.59107,0.64509000000000005,0.69313999999999998
338.07992000000002,0.088139999999999996,0.35853000000000002,0.67669000000000001,0.14613000000000001,0.39794000000000002,0.32092999999999999,0.70757000000000003,NaN
338.34530000000001,0.034759999999999999,-0.11007,NaN,0.20605000000000001,0.18906000000000001,0.52148000000000005,0.1963,0.37036000000000002
338.61066,0.037789999999999997,0.25252000000000002,0.11723,0.15970000000000001,0.21484,0.33489000000000002,-0.10037,0.54881000000000002
338.87601999999998,-0.045760000000000002,-0.28050999999999998,0.26416000000000001,NaN,0.19033,-0.040750000000000001,0.17609,0.34449999999999997
339.14136999999999,-0.92081999999999997,-0.24612999999999999,-0.20888000000000001,-0.21748000000000001,0.64344999999999997,-0.12257,0.63202000000000003,0.036209999999999999
339.40670999999998,-0.19805,0.057669999999999999,0.16166,0.68540000000000001,0.49485000000000001,0.44996999999999998,0.46376000000000001,-0.060699999999999997
339.67203999999998,-0.23338999999999999,0.20013,0.16222,0.26530999999999999,0.46583999999999998,0.03533,0.01336,0.25883
339.93736999999999,-0.37358000000000002,-0.01541,0.17609,0.29618,0.62839,0.21467,0.27983999999999998,0.0097599999999999996
340.20267999999999,-0.44862999999999997,0.71745000000000003,0.082189999999999999,0.23408000000000001,NaN,0.73038000000000003,0.29527999999999999,0.07918
340.46798999999999,-0.29658000000000001,NaN,-0.096909999999999996,0.13988,0.89624999999999999,0.23408000000000001,0.52288000000000001,0.053249999999999999
340.73329000000001,-0.27572000000000002,0.12151000000000001,-0.49732999999999999,0.14166999999999999,0.43725000000000003,-0.23044999999999999,0.14018,0.066949999999999996
340.99858,-0.053249999999999999,0.32704,-0.082530000000000006,-0.10409,0.36254999999999998,0.05203,0.47711999999999999,0.25527
341.26387,-0.19883000000000001,0.05704,0.042549999999999998,-0.12494,0.20412,0.046370000000000001,0.30103000000000002,0.15398000000000001
341.52913999999998,-0.47711999999999999,0.12227,-0.0075500000000000003,0.45738000000000001,0.24715999999999999,0.04197,NaN,0.044970000000000003
341.79441000000003,-0.87505999999999995,0.099540000000000003,-0.084320000000000006,1.1663300000000001,0.38400000000000001,0,0.68798000000000004,0.63202000000000003
342.05966999999998,-0.49292000000000002,0.13250000000000001,-0.023060000000000001,0.20760999999999999,0.19261,0.30756,0.49830999999999998,0.32906000000000002
342.32492000000002,-0.32368999999999998,0.10441,0.2278,0.081309999999999993,0.00877,0.18421000000000001,NaN,0.37358000000000002
342.59017,-0.051150000000000001,NaN,0.57977999999999996,0.13128000000000001,0.093119999999999994,0.15490000000000001,0.74036000000000002,0.77815000000000001
342.85539999999997,NaN,0.022280000000000001,0.35654999999999998,0.20605000000000001,0.34599999999999997,0.11960999999999999,0.19261,0.70757000000000003
343.12063000000001,NaN,-0.15382000000000001,0.18478,-0.090920000000000001,0.34522999999999998,0.13263,1.2492000000000001,0.030669999999999999
343.38585,-0.26451000000000002,-0.34312999999999999,0.2351,-0.0058300000000000001,0.18861,0.40072999999999998,NaN,0.094270000000000007
343.65105999999997,0.11394,-0.063729999999999995,0.14699000000000001,0.22184999999999999,0.16975000000000001,2,0.10473,0.33402999999999999
343.91626000000002,-0.20036000000000001,0.40708,0.53624000000000005,0.27173999999999998,0.32735999999999998,0.32584999999999997,-0.21560000000000001,0.32494000000000001
344.18144999999998,NaN,0.071889999999999996,0.15296999999999999,0.75333000000000006,0.59292,0.094789999999999999,0.27438000000000001,0.20412
344.44664,-0.42325000000000002,0.050110000000000002,0.02555,0.11697,0.14713000000000001,0.024819999999999998,0.74819000000000002,-0.12103999999999999
344.71181999999999,0,0,0.046460000000000001,0.12687000000000001,0.25325999999999999,-0.064640000000000003,0.83250999999999997,0.2833
344.97699,0.041390000000000003,-0.84197999999999995,0.10763,0.37501000000000001,0.55630000000000002,0.035580000000000001,0.96108000000000005,0.065930000000000002
345.24214999999998,-0.041390000000000003,-0.86033999999999999,0.77815000000000001,0.28293000000000001,0.42970000000000003,0.31175000000000003,0.11887,0.30103000000000002
345.50729999999999,0.071879999999999999,0.19253999999999999,0.29648000000000002,0.25927,0.04861,0.31875999999999999,0.098750000000000004,0.54407000000000005
345.77244999999999,-0.26323999999999997,-0.10811999999999999,0.27035999999999999,0.14266999999999999,-0.20308000000000001,0.75063000000000002,0.12494,0.39378000000000002
346.03759000000002,-0.14893999999999999,-0.21146000000000001,0.23352999999999999,0.3533,0.19106999999999999,0.81513999999999998,0.2097,0.22184999999999999
346.30272000000002,-0.019740000000000001,0.54407000000000005,0.35654999999999998,0.24073,0.46583999999999998,0.096909999999999996,0.36103000000000002,0.065820000000000004
346.56783999999999,0.00843,0.40493000000000001,0.39794000000000002,0.13128000000000001,0.51663000000000003,0.10778,NaN,0.11394
346.83294999999998,0.01823,-0.059459999999999999,-0.014239999999999999,0.10375,0.15126999999999999,-0.01072,0.83814999999999995,0.0065300000000000002
347.09805,-0.071360000000000007,-0.058119999999999998,0.16073999999999999,0.25731999999999999,0.17154,0.27728999999999998,0.46239999999999998,-0.044200000000000003
347.36315000000002,0.12711,0.050169999999999999,0.23302999999999999,0.29582999999999998,0.53961000000000003,0.34449999999999997,1.06446,0.090810000000000002
347.62824000000001,0.14308999999999999,0.12266000000000001,0.16547000000000001,-0.093909999999999993,0.76900999999999997,0.38185000000000002,0.091770000000000004,0.22184999999999999
347.89332000000002,-0.073789999999999994,0.10159,-0.02298,0.46736,0.093600000000000003,0.29594999999999999,-0.13189000000000001,0.28560999999999998
348.15839,0.035470000000000002,0.35032999999999997,0.157,0.27106999999999998,0.25963999999999998,0.23798,1.01223,0.23408000000000001
348.42345999999998,0.33244000000000001,0.090029999999999999,0.12494,0.12898000000000001,0.27875,0.47227000000000002,0.30103000000000002,0.13062000000000001
348.68851000000001,0.07918,-0.27077000000000001,0.07707,0.22056999999999999,0.46333000000000002,0.44645000000000001,0.11960999999999999,0.13988
348.95355999999998,0.096909999999999996,-0.23147000000000001,0.19220000000000001,0.21289,0.21209,0.40532000000000001,0.33578999999999998,0.11651
349.21859999999998,0.30998999999999999,0.10791000000000001,0.34377999999999997,0.28172999999999998,0.15679000000000001,0.18709000000000001,0.74938000000000005,0.24490999999999999
349.48363000000001,-0.18767,0.024039999999999999,0.080920000000000006,0.13297,0.12257,0.14792,0.53393999999999997,0.37161
349.74865,-0.049489999999999999,-0.053900000000000003,0.11070000000000001,0.46376000000000001,0.21484,0.23194999999999999,0.69350999999999996,0.34909000000000001
350.01366999999999,0.063049999999999995,0.082430000000000003,0.18743000000000001,0.02427,0.18162,0.51188,0.37358000000000002,0.27572000000000002
350.27868000000001,0.038199999999999998,0.14987,0.062899999999999998,0.18059,0.71247000000000005,0.27129999999999999,0.45593,0.33517999999999998
350.54367000000002,-0.014239999999999999,0.01323,0.15093999999999999,0.27173999999999998,1.2729999999999999,0.31113000000000002,0.35397000000000001,0.28745999999999999
350.80865999999997,-0.21868000000000001,0.15096999999999999,0.24304000000000001,0.18162,0.26830999999999999,0.26172000000000001,0.073020000000000002,0.29782999999999998
351.07364999999999,0.044200000000000003,0.054129999999999998,0.23241000000000001,0.50160000000000005,0.37863999999999998,0.36092999999999997,0.23257,0.17168
351.33861999999999,0.022859999999999998,0.065290000000000001,0.24389,0.11941,0.13622000000000001,0.18504999999999999,0.066949999999999996,0.21987000000000001
351.60359,-0.15761,0.24532999999999999,0.309,0.077600000000000002,0.33434000000000003,0.14693000000000001,0.31951000000000002,0.21260999999999999
351.86854,-0.036519999999999997,0.26172000000000001,0.42325000000000002,0.075139999999999998,0.19033,0.19522999999999999,0.16386000000000001,0.19736999999999999
352.13348999999999,0.073020000000000002,-0.12920000000000001,0.18945999999999999,0.25828000000000001,0.43573000000000001,0.26365,0.45426,0.32606000000000002
352.39843999999999,0.032590000000000001,-0.12167,-0.016240000000000001,0.13202,0.37805,0.44218000000000002,0.45863999999999999,0.20022000000000001
352.66336999999999,-0.072550000000000003,-0.29003000000000001,0.095130000000000006,0.027369999999999998,0.13189000000000001,0.29320000000000002,0.48902000000000001,0.21731
352.92829,-0.12222,0.01409,0.12608,0.28960000000000002,0.20862,0.17035,0.25345000000000001,0.15615000000000001
353.19321000000002,0.0039699999999999996,0.053159999999999999,0.16975000000000001,0.14613000000000001,0.18906000000000001,0.25141999999999998,0.24690000000000001,0.047579999999999997
353.45812000000001,-0.098129999999999995,0.1497,0.21876000000000001,0.13092999999999999,0.2094,0.16325000000000001,0.34449999999999997,0.13444
353.72302000000002,0.0081200000000000005,0.10041,0.21686,0.13869000000000001,0.11984,0.12494,0.53781999999999996,0.13725000000000001
353.98791,0.13211999999999999,0.15590000000000001,0.15173,0.23044999999999999,0.10697,0.19189000000000001,0.46777999999999997,0.12278
354.25279999999998,-0.082409999999999997,0.0012999999999999999,0.12595000000000001,0.31819999999999998,0.32425999999999999,0.31036999999999998,0.15490000000000001,0.16522999999999999
354.51767000000001,0.051150000000000001,0.24778,0.15179000000000001,0.32856999999999997,0.32707000000000003,0.16927,0.27072000000000002,0.25933
354.78253999999998,0.04197,0.19761000000000001,0.15644,0.097489999999999993,0.19062000000000001,0.15995999999999999,0.28109000000000001,0.24987999999999999
355.04739999999998,0.091509999999999994,-0.0073299999999999997,0.18987999999999999,0.15490000000000001,0.31189,0.15820999999999999,0.22847999999999999,0.33906999999999998
355.31225000000001,-0.10037,0.28360000000000002,0.18728,0.22764999999999999,0.15087,0.19595000000000001,0.27660000000000001,0.47711999999999999
355.57709999999997,0.01848,0.25363000000000002,0.24376999999999999,0.16703000000000001,0.13908999999999999,0.19212000000000001,0.28597,0.54749999999999999
355.84192999999999,-0.082409999999999997,0.070580000000000004,0.04487,0.11311,0.14917,0.15145,0.23408000000000001,0.48007
356.10676000000001,-0.23161000000000001,0.20754,0.14474000000000001,0.15234,0.26323999999999997,0.18617,0.19922999999999999,0.35538999999999998
356.37157999999999,-0.096909999999999996,0.14837,0.21639,0.19697999999999999,0.3992,0.26445999999999997,0.30648999999999998,0.27655999999999997
356.63639000000001,0.13408,0.036510000000000001,0.091230000000000006,0.25072,0.33423000000000003,0.19894999999999999,0.38535000000000003,0.29216999999999999
356.90118999999999,0.038920000000000003,0.010019999999999999,0.06019,0.19511000000000001,0.25485000000000002,0.22358,0.26627000000000001,0.26323999999999997
357.16597999999999,-0.037789999999999997,0.10019,-0.037100000000000001,0.27983999999999998,0.26040999999999997,0.22059999999999999,0.27796999999999999,0.2747
357.43077,-0.14158000000000001,0.15725,0.014149999999999999,0.13389000000000001,0.16435,0.19269,0.20412,0.16839999999999999
357.69555000000003,0.01511,0.082699999999999996,0.077660000000000007,0.14727000000000001,0.25385000000000002,0.18607000000000001,0.31189,0.30974000000000002
357.96032000000002,0.01158,0.077579999999999996,0.15490000000000001,0.082970000000000002,0.19600000000000001,0.25875999999999999,0.32274999999999998,0.28134999999999999
358.22507999999999,0.07077,0.11584,0.10516,0.25445000000000001,0.23521,0.34909000000000001,0.40576000000000001,0.22708
358.48982999999998,-0.0172,0.091829999999999995,0.14398,0.37010999999999999,0.22736999999999999,0.10981,0.31008000000000002,0.28194000000000002
358.75457999999998,-0.0030699999999999998,0.19489000000000001,0.080560000000000007,0.18004000000000001,0.14244000000000001,0.096909999999999996,0.30598999999999998,0.27300000000000002
359.01931999999999,0.01316,0.36080000000000001,0.094270000000000007,0.16617999999999999,0.32584999999999997,0.28816000000000003,0.25030999999999998,0.23208999999999999
359.28404,0.17609,0.15326999999999999,0.23561000000000001,0.17236000000000001,0.28891,0.29582999999999998,0.28819,0.36049999999999999
359.54876999999999,0.097960000000000005,0.17393,0.13400000000000001,0.16883999999999999,0.16017999999999999,0.21764,0.40327000000000002,0.32640999999999998
359.81348000000003,0.053679999999999999,0.04539,0.29139999999999999,0.18870999999999999,0.18117,0.14848,0.31558999999999998,0.25106000000000001
360.07817999999997,0.05799,-0.037810000000000003,0.18751999999999999,0.12889999999999999,0.22563,0.12182999999999999,0.18245,0.22048000000000001
360.34287999999998,0.15970000000000001,0.039329999999999997,0.11651,0.15517,0.18779999999999999,0.11965000000000001,0.26211000000000001,0.24256
360.60757000000001,-0.039100000000000003,0.14302000000000001,0.10592,0.14748,0.20954999999999999,0.18941,0.27000000000000002,0.15346000000000001
360.87225000000001,-0.13161,0.05527,0.089080000000000006,0.23941999999999999,0.24857000000000001,0.25707000000000002,0.152,0.15346000000000001
361.13691999999998,0.0029099999999999998,0.057910000000000003,0.13428000000000001,0.29620999999999997,0.13650000000000001,0.30103000000000002,0.249,0.26993
361.40158000000002,-0.059180000000000003,0.10294,0.17680000000000001,0.11409999999999999,0.21215000000000001,0.32995000000000002,0.45101999999999998,0.20155999999999999
361.66622999999998,-0.043159999999999997,0.13038,0.16517000000000001,0.15126999999999999,0.24804000000000001,0.27621000000000001,0.37518000000000001,0.26802999999999999
361.93088,0.021489999999999999,0.14246,0.10791000000000001,0.16113,0.19753000000000001,0.21253,0.24906,0.25157000000000002
362.19551999999999,-0.050819999999999997,0.25008999999999998,0.14549000000000001,0.23558000000000001,0.28888000000000003,0.22141,0.25841999999999998,0.17859
362.46015,-0.048039999999999999,0.22802,0.20227999999999999,0.26846999999999999,0.25118000000000001,0.21254000000000001,0.29207,0.21312999999999999
362.72476999999998,0.045229999999999999,0.11409999999999999,0.16930999999999999,0.22939000000000001,0.21526999999999999,0.24961,0.17993999999999999,0.21873999999999999
362.98939000000001,0.048309999999999999,0.06905,0.094049999999999995,0.18451999999999999,0.27179999999999999,0.30702000000000002,0.20377999999999999,0.15271000000000001
363.25398999999999,-0.03134,0.046859999999999999,0.15432000000000001,0.18168000000000001,0.24440999999999999,0.23629,0.38685000000000003,0.21740000000000001
363.51859000000002,0.069930000000000006,0.021600000000000001,0.15317,0.21052000000000001,0.25341999999999998,0.25225999999999998,0.26662999999999998,0.24374000000000001
363.78318000000002,0.12267,-0.06182,0.11942999999999999,0.21351999999999999,0.13794999999999999,0.26119999999999999,0.27167999999999998,0.18573000000000001
364.04775999999998,0.0574,0.03024,0.11239,0.21267,0.19015000000000001,0.22398000000000001,0.15154999999999999,0.2747
364.31234000000001,-0.10304000000000001,0.18275,0.099959999999999993,0.21678,0.25899,0.24712000000000001,0.23709,0.34975000000000001
364.57690000000002,-0.07918,0.13513,0.14921000000000001,0.22395000000000001,0.21590000000000001,0.19847999999999999,0.25701000000000002,0.23085
364.84145999999998,-0.10623,0.084349999999999994,0.16656000000000001,0.18074000000000001,0.19892000000000001,0.17494999999999999,0.27117999999999998,0.22731999999999999
365.10599999999999,-0.15286,0.09647,0.094689999999999996,0.20188,0.22903000000000001,0.21489,0.28509000000000001,0.29274
365.37054000000001,-0.025899999999999999,0.03168,0.11824999999999999,0.18157999999999999,0.29885,0.21820000000000001,0.31458000000000003,0.3327
365.63508000000002,-0.052249999999999998,0.12241,0.11443,0.18248,0.25527,0.24254000000000001,0.23122000000000001,0.37439
365.89960000000002,0.02325,0.10176,0.12454,0.24837999999999999,0.22678000000000001,0.18897,0.23946000000000001,0.29979
366.16412000000003,0.039870000000000003,0.18343000000000001,0.13961999999999999,0.24204000000000001,0.23457,0.21439,0.2782,0.25430999999999998
366.42862000000002,0.090039999999999995,0.11286,0.16219,0.2248,0.26400000000000001,0.16900000000000001,0.34159,0.22872999999999999
366.69312000000002,0.073050000000000004,-0.01085,0.11794,0.24667,0.26062999999999997,0.23632,0.31370999999999999,0.29876999999999998
366.95760999999999,0.0044099999999999999,-0.00059000000000000003,0.18465999999999999,0.27359,0.29703000000000002,0.20180999999999999,0.28027999999999997,0.23660999999999999
367.22210000000001,0.056570000000000002,0.050799999999999998,0.18212,0.21984999999999999,0.25796000000000002,0.17438999999999999,0.31829000000000002,0.18808
367.48656999999997,0.0070899999999999999,0.05688,0.14713999999999999,0.17208000000000001,0.24096999999999999,0.16966999999999999,0.21859999999999999,0.20698
367.75103999999999,-0.038859999999999999,0.090270000000000003,0.14379,0.22012999999999999,0.25022,0.17473,0.27185999999999999,0.19980000000000001
368.01549,-0.063049999999999995,0.10095999999999999,0.16142000000000001,0.25061,0.22742999999999999,0.17888000000000001,0.24512,0.19550000000000001
368.27994999999999,0.021000000000000001,0.070139999999999994,0.15817000000000001,0.21468999999999999,0.2079,0.19552,0.24340999999999999,0.27362999999999998
368.54439000000002,0.031029999999999999,0.058720000000000001,0.12288,0.21396999999999999,0.24328,0.26687,0.20788999999999999,0.30582999999999999
368.80882000000003,-0.026759999999999999,0.070110000000000006,0.17283999999999999,0.16958999999999999,0.22484000000000001,0.19642000000000001,0.26184000000000002,0.21278
369.07324,-0.0068100000000000001,0.11269,0.20391999999999999,0.22578000000000001,0.22431000000000001,0.19509000000000001,0.27228999999999998,0.25547999999999998
369.33766000000003,0.016580000000000001,0.096299999999999997,0.20011000000000001,0.22894999999999999,0.26899000000000001,0.19214999999999999,0.25963999999999998,0.25037999999999999
369.60207000000003,0.02844,0.10882,0.18139,0.20430000000000001,0.26789000000000002,0.22034000000000001,0.23357,0.21337
369.86646999999999,0.032309999999999998,0.16496,0.17829999999999999,0.19120999999999999,0.24557999999999999,0.23200000000000001,0.23194999999999999,0.22322
370.13085999999998,-0.05364,0.065430000000000002,0.14532,0.15981000000000001,0.26726,0.2278,0.28072999999999998,0.27739999999999998
370.39524999999998,-0.011900000000000001,0.024989999999999998,0.13236999999999999,0.2077,0.24218999999999999,0.20412,0.25312000000000001,0.27668999999999999
370.65962000000002,-0.0051000000000000004,0.12584999999999999,0.15226999999999999,0.26676,0.18662000000000001,0.21360000000000001,0.27328000000000002,0.29200999999999999
370.92399,0.0056299999999999996,0.12279,0.16836000000000001,0.22475000000000001,0.1595,0.20100999999999999,0.31829000000000002,0.24504999999999999
371.18835000000001,0.0096299999999999997,0.091270000000000004,0.15467,0.20973,0.22828999999999999,0.16339000000000001,0.29264000000000001,0.21881
371.45269999999999,0.023210000000000001,0.05994,0.15545999999999999,0.21159,0.22597,0.16739999999999999,0.22436,0.25180999999999998
371.71704,-0.02537,0.033020000000000001,0.1173,0.18129999999999999,0.22314999999999999,0.20483999999999999,0.24385999999999999,0.24793000000000001
371.98138,0.047969999999999999,0.084190000000000001,0.15643000000000001,0.17329,0.15928999999999999,0.24035999999999999,0.25835000000000002,0.2019
372.24570999999997,-0.01162,0.09783,0.17848,0.19419,0.18032000000000001,0.19957,0.27428000000000002,0.20412
372.51002,-0.047370000000000002,0.15073,0.10697,0.20177999999999999,0.23599999999999999,0.20527999999999999,0.23083999999999999,0.15836
372.77433000000002,-0.058529999999999999,0.11626,0.12706000000000001,0.21904000000000001,0.23996000000000001,0.22650999999999999,0.24356,0.25148999999999999
373.03863999999999,-0.0098200000000000006,0.067720000000000002,0.16589000000000001,0.22559000000000001,0.25634000000000001,0.22320999999999999,0.27235999999999999,0.29468
373.30293,0.043839999999999997,0.099940000000000001,0.14676,0.19545999999999999,0.26168999999999998,0.22900999999999999,0.34145999999999999,0.25355
373.56720999999999,0.01883,0.083299999999999999,0.14641999999999999,0.15065999999999999,0.21548999999999999,0.19173000000000001,0.30579000000000001,0.23036999999999999
373.83148999999997,0.051670000000000001,0.083960000000000007,0.14510999999999999,0.20693,0.21654000000000001,0.24304000000000001,0.20621999999999999,0.28715000000000002
374.09575999999998,0.022159999999999999,0.072679999999999995,0.13753000000000001,0.23924999999999999,0.18337999999999999,0.2535,0.25822000000000001,0.21437999999999999
374.36002000000002,0.0123,0.086230000000000001,0.1464,0.27406999999999998,0.19089,0.23699999999999999,0.24764,0.20774000000000001
374.62427000000002,0.0040899999999999999,0.081299999999999997,0.18129000000000001,0.18698000000000001,0.21468000000000001,0.21054,0.23552999999999999,0.23985000000000001
374.88852000000003,-0.0061399999999999996,0.058520000000000003,0.18271000000000001,0.1741,0.22067000000000001,0.22894,0.23533000000000001,0.25914999999999999
375.15275000000003,0.0012800000000000001,0.082570000000000005,0.14133000000000001,0.22040000000000001,0.24046999999999999,0.21568999999999999,0.25545000000000001,0.20319000000000001
375.41698000000002,-0.013509999999999999,0.067479999999999998,0.12709000000000001,0.22245000000000001,0.26593,0.19846,0.27048,0.18959000000000001
375.68119999999999,0.0040899999999999999,0.082699999999999996,0.16106000000000001,0.25197999999999998,0.21828,0.19799,0.24576000000000001,0.20108999999999999
375.94540999999998,-0.0066499999999999997,0.099849999999999994,0.18629000000000001,0.17818000000000001,0.21895000000000001,0.20122000000000001,0.27705999999999997,0.21085000000000001
376.20961,0.013100000000000001,0.088099999999999998,0.16685,0.20482,0.19470999999999999,0.19428000000000001,0.27838000000000002,0.22799
376.47381000000001,0.014500000000000001,0.052260000000000001,0.15708,0.20157,0.20923,0.19757,0.27812999999999999,0.22869
376.738,0.0022000000000000001,0.03943,0.1605,0.20230000000000001,0.21071000000000001,0.18138000000000001,0.34517999999999999,0.23066
377.00218000000001,0.019460000000000002,0.03286,0.15121999999999999,0.19646,0.20827999999999999,0.16705,0.31916,0.27185999999999999
377.26634000000001,-0.0055900000000000004,0.03458,0.15190000000000001,0.19169,0.19162999999999999,0.21870000000000001,0.26578000000000002,0.26289000000000001
377.53050999999999,0,0.088069999999999996,0.16985,0.18642,0.23627000000000001,0.19533,0.25480999999999998,0.25750000000000001
377.79466000000002,0.0046699999999999997,0.091009999999999994,0.18534,0.17271,0.21820000000000001,0.22458,0.30460999999999999,0.25084000000000001
378.05880999999999,-0.012359999999999999,0.11606,0.17221,0.18759999999999999,0.20016999999999999,0.20432,0.28798000000000001,0.23382
378.32294000000002,-0.029960000000000001,0.12667,0.13446,0.19828999999999999,0.17713000000000001,0.21243000000000001,0.25019999999999998,0.24304000000000001
378.58706999999998,-0.018859999999999998,0.081430000000000002,0.15887000000000001,0.18512999999999999,0.18701000000000001,0.22875999999999999,0.26371,0.23938999999999999
378.85118999999997,0.028670000000000001,0.10408000000000001,0.15012,0.18426999999999999,0.23754,0.21057000000000001,0.25369999999999998,0.23683000000000001
379.11529999999999,0.04301,0.10564,0.14645,0.18923999999999999,0.22625999999999999,0.22109000000000001,0.24367,0.25871
379.37941000000001,0.0076699999999999997,0.096159999999999995,0.13358,0.17902999999999999,0.23608999999999999,0.21392,0.26452999999999999,0.22375
379.64350000000002,0.040469999999999999,0.076289999999999997,0.13786000000000001,0.16324,0.23463000000000001,0.20659,0.26378000000000001,0.24276
379.90759000000003,-0.00183,0.068190000000000001,0.14299999999999999,0.1789,0.22040999999999999,0.20491999999999999,0.28958,0.24035999999999999
380.17167000000001,0.02666,0.085430000000000006,0.14086000000000001,0.19012000000000001,0.21448,0.19592999999999999,0.27655000000000002,0.23959
380.43574000000001,0.032250000000000001,0.054850000000000003,0.12431,0.18756,0.24418000000000001,0.21117,0.27428000000000002,0.21378
380.69979999999998,-0.01081,0.096759999999999999,0.13611999999999999,0.20207,0.22444,0.21979000000000001,0.30707000000000001,0.22749
380.96386000000001,0.017100000000000001,0.059920000000000001,0.19075,0.19364999999999999,0.20887,0.21429999999999999,0.27706999999999998,0.24360000000000001
381.22789999999998,0.01545,0.060690000000000001,0.16175999999999999,0.18115000000000001,0.21898000000000001,0.19044,0.28170000000000001,0.27327000000000001
381.49194,0.035720000000000002,0.059479999999999998,0.15246000000000001,0.17077999999999999,0.21296999999999999,0.18890000000000001,0.24926999999999999,0.26219999999999999
381.75596999999999,0.022550000000000001,0.066379999999999995,0.1268,0.1966,0.20810999999999999,0.21178,0.27223999999999998,0.23938999999999999
382.01999000000001,0,0.09221,0.13708999999999999,0.18479000000000001,0.23799999999999999,0.20444000000000001,0.25113000000000002,0.24404000000000001
382.28401000000002,-0.011650000000000001,0.077880000000000005,0.13558999999999999,0.19059999999999999,0.22456000000000001,0.19807,0.22341,0.249
382.54800999999998,0.02776,0.070029999999999995,0.14746000000000001,0.20252000000000001,0.21138999999999999,0.20573,0.26584000000000002,0.245
382.81200999999999,0.043920000000000001,0.091469999999999996,0.15805,0.20779,0.23515,0.20588000000000001,0.26394000000000001,0.23436000000000001
383.07600000000002,0.0094599999999999997,0.093880000000000005,0.13397999999999999,0.21690000000000001,0.23744000000000001,0.22120999999999999,0.25916,0.22631999999999999
383.33998000000003,0.000767,0.08183,0.14962,0.20501,0.24762999999999999,0.20904,0.28036,0.21790000000000001
383.60395,0.0046699999999999997,0.068559999999999996,0.1605,0.19275,0.22564999999999999,0.19159000000000001,0.27313999999999999,0.22137000000000001
383.86790999999999,0.020410000000000001,0.076429999999999998,0.14233999999999999,0.17932000000000001,0.22054000000000001,0.18276000000000001,0.27353,0.23499
384.13186999999999,0.036400000000000002,0.11063000000000001,0.13422999999999999,0.18309,0.23785000000000001,0.18259,0.26139000000000001,0.22394
384.39580999999998,0.038940000000000002,0.10104,0.14269000000000001,0.16913,0.27535999999999999,0.18154000000000001,0.24851000000000001,0.21717
384.65974999999997,0.051659999999999998,0.083049999999999999,0.16521,0.17044000000000001,0.23330000000000001,0.19766,0.25705,0.25214999999999999
384.92367999999999,0.02179,0.079909999999999995,0.15828999999999999,0.17552999999999999,0.22713,0.19267000000000001,0.24404000000000001,0.22184999999999999
385.18761000000001,0.036429999999999997,0.086840000000000001,0.16002,0.17363000000000001,0.2419,0.20319999999999999,0.21717,0.22084999999999999
385.45152000000002,0.039910000000000001,0.099709999999999993,0.14038999999999999,0.2034,0.21365000000000001,0.19101000000000001,0.27178000000000002,0.24607999999999999
385.71541999999999,0.059700000000000003,0.085500000000000007,0.13070999999999999,0.20907000000000001,0.1976,0.21623000000000001,0.2671,0.24715999999999999
385.97931999999997,0.028209999999999999,0.073859999999999995,0.12231,0.20497000000000001,0.22231999999999999,0.22681000000000001,0.25144,0.22983999999999999
386.24320999999998,0.02188,0.052499999999999998,0.14013999999999999,0.20119000000000001,0.23476,0.20752000000000001,0.27564,0.21523
386.50709000000001,0.0080400000000000003,0.058869999999999999,0.14165,0.18959000000000001,0.21590000000000001,0.19092999999999999,0.27640999999999999,0.19611999999999999
386.77096,0.017270000000000001,0.066689999999999999,0.14535999999999999,0.17796999999999999,0.24007000000000001,0.18623999999999999,0.26085999999999998,0.23188
387.03483,0.047730000000000002,0.087249999999999994,0.15254000000000001,0.19492999999999999,0.24113000000000001,0.20732999999999999,0.27416000000000001,0.25435000000000002
387.29867999999999,0.024590000000000001,0.088029999999999997,0.15085000000000001,0.19011,0.24990999999999999,0.20269000000000001,0.28893999999999997,0.23827000000000001
387.56252999999998,0.020660000000000001,0.07084,0.15889,0.16199,0.22659000000000001,0.20226,0.25535000000000002,0.25158000000000003
387.82637,0.0024299999999999999,0.071739999999999998,0.15751000000000001,0.17913999999999999,0.21665000000000001,0.17848,0.24801000000000001,0.25136999999999998
388.09019999999998,0.035209999999999998,0.06905,0.13174,0.18342,0.20293,0.18792,0.27465000000000001,0.24387
388.35403000000002,0.027910000000000001,0.085050000000000001,0.14277000000000001,0.18371000000000001,0.21837000000000001,0.20219999999999999,0.26867000000000002,0.24221000000000001
388.61784,0.044600000000000001,0.081500000000000003,0.14416999999999999,0.19425999999999999,0.19731000000000001,0.2114,0.28359000000000001,0.23227999999999999
388.88164999999998,0.02164,0.079100000000000004,0.14199000000000001,0.20424999999999999,0.21049999999999999,0.21818000000000001,0.25967000000000001,0.2001
389.14544999999998,0.0112,0.085250000000000006,0.1343,0.20616999999999999,0.22438,0.20430000000000001,0.26069999999999999,0.22955999999999999
389.40924000000001,0.0096399999999999993,0.077719999999999997,0.13902999999999999,0.18590000000000001,0.19674,0.19269,0.25348999999999999,0.20330999999999999
389.67302000000001,0.01257,0.055919999999999997,0.13861000000000001,0.18582000000000001,0.20077,0.19747999999999999,0.25894,0.20077
389.93678999999997,0.028230000000000002,0.079009999999999997,0.14809,0.19159000000000001,0.23002,0.18495,0.23513999999999999,0.21990000000000001
390.20055000000002,0.02145,0.086940000000000003,0.15656,0.21279999999999999,0.22153999999999999,0.20166000000000001,0.24564,0.24778
390.46431000000001,0.011310000000000001,0.072239999999999999,0.14696999999999999,0.20501,0.21260999999999999,0.20152,0.26540000000000002,0.2424
390.72806000000003,0.014630000000000001,0.061519999999999998,0.13811999999999999,0.20179,0.20121,0.20158000000000001,0.24712000000000001,0.21815999999999999
390.99180000000001,0.017979999999999999,0.068360000000000004,0.14257,0.18612000000000001,0.22378000000000001,0.19883000000000001,0.22905,0.22827
391.25553000000002,0.011429999999999999,0.074590000000000004,0.14041999999999999,0.18653,0.22664999999999999,0.18226000000000001,0.23815,0.24338000000000001
391.51925,0.014670000000000001,0.083529999999999993,0.15218000000000001,0.18310000000000001,0.22857,0.19026000000000001,0.26421,0.23730000000000001
391.78296999999998,0.0292,0.076520000000000005,0.15417,0.18436,0.22366,0.19477,0.29138999999999998,0.23433000000000001
392.04667999999998,0.027820000000000001,0.095890000000000003,0.15576999999999999,0.18881000000000001,0.23974999999999999,0.18564,0.25505,0.21947
392.31038000000001,0.031,0.091990000000000002,0.14915999999999999,0.20136000000000001,0.24106,0.18225,0.24285000000000001,0.22206999999999999
392.57407000000001,0.02248,0.059639999999999999,0.13816000000000001,0.20175000000000001,0.24207999999999999,0.20710000000000001,0.26027,0.22961000000000001
392.83775000000003,0.0218,0.062780000000000002,0.12644,0.18734000000000001,0.22942000000000001,0.20702000000000001,0.27039000000000002,0.22813
393.10142000000002,0.035020000000000003,0.064630000000000007,0.16370999999999999,0.19592000000000001,0.23388999999999999,0.18917,0.28272000000000003,0.24523
393.36509000000001,0.01345,0.079210000000000003,0.16447999999999999,0.18243999999999999,0.23405000000000001,0.18432999999999999,0.25555,0.23444000000000001
393.62873999999999,0.011339999999999999,0.076139999999999999,0.15261,0.17765,0.21707000000000001,0.20118,0.24435000000000001,0.22034000000000001
393.89238999999998,0.013129999999999999,0.06053,0.14777000000000001,0.18462000000000001,0.21071999999999999,0.18059,0.24396999999999999,0.22495000000000001
394.15602999999999,0.028160000000000001,0.086919999999999997,0.14907000000000001,0.18951999999999999,0.21779999999999999,0.18770999999999999,0.26912999999999998,0.24754000000000001
394.41967,0.041779999999999998,0.095030000000000003,0.13758999999999999,0.18615999999999999,0.21834000000000001,0.20902999999999999,0.26146000000000003,0.22688
394.68329,0.035009999999999999,0.071459999999999996,0.13811000000000001,0.18744,0.23161000000000001,0.20902999999999999,0.26989000000000002,0.22744
394.94691,0.033980000000000003,0.079280000000000003,0.13955999999999999,0.18087,0.23268,0.19830999999999999,0.26737,0.23391000000000001
395.21051,0.023310000000000001,0.07263,0.13808000000000001,0.18701000000000001,0.23486000000000001,0.20827999999999999,0.251,0.20177
395.47411,0.033660000000000002,0.087220000000000006,0.14288999999999999,0.17546999999999999,0.22978999999999999,0.20449999999999999,0.23721,0.20713999999999999
395.73770000000002,0.01486,0.06769,0.15028,0.17924000000000001,0.22367999999999999,0.19653000000000001,0.26123000000000002,0.22978999999999999
396.00128999999998,0.017129999999999999,0.068790000000000004,0.14544000000000001,0.18790000000000001,0.22867999999999999,0.20923,0.24909000000000001,0.24526000000000001
396.26486,0.026120000000000001,0.081509999999999999,0.14746000000000001,0.18992000000000001,0.21704999999999999,0.18673000000000001,0.25058999999999998,0.23380000000000001
396.52843000000001,0.020230000000000001,0.070300000000000001,0.15149000000000001,0.18769,0.22561,0.19336999999999999,0.26485999999999998,0.2198
396.79198000000002,0.01636,0.078439999999999996,0.12778999999999999,0.17995,0.23488000000000001,0.18769,0.26884999999999998,0.23372999999999999
397.05552999999998,0.024060000000000002,0.079829999999999998,0.12398000000000001,0.18009,0.23017000000000001,0.17852000000000001,0.26023000000000002,0.23604
397.31907000000001,0.027210000000000002,0.060810000000000003,0.13511000000000001,0.18321999999999999,0.22524,0.18809999999999999,0.24984000000000001,0.24398
397.58260999999999,0.023050000000000001,0.072660000000000002,0.14946000000000001,0.18329999999999999,0.22009999999999999,0.19725999999999999,0.23622000000000001,0.23294000000000001
397.84613000000002,0.01951,0.069669999999999996,0.14976,0.19470999999999999,0.22078,0.19309999999999999,0.24635000000000001,0.2233
398.10964999999999,0.0054900000000000001,0.070459999999999995,0.13363,0.1961,0.21672,0.20377999999999999,0.25347999999999998,0.22076999999999999
398.37315000000001,0.017670000000000002,0.075819999999999999,0.12790000000000001,0.18823000000000001,0.21944,0.19558,0.24639,0.22847999999999999
398.63664999999997,0.026610000000000002,0.074079999999999993,0.14068,0.17879999999999999,0.23343,0.20125999999999999,0.22292999999999999,0.22897000000000001
398.90014000000002,0.01721,0.071569999999999995,0.14025000000000001,0.17957999999999999,0.22017999999999999,0.18612000000000001,0.23168,0.20333999999999999
399.16363000000001,-0.0069800000000000001,0.093880000000000005,0.13666,0.18539,0.22645999999999999,0.19370999999999999,0.23935000000000001,0.22878999999999999
399.4271,0.01813,0.084169999999999995,0.12379999999999999,0.18668000000000001,0.21976999999999999,0.20077999999999999,0.25059999999999999,0.23999999999999999
399.69056999999998,0.034389999999999997,0.077859999999999999,0.13563,0.19144,0.22855,0.20399999999999999,0.26145000000000002,0.23153000000000001
399.95402000000001,0.034290000000000001,0.063589999999999994,0.14587,0.19847000000000001,0.22581999999999999,0.20141000000000001,0.24954000000000001,0.2339
400.21746999999999,0.047320000000000001,0.075480000000000005,0.13103999999999999,0.19488,0.23524,0.19522,0.24339,0.23655999999999999
400.48090999999999,0.031789999999999999,0.076649999999999996,0.13325000000000001,0.17410999999999999,0.23008999999999999,0.19921,0.25086999999999998,0.22731000000000001
400.74435,0.035970000000000002,0.083349999999999994,0.14391000000000001,0.17433999999999999,0.21865000000000001,0.18915999999999999,0.25944,0.20666999999999999
401.00776999999999,0.033189999999999997,0.084699999999999998,0.13427,0.18084,0.22317000000000001,0.20166999999999999,0.24776000000000001,0.22161
401.27118999999999,0.02947,0.083299999999999999,0.13914000000000001,0.18756,0.21360000000000001,0.18806,0.25291000000000002,0.23128000000000001
401.53460000000001,0.026329999999999999,0.073279999999999998,0.13475999999999999,0.18178,0.21881999999999999,0.18103,0.25391999999999998,0.23333000000000001
401.798,0.033730000000000003,0.070000000000000007,0.13027,0.19302,0.22144,0.18775,0.25414999999999999,0.24340000000000001
402.06139000000002,0.033649999999999999,0.075249999999999997,0.13317000000000001,0.20932000000000001,0.21536,0.18854000000000001,0.252,0.22905
402.32477,0.038789999999999998,0.075509999999999994,0.14144000000000001,0.19527,0.22178,0.19689000000000001,0.23710000000000001,0.23408000000000001
402.58814999999998,0.029149999999999999,0.085620000000000002,0.13691999999999999,0.1885,0.21015,0.191,0.25105,0.22819
402.85151000000002,0.027570000000000001,0.076439999999999994,0.14762,0.19319,0.21929999999999999,0.18123,0.23493,0.22486
403.11487,0.040430000000000001,0.073450000000000001,0.14408000000000001,0.18694,0.21804999999999999,0.18937999999999999,0.24904000000000001,0.23524999999999999
403.37822,0.040149999999999998,0.079269999999999993,0.14568999999999999,0.18315000000000001,0.21717,0.19485,0.24343999999999999,0.23798
403.64156000000003,0.022540000000000001,0.080629999999999993,0.14229,0.18995999999999999,0.21078,0.19725000000000001,0.26336999999999999,0.21587999999999999
403.90489000000002,0.03986,0.076139999999999999,0.12765000000000001,0.19464999999999999,0.22198000000000001,0.19830999999999999,0.25531999999999999,0.21038000000000001
404.16822000000002,0.019109999999999999,0.084680000000000005,0.13064999999999999,0.18748000000000001,0.2203,0.18862000000000001,0.26480999999999999,0.22012000000000001
404.43153000000001,0.020820000000000002,0.090260000000000007,0.13916000000000001,0.18582000000000001,0.22778000000000001,0.20086000000000001,0.27076,0.24249999999999999
404.69484,0.028670000000000001,0.083220000000000002,0.14194000000000001,0.18739,0.22270000000000001,0.19830999999999999,0.26172000000000001,0.24209
404.95814000000001,0.027890000000000002,0.090920000000000001,0.13513,0.18340000000000001,0.21199000000000001,0.20230999999999999,0.25772,0.23405000000000001
405.22143,0.02112,0.081960000000000005,0.13544999999999999,0.18189,0.22322,0.19553000000000001,0.25045000000000001,0.22697999999999999
405.48471999999998,0.023220000000000001,0.090120000000000006,0.14166999999999999,0.18975,0.22384999999999999,0.19725000000000001,0.26177,0.23207
405.74799000000002,0.024969999999999999,0.088539999999999994,0.14598,0.19306999999999999,0.21690999999999999,0.19581000000000001,0.27273999999999998,0.22533
406.01125999999999,0.028379999999999999,0.083809999999999996,0.14101,0.18698000000000001,0.20755999999999999,0.19883999999999999,0.27412999999999998,0.23313
406.27452,0.0095899999999999996,0.072969999999999993,0.14337,0.18318999999999999,0.20998,0.19253999999999999,0.24535999999999999,0.23685
406.53775999999999,0.01089,0.071300000000000002,0.14507999999999999,0.18471000000000001,0.21690999999999999,0.19017999999999999,0.22603000000000001,0.22358
406.80101000000002,0.020230000000000001,0.073510000000000006,0.13919000000000001,0.18651000000000001,0.22325999999999999,0.18733,0.25205,0.21804000000000001
407.06423999999998,0.02971,0.088389999999999996,0.12695000000000001,0.19134999999999999,0.22045000000000001,0.18423,0.24962999999999999,0.2296
407.32745999999997,0.0287,0.0809,0.12917000000000001,0.19247,0.21518999999999999,0.18472,0.23486000000000001,0.23329
407.59068000000002,0.033520000000000001,0.073980000000000004,0.13935,0.18654000000000001,0.23180000000000001,0.19059999999999999,0.25414999999999999,0.23136999999999999
407.85388999999998,0.032230000000000002,0.077310000000000004,0.14224000000000001,0.18285999999999999,0.22281999999999999,0.17774000000000001,0.25853999999999999,0.23538000000000001
408.11709000000002,0.03073,0.079909999999999995,0.13699,0.18806999999999999,0.21862999999999999,0.18809000000000001,0.23380999999999999,0.23416999999999999
408.38028000000003,0.024660000000000001,0.083820000000000006,0.13863,0.1898,0.22087999999999999,0.18337999999999999,0.23050999999999999,0.23249
408.64346,0.024140000000000002,0.078649999999999998,0.13927,0.18826000000000001,0.21712000000000001,0.19272,0.25063999999999997,0.22584000000000001
408.90663999999998,0.039019999999999999,0.082100000000000006,0.12995000000000001,0.19264000000000001,0.21872,0.19866,0.25924000000000003,0.22091
409.16980000000001,0.031669999999999997,0.073609999999999995,0.12595999999999999,0.17771999999999999,0.22944999999999999,0.19384999999999999,0.26291999999999999,0.22392999999999999
409.43295999999998,0.020570000000000001,0.083710000000000007,0.13880999999999999,0.18301000000000001,0.22051000000000001,0.19670000000000001,0.25144,0.23984
409.69610999999998,0.031289999999999998,0.088599999999999998,0.13728000000000001,0.18021000000000001,0.21740999999999999,0.19564000000000001,0.25054999999999999,0.22988
409.95925,0.024379999999999999,0.079240000000000005,0.13813,0.18512999999999999,0.22509000000000001,0.18421999999999999,0.25255,0.21668999999999999
410.22237999999999,0.025409999999999999,0.085559999999999997,0.13803000000000001,0.18226000000000001,0.21762000000000001,0.18967999999999999,0.25679000000000002,0.21990000000000001
410.48550999999998,0.01562,0.088340000000000002,0.13966999999999999,0.18956999999999999,0.21088999999999999,0.18987000000000001,0.24718999999999999,0.23118
410.74862999999999,0.0084799999999999997,0.088760000000000006,0.13805999999999999,0.19306000000000001,0.21425,0.18584000000000001,0.24081,0.22874
411.01173,0.01566,0.089969999999999994,0.13808000000000001,0.18398,0.20780999999999999,0.18229999999999999,0.25718999999999997,0.22982
411.27483000000001,0.025600000000000001,0.085870000000000002,0.13791999999999999,0.17837,0.22242000000000001,0.20319999999999999,0.24468000000000001,0.23013
411.53791999999999,0.030339999999999999,0.084870000000000001,0.13833999999999999,0.18121000000000001,0.21448,0.18276000000000001,0.24234,0.22889999999999999
411.80101000000002,0.039899999999999998,0.086919999999999997,0.13366,0.18315000000000001,0.21374000000000001,0.18970999999999999,0.25295000000000001,0.23846000000000001
412.06407999999999,0.041840000000000002,0.074300000000000005,0.13456000000000001,0.18346000000000001,0.22531000000000001,0.19478999999999999,0.25083,0.22950000000000001
412.32715000000002,0.047600000000000003,0.077840000000000006,0.13591,0.18912000000000001,0.22858999999999999,0.19075,0.23873,0.22658
412.59019999999998,0.047600000000000003,0.080130000000000007,0.13769999999999999,0.17979999999999999,0.22345000000000001,0.18264,0.24167,0.23244999999999999
412.85325,0.04317,0.077729999999999994,0.14338000000000001,0.17810999999999999,0.21487000000000001,0.18398,0.24254999999999999,0.23291999999999999
413.11628999999999,0.043180000000000003,0.082659999999999997,0.14396,0.18287,0.21090999999999999,0.18565999999999999,0.24176,0.23702999999999999
413.37932999999998,0.029739999999999999,0.080570000000000003,0.14263999999999999,0.18581,0.21226999999999999,0.18307999999999999,0.24675,0.22666
413.64235000000002,0.018149999999999999,0.069750000000000006,0.13988999999999999,0.17741999999999999,0.21720999999999999,0.18501000000000001,0.24884000000000001,0.23404
413.90537,0.0361,0.075190000000000007,0.13475000000000001,0.18126,0.22422,0.18551000000000001,0.24010000000000001,0.23380999999999999
414.16838000000001,0.028420000000000001,0.084459999999999993,0.13045000000000001,0.19087000000000001,0.22889999999999999,0.17674999999999999,0.24601999999999999,0.23758000000000001
414.43137000000002,0.017930000000000001,0.084099999999999994,0.13208,0.19159000000000001,0.22070000000000001,0.18035999999999999,0.25990999999999997,0.23355000000000001
414.69436999999999,0.0147,0.073099999999999998,0.13272999999999999,0.18138000000000001,0.21911,0.18490000000000001,0.24454999999999999,0.23921999999999999
414.95735000000002,0.030040000000000001,0.083750000000000005,0.13561000000000001,0.18065000000000001,0.21182999999999999,0.19189000000000001,0.24908,0.22738
415.22032000000002,0.033009999999999998,0.089410000000000003,0.13320000000000001,0.18435000000000001,0.20577000000000001,0.18734000000000001,0.24443000000000001,0.22020000000000001
415.48329000000001,0.014670000000000001,0.083140000000000006,0.14491000000000001,0.18168000000000001,0.21682999999999999,0.18537999999999999,0.24207999999999999,0.23096
415.74624,0.030939999999999999,0.084580000000000002,0.13843,0.17902000000000001,0.21768000000000001,0.18961,0.24609,0.23128000000000001
416.00918999999999,0.055010000000000003,0.087099999999999997,0.12622,0.1817,0.22520999999999999,0.19273000000000001,0.23480999999999999,0.22955
416.27213,0.041739999999999999,0.087300000000000003,0.13267000000000001,0.18884999999999999,0.21740999999999999,0.19026000000000001,0.24356,0.22258
416.53507000000002,0.032219999999999999,0.089510000000000006,0.13855999999999999,0.17655000000000001,0.21584,0.19381999999999999,0.24743000000000001,0.22966
416.79799000000003,0.030630000000000001,0.089450000000000002,0.13197,0.17487,0.21875,0.20407,0.2515,0.23157
417.06090999999998,0.034000000000000002,0.084239999999999995,0.13569000000000001,0.17244999999999999,0.22364999999999999,0.19886000000000001,0.25285000000000002,0.24296000000000001
417.32380999999998,0.047899999999999998,0.085949999999999999,0.13719000000000001,0.17265,0.22031999999999999,0.2006,0.24934000000000001,0.23573
417.58670999999998,0.030509999999999999,0.089560000000000001,0.14076,0.16844999999999999,0.21809000000000001,0.19957,0.24959999999999999,0.22456000000000001
417.84960000000001,0.02358,0.087739999999999999,0.13972999999999999,0.18037,0.2079,0.20313999999999999,0.24883,0.22647
418.11248000000001,0.029960000000000001,0.088639999999999997,0.12989000000000001,0.18328,0.21204999999999999,0.19714000000000001,0.25791999999999998,0.23699000000000001
418.37536,0.030689999999999999,0.082269999999999996,0.13703000000000001,0.18182000000000001,0.21878,0.19209999999999999,0.25169000000000002,0.23655000000000001
418.63821999999999,0.021250000000000002,0.077350000000000002,0.13744999999999999,0.17846000000000001,0.20857000000000001,0.18945999999999999,0.26012999999999997,0.23852999999999999
418.90107999999998,0.030890000000000001,0.085389999999999994,0.13356000000000001,0.18267,0.20504,0.19109999999999999,0.25363000000000002,0.23214000000000001
419.16392999999999,0.032399999999999998,0.089300000000000004,0.12966,0.18276000000000001,0.21029,0.20035,0.25738,0.23755999999999999
419.42676999999998,0.02589,0.088059999999999999,0.13861999999999999,0.17602999999999999,0.20699000000000001,0.19472999999999999,0.26356000000000002,0.23780000000000001
419.68959999999998,0.018579999999999999,0.084640000000000007,0.13716999999999999,0.18084,0.20960000000000001,0.1905,0.25569999999999998,0.22159999999999999
419.95242999999999,0.031189999999999999,0.0809,0.13286000000000001,0.18507999999999999,0.21046999999999999,0.18114,0.25488,0.22395999999999999
420.21523999999999,0.03848,0.080960000000000004,0.13522999999999999,0.18814,0.21562999999999999,0.18751999999999999,0.26157000000000002,0.23263
420.47805,0.030880000000000001,0.080710000000000004,0.13075999999999999,0.18934999999999999,0.22638,0.189,0.25484000000000001,0.23763999999999999
420.74083999999999,0.027910000000000001,0.082669999999999993,0.13714000000000001,0.19381999999999999,0.22375999999999999,0.19370000000000001,0.25096000000000002,0.23089000000000001
421.00362999999999,0.031690000000000003,0.088099999999999998,0.13284000000000001,0.18362999999999999,0.21271000000000001,0.20019999999999999,0.25395000000000001,0.23418
421.26641999999998,0.03603,0.081059999999999993,0.13269,0.17105000000000001,0.22384000000000001,0.19438,0.24787999999999999,0.22319
421.52919000000003,0.032939999999999997,0.083900000000000002,0.13702,0.17177000000000001,0.22192999999999999,0.19645000000000001,0.24895999999999999,0.23744000000000001
421.79194999999999,0.029819999999999999,0.089510000000000006,0.13783000000000001,0.17812,0.22165000000000001,0.19735,0.24973000000000001,0.23588000000000001
422.05471,0.04283,0.081079999999999999,0.13009000000000001,0.17372000000000001,0.21895999999999999,0.19117000000000001,0.25455,0.23074
422.31745999999998,0.039730000000000001,0.07714,0.13739000000000001,0.18046000000000001,0.21034,0.19034000000000001,0.26397999999999999,0.23432
422.58019999999999,0.029499999999999998,0.082699999999999996,0.13519999999999999,0.18065999999999999,0.20771000000000001,0.18984999999999999,0.25320999999999999,0.23688000000000001
422.84293000000002,0.027820000000000001,0.087400000000000005,0.13200999999999999,0.17433999999999999,0.21565999999999999,0.18298,0.24986,0.2339
423.10565000000003,0.025870000000000001,0.088279999999999997,0.13338,0.17360999999999999,0.21529000000000001,0.18554000000000001,0.25275999999999998,0.22159000000000001
423.36837000000003,0.020410000000000001,0.089779999999999999,0.13081999999999999,0.17311000000000001,0.20555999999999999,0.19439999999999999,0.25638,0.23619999999999999
423.63107000000002,0.035729999999999998,0.081540000000000001,0.12931000000000001,0.17054,0.21634,0.19545000000000001,0.24812000000000001,0.24034
423.89377000000002,0.035319999999999997,0.079030000000000003,0.13011,0.17974999999999999,0.21496000000000001,0.1862,0.24773000000000001,0.23527999999999999
424.15645999999998,0.027199999999999998,0.08448,0.13116,0.18042,0.21717,0.17909,0.25083,0.23188
424.41914000000003,0.032419999999999997,0.082970000000000002,0.12923999999999999,0.17926,0.21212,0.18204999999999999,0.24482000000000001,0.23594000000000001
424.68180999999998,0.02912,0.077429999999999999,0.13267999999999999,0.17194000000000001,0.21571000000000001,0.18340000000000001,0.25002000000000002,0.24157000000000001
424.94448,0.028400000000000002,0.074219999999999994,0.13458999999999999,0.16774,0.21682999999999999,0.19458,0.26162999999999997,0.23880999999999999
425.20713000000001,0.02206,0.075480000000000005,0.13056999999999999,0.17932000000000001,0.20824000000000001,0.19264000000000001,0.25468000000000002,0.22811999999999999
425.46978000000001,0.023879999999999998,0.078200000000000006,0.13069,0.17677000000000001,0.21196999999999999,0.18806,0.25374000000000002,0.22475999999999999
425.73241999999999,0.026179999999999998,0.078799999999999995,0.14313999999999999,0.17888999999999999,0.21639,0.18540000000000001,0.2487,0.22892000000000001
425.99504999999999,0.03109,0.086040000000000005,0.14409,0.17702000000000001,0.21973000000000001,0.19064999999999999,0.24904000000000001,0.23349
426.25767000000002,0.02964,0.086559999999999998,0.13811999999999999,0.16897999999999999,0.21798000000000001,0.18712000000000001,0.24465000000000001,0.22852
426.52028999999999,0.025239999999999999,0.088760000000000006,0.1376,0.16675000000000001,0.21798999999999999,0.18867,0.24246000000000001,0.22835
426.78289000000001,0.017690000000000001,0.086650000000000005,0.13395000000000001,0.17762,0.2175,0.19231000000000001,0.24517,0.22822000000000001
427.04548999999997,0.01489,0.077340000000000006,0.13519999999999999,0.17943000000000001,0.21451000000000001,0.18851000000000001,0.25022,0.23532
427.30808000000002,0.033230000000000003,0.079549999999999996,0.13633000000000001,0.17588999999999999,0.2109,0.18839,0.24271000000000001,0.23044999999999999
427.57065999999998,0.034939999999999999,0.082379999999999995,0.13471,0.17926,0.21518000000000001,0.18689,0.24654999999999999,0.22466
427.83323000000001,0.033300000000000003,0.088090000000000002,0.13194,0.17691999999999999,0.21199999999999999,0.18681,0.24439,0.22681999999999999
428.09579000000002,0.018780000000000002,0.090969999999999995,0.13000999999999999,0.17865,0.21332999999999999,0.19020999999999999,0.24557000000000001,0.23100999999999999
428.35834999999997,0.02444,0.083690000000000001,0.13453999999999999,0.17951,0.21443000000000001,0.19606000000000001,0.25076999999999999,0.22725999999999999
428.62090000000001,0.035009999999999999,0.079799999999999996,0.13496,0.18634999999999999,0.21134,0.19001999999999999,0.2487,0.23326
428.88342999999998,0.042599999999999999,0.080670000000000006,0.1363,0.1782,0.21082999999999999,0.18734000000000001,0.23816000000000001,0.22636999999999999
429.14596,0.036200000000000003,0.082400000000000001,0.13100000000000001,0.18043999999999999,0.21393999999999999,0.18894,0.24218000000000001,0.22614999999999999
429.40848,0.033329999999999999,0.080070000000000002,0.13056999999999999,0.18010000000000001,0.21623999999999999,0.20046,0.24857000000000001,0.23380999999999999
429.67099999999999,0.03875,0.083390000000000006,0.13056000000000001,0.17791999999999999,0.21290999999999999,0.19474,0.25411,0.23605999999999999
429.93349999999998,0.034040000000000001,0.085099999999999995,0.13902,0.16949,0.21042,0.18811,0.24801999999999999,0.22398000000000001
430.19600000000003,0.026069999999999999,0.085809999999999997,0.13836000000000001,0.17108999999999999,0.21403,0.18223,0.24621999999999999,0.22578000000000001
430.45848999999998,0.038899999999999997,0.083210000000000006,0.12791,0.17305999999999999,0.20788000000000001,0.18909000000000001,0.24687000000000001,0.23441000000000001
430.72095999999999,0.03984,0.091990000000000002,0.13150000000000001,0.17082,0.2059,0.19089,0.24195,0.23824000000000001
430.98343999999997,0.035900000000000001,0.09035,0.13141,0.1782,0.21057999999999999,0.18873000000000001,0.23838000000000001,0.23316000000000001
431.24590000000001,0.037900000000000003,0.086730000000000002,0.13205,0.17330999999999999,0.21618999999999999,0.18826000000000001,0.24685000000000001,0.23219999999999999
431.50835000000001,0.043999999999999997,0.081680000000000003,0.13003000000000001,0.17777999999999999,0.20466999999999999,0.19081999999999999,0.24529000000000001,0.2344
431.77080000000001,0.039480000000000001,0.079579999999999998,0.13800000000000001,0.17429,0.20530999999999999,0.18165000000000001,0.25076999999999999,0.22942000000000001
432.03323999999998,0.034090000000000002,0.085629999999999998,0.13519999999999999,0.16846,0.20801,0.18611,0.25267000000000001,0.22875000000000001
432.29566,0.03431,0.080320000000000003,0.13327,0.17079,0.20832000000000001,0.19259999999999999,0.24484,0.22835
432.55808999999999,0.036339999999999997,0.082530000000000006,0.13513,0.17093,0.21178,0.19087999999999999,0.25007000000000001,0.23358000000000001
432.82049999999998,0.03304,0.091980000000000006,0.13353999999999999,0.17080999999999999,0.21451999999999999,0.18912999999999999,0.26040000000000002,0.23319000000000001
433.0829,0.033640000000000003,0.0969,0.13464000000000001,0.17321,0.20823,0.19164,0.25411,0.23505999999999999
433.34530000000001,0.019609999999999999,0.085150000000000003,0.13744000000000001,0.17693,0.21171000000000001,0.18317,0.24981999999999999,0.22875999999999999
433.60768000000002,0.022419999999999999,0.082229999999999998,0.13091,0.18129000000000001,0.21345,0.18475,0.2505,0.2334
433.87006000000002,0.03347,0.084279999999999994,0.12567,0.17671000000000001,0.20971000000000001,0.18962999999999999,0.25320999999999999,0.23494999999999999
434.13243,0.036799999999999999,0.078560000000000005,0.12933,0.17175000000000001,0.21009,0.18858,0.24385000000000001,0.23300999999999999
434.39479,0.038600000000000002,0.083559999999999995,0.12741,0.17448,0.21401999999999999,0.18656,0.24582000000000001,0.23019000000000001
434.65715,0.036310000000000002,0.083659999999999998,0.12687000000000001,0.17868999999999999,0.21443000000000001,0.18720000000000001,0.25291000000000002,0.22796
434.91949,0.03848,0.084269999999999998,0.13013,0.17541000000000001,0.21471000000000001,0.18786,0.25541999999999998,0.22625999999999999
435.18182999999999,0.03848,0.085540000000000005,0.13002,0.17474999999999999,0.21665000000000001,0.18326000000000001,0.25087999999999999,0.22864999999999999
435.44414999999998,0.038159999999999999,0.079769999999999994,0.13009999999999999,0.18160000000000001,0.20948,0.18593000000000001,0.25317000000000001,0.23208999999999999
435.70647000000002,0.033140000000000003,0.082830000000000001,0.12820999999999999,0.17585999999999999,0.20827000000000001,0.19409000000000001,0.25291000000000002,0.24027000000000001
435.96879000000001,0.027910000000000001,0.081530000000000005,0.12894,0.17274999999999999,0.20813999999999999,0.19675000000000001,0.25133,0.23932999999999999
436.23108999999999,0.035499999999999997,0.079890000000000003,0.13328000000000001,0.17582,0.20683000000000001,0.18726999999999999,0.24768999999999999,0.23751
436.49338,0.038289999999999998,0.085430000000000006,0.13081000000000001,0.16866,0.20605000000000001,0.18572,0.24868000000000001,0.23441000000000001
436.75567000000001,0.031820000000000001,0.083500000000000005,0.12597,0.16847000000000001,0.20638000000000001,0.18855,0.25518999999999997,0.21890000000000001
437.01794000000001,0.027390000000000001,0.082790000000000002,0.13103000000000001,0.17455000000000001,0.20866999999999999,0.18872,0.25298999999999999,0.21904000000000001
437.28021000000001,0.034049999999999997,0.084610000000000005,0.13320000000000001,0.17319000000000001,0.21182000000000001,0.18156,0.25194,0.22126000000000001
437.54246999999998,0.03483,0.088289999999999993,0.13350999999999999,0.17394000000000001,0.21142,0.18007000000000001,0.24457000000000001,0.22755
437.80473000000001,0.033300000000000003,0.083790000000000003,0.13341,0.17000999999999999,0.21118000000000001,0.18440999999999999,0.24697,0.22475999999999999
438.06697000000003,0.028139999999999998,0.090399999999999994,0.13497000000000001,0.16886000000000001,0.20291999999999999,0.18740000000000001,0.2472,0.22478999999999999
438.32920000000001,0.03322,0.079469999999999999,0.13048999999999999,0.16614999999999999,0.21048,0.18326000000000001,0.24160000000000001,0.23882
438.59143,0.030210000000000001,0.082989999999999994,0.12474,0.16816999999999999,0.21232999999999999,0.17843000000000001,0.24099000000000001,0.23597000000000001
438.85365000000002,0.029080000000000002,0.079769999999999994,0.12887000000000001,0.17188999999999999,0.20497000000000001,0.18487999999999999,0.24203,0.22692999999999999
439.11586,0.03764,0.085489999999999997,0.13378999999999999,0.17535999999999999,0.20179,0.18673999999999999,0.24259,0.22151000000000001
439.37806,0.0419,0.084779999999999994,0.13875000000000001,0.16858000000000001,0.20177,0.18834999999999999,0.24084,0.22606000000000001
439.64024999999998,0.03943,0.087300000000000003,0.13431999999999999,0.16772000000000001,0.20466000000000001,0.18726000000000001,0.23802000000000001,0.23072999999999999
439.90244000000001,0.036249999999999998,0.086470000000000005,0.12898999999999999,0.17713999999999999,0.20856,0.18789,0.24609,0.2291
440.16460999999998,0.035560000000000001,0.087669999999999998,0.13023999999999999,0.17533000000000001,0.20905000000000001,0.18498000000000001,0.24798000000000001,0.22816
440.42678000000001,0.033770000000000001,0.08677,0.12726000000000001,0.17818999999999999,0.20968999999999999,0.18245,0.24571000000000001,0.2283
440.68894,0.032930000000000001,0.089359999999999995,0.12634000000000001,0.17754,0.20909,0.18462999999999999,0.24903,0.23289000000000001
440.95109000000002,0.03952,0.082629999999999995,0.12858,0.16861999999999999,0.20609,0.17801,0.25252000000000002,0.23512
441.21323000000001,0.04539,0.081320000000000003,0.12964999999999999,0.17215,0.20302000000000001,0.17995,0.24637000000000001,0.22853000000000001
441.47537,0.040000000000000001,0.079589999999999994,0.12665999999999999,0.17412,0.20749000000000001,0.18767,0.25144,0.23158000000000001
441.73748999999998,0.037929999999999998,0.086970000000000006,0.13155,0.17074,0.21049000000000001,0.18551000000000001,0.25097000000000003,0.23433000000000001
441.99961000000002,0.03057,0.085269999999999999,0.12848999999999999,0.17588999999999999,0.20069000000000001,0.18645,0.25233,0.23182
442.26172000000003,0.030259999999999999,0.084970000000000004,0.12862999999999999,0.17609,0.20018,0.18246000000000001,0.24711,0.23105000000000001
442.52382,0.03601,0.08788,0.12981000000000001,0.17648,0.20954999999999999,0.17949999999999999,0.24334,0.22982
442.78591,0.033180000000000001,0.092600000000000002,0.1245,0.17241999999999999,0.21199000000000001,0.18132000000000001,0.24615000000000001,0.22842999999999999
443.04799000000003,0.034939999999999999,0.089200000000000002,0.12298000000000001,0.17277000000000001,0.20563999999999999,0.18382000000000001,0.23898,0.23114999999999999
443.31007,0.031060000000000001,0.089590000000000003,0.12792000000000001,0.17172999999999999,0.21043999999999999,0.18451999999999999,0.24187,0.22578000000000001
443.57213000000002,0.031850000000000003,0.093530000000000002,0.13016,0.16753000000000001,0.20524000000000001,0.18325,0.24276,0.22728999999999999
443.83418999999998,0.03968,0.090749999999999997,0.13084999999999999,0.16936000000000001,0.20419999999999999,0.18289,0.24754000000000001,0.23791000000000001
444.09624000000002,0.04011,0.089730000000000004,0.12837000000000001,0.16947000000000001,0.19883999999999999,0.18679000000000001,0.24726000000000001,0.23304
444.35827999999998,0.034639999999999997,0.085029999999999994,0.12901000000000001,0.17104,0.19889999999999999,0.18296000000000001,0.24759999999999999,0.23182
444.62031000000002,0.032070000000000001,0.084640000000000007,0.12831000000000001,0.16982,0.20805000000000001,0.18273,0.24446000000000001,0.22785
444.88234,0.029600000000000001,0.086220000000000005,0.12883,0.17246,0.20782,0.17904,0.24723999999999999,0.23322000000000001
445.14434999999997,0.035290000000000002,0.082129999999999995,0.13155,0.17408999999999999,0.20734,0.18296999999999999,0.24909999999999999,0.22694
445.40636000000001,0.04233,0.088010000000000005,0.13120999999999999,0.16647999999999999,0.20014000000000001,0.18478,0.24798000000000001,0.22470999999999999
445.66836000000001,0.036330000000000001,0.090289999999999995,0.12906999999999999,0.16672999999999999,0.20412,0.18215000000000001,0.24887000000000001,0.22459000000000001
445.93034999999998,0.035400000000000001,0.090240000000000001,0.12631999999999999,0.16711999999999999,0.20527999999999999,0.17823,0.24623,0.22997000000000001
446.19233000000003,0.034079999999999999,0.089429999999999996,0.12350999999999999,0.16228000000000001,0.20282,0.17979999999999999,0.24041000000000001,0.23227
446.45429999999999,0.037510000000000002,0.086730000000000002,0.12662999999999999,0.1691,0.20583000000000001,0.18429000000000001,0.24779000000000001,0.22808
446.71627000000001,0.034880000000000001,0.081909999999999997,0.13092000000000001,0.17172999999999999,0.20627999999999999,0.18329999999999999,0.25006,0.22963
446.97823,0.038969999999999998,0.087709999999999996,0.13139000000000001,0.17313000000000001,0.20177,0.1827,0.24621000000000001,0.22617000000000001
447.24016999999998,0.042529999999999998,0.091170000000000001,0.12808,0.17363999999999999,0.20338999999999999,0.18342,0.24413000000000001,0.23139999999999999
447.50211000000002,0.04573,0.092230000000000006,0.12709000000000001,0.16879,0.20349999999999999,0.18154999999999999,0.24329000000000001,0.22855
447.76404000000002,0.036659999999999998,0.090800000000000006,0.12426,0.16691,0.20710000000000001,0.18113000000000001,0.24524000000000001,0.22511999999999999
448.02596999999997,0.0339,0.086709999999999995,0.12698000000000001,0.16403999999999999,0.20841000000000001,0.18032999999999999,0.2437,0.22738
448.28787999999997,0.035380000000000002,0.085099999999999995,0.12912000000000001,0.16639000000000001,0.20699000000000001,0.17916000000000001,0.24932000000000001,0.2351
448.54978999999997,0.034569999999999997,0.087190000000000004,0.12823000000000001,0.16275000000000001,0.20488999999999999,0.18473999999999999,0.24746000000000001,0.23522999999999999
448.81168000000002,0.036409999999999998,0.08269,0.12781000000000001,0.16481000000000001,0.20215,0.19250999999999999,0.25467000000000001,0.23222000000000001
449.07357000000002,0.04113,0.084629999999999997,0.12842000000000001,0.16936000000000001,0.20202999999999999,0.18801999999999999,0.25102999999999998,0.23313
449.33544999999998,0.034430000000000002,0.088469999999999993,0.12365,0.16805999999999999,0.20458000000000001,0.18451999999999999,0.24473,0.23585999999999999
449.59732000000002,0.039120000000000002,0.089840000000000003,0.12648000000000001,0.16682,0.19955999999999999,0.17688000000000001,0.24812000000000001,0.22871
449.85919000000001,0.035159999999999997,0.087499999999999994,0.12653,0.16791,0.19606999999999999,0.17915,0.24540999999999999,0.22559999999999999
450.12103999999999,0.038219999999999997,0.090230000000000005,0.12811,0.17101,0.20477000000000001,0.18053,0.23910999999999999,0.22919999999999999
450.38288999999997,0.033919999999999999,0.086730000000000002,0.12925,0.16685,0.20377999999999999,0.18013999999999999,0.24371999999999999,0.23178000000000001
450.64472999999998,0.031189999999999999,0.084220000000000003,0.12767999999999999,0.16625999999999999,0.20244000000000001,0.18121000000000001,0.25073000000000001,0.23104
450.90656000000001,0.03594,0.087309999999999999,0.12995000000000001,0.1716,0.19836000000000001,0.18210999999999999,0.24956,0.22674
451.16838000000001,0.039379999999999998,0.087510000000000004,0.12809000000000001,0.17354,0.20268,0.17974000000000001,0.24224999999999999,0.23391000000000001
451.43018999999998,0.040230000000000002,0.084470000000000003,0.12870999999999999,0.16591,0.21093999999999999,0.17699999999999999,0.24643999999999999,0.24032000000000001
451.69198999999998,0.0378,0.083320000000000005,0.12964999999999999,0.16403000000000001,0.21065999999999999,0.17771000000000001,0.23927000000000001,0.23524999999999999
451.95379000000003,0.035340000000000003,0.084260000000000002,0.12897,0.17022999999999999,0.20369999999999999,0.17942,0.23558000000000001,0.23125000000000001
452.21557999999999,0.036889999999999999,0.086139999999999994,0.122,0.17047000000000001,0.19988,0.17831,0.23358000000000001,0.22985
452.47735,0.039230000000000001,0.084500000000000006,0.12536,0.17168,0.19019,0.17654,0.23859,0.2326
452.73912000000001,0.03798,0.084409999999999999,0.12307999999999999,0.17172999999999999,0.19874,0.18168999999999999,0.23876,0.23401
453.00088,0.028729999999999999,0.083739999999999995,0.12401,0.17094999999999999,0.20391000000000001,0.18246000000000001,0.23963000000000001,0.23302999999999999
453.26263999999998,0.04233,0.085330000000000003,0.12623999999999999,0.16561999999999999,0.19892000000000001,0.18518999999999999,0.24398,0.22825999999999999
453.52438000000001,0.041480000000000003,0.085709999999999995,0.12483,0.16572000000000001,0.19989999999999999,0.18184,0.24306,0.22511
453.78611999999998,0.036400000000000002,0.085110000000000005,0.12373000000000001,0.16603000000000001,0.20276,0.18529999999999999,0.24041000000000001,0.22917999999999999
454.04784999999998,0.034290000000000001,0.087340000000000001,0.12300999999999999,0.16813,0.20402000000000001,0.18429999999999999,0.23893,0.23100000000000001
454.30957000000001,0.032910000000000002,0.086169999999999997,0.12615000000000001,0.16678000000000001,0.19803999999999999,0.18121999999999999,0.23860999999999999,0.23365
454.57128,0.040329999999999998,0.086180000000000007,0.12706999999999999,0.16220000000000001,0.20083000000000001,0.18117,0.24478,0.23017000000000001
454.83298000000002,0.046120000000000001,0.086400000000000005,0.12573999999999999,0.16400999999999999,0.20504,0.17768999999999999,0.24918999999999999,0.23146
455.09467000000001,0.043409999999999997,0.083680000000000004,0.1278,0.16697000000000001,0.20246,0.17810999999999999,0.24027000000000001,0.23235
455.35636,0.043400000000000001,0.083699999999999997,0.12853999999999999,0.16471,0.19889000000000001,0.17963000000000001,0.23733000000000001,0.22628999999999999
455.61802999999998,0.041860000000000001,0.088160000000000002,0.12845999999999999,0.16034000000000001,0.19494,0.17718,0.24445,0.22953999999999999
455.87970000000001,0.037879999999999997,0.085239999999999996,0.12408,0.16522000000000001,0.19900000000000001,0.17713000000000001,0.24082999999999999,0.22996
456.14136000000002,0.038859999999999999,0.085500000000000007,0.12330000000000001,0.16147,0.20358000000000001,0.17563000000000001,0.23744000000000001,0.23341000000000001
456.40300999999999,0.041279999999999997,0.085220000000000004,0.12654000000000001,0.16470000000000001,0.19977,0.17854999999999999,0.23425000000000001,0.22497
456.66466000000003,0.042619999999999998,0.090139999999999998,0.124,0.16550000000000001,0.19735,0.17552999999999999,0.23471,0.22458
456.92628999999999,0.038739999999999997,0.091910000000000006,0.12333,0.16341,0.19761999999999999,0.17627000000000001,0.23996999999999999,0.22728000000000001
457.18792000000002,0.037339999999999998,0.091520000000000004,0.12705,0.16505,0.19969000000000001,0.17946999999999999,0.24332000000000001,0.22917999999999999
457.44952999999998,0.040469999999999999,0.091969999999999996,0.12967999999999999,0.16791,0.20019000000000001,0.17796000000000001,0.24339,0.22908999999999999
457.71114,0.038850000000000003,0.089649999999999994,0.12912999999999999,0.16550999999999999,0.19914000000000001,0.17718999999999999,0.24365000000000001,0.22622
457.97273999999999,0.033649999999999999,0.088010000000000005,0.12435,0.15908,0.20116999999999999,0.17793,0.24443999999999999,0.22212000000000001
458.23433,0.03916,0.0906,0.12534999999999999,0.16152,0.20136000000000001,0.18067,0.24454000000000001,0.22378999999999999
458.49592000000001,0.038249999999999999,0.089169999999999999,0.12512000000000001,0.1668,0.19805,0.17910000000000001,0.23838000000000001,0.22686999999999999
458.75749000000002,0.044749999999999998,0.085080000000000003,0.13083,0.16641,0.19688,0.17524999999999999,0.24393000000000001,0.22450000000000001
459.01906000000002,0.046980000000000001,0.084220000000000003,0.13239999999999999,0.16136,0.19733999999999999,0.17960999999999999,0.23954,0.22289
459.28062,0.046739999999999997,0.09035,0.13397000000000001,0.16045000000000001,0.20075000000000001,0.17845,0.24121999999999999,0.22525000000000001
459.54217,0.042439999999999999,0.088260000000000005,0.12973999999999999,0.16272,0.19699,0.17793,0.24709,0.22836999999999999
459.80371000000002,0.04444,0.089429999999999996,0.12770999999999999,0.16428000000000001,0.19405,0.18002000000000001,0.24632999999999999,0.23250000000000001
460.06524000000002,0.040070000000000001,0.095640000000000003,0.13016,0.16897999999999999,0.19347,0.17842,0.23752000000000001,0.22969000000000001
460.32675999999998,0.0402,0.091649999999999995,0.13124,0.16783999999999999,0.19277,0.17823,0.23438000000000001,0.22932
460.58828,0.038100000000000002,0.088709999999999997,0.12817000000000001,0.16642000000000001,0.19417000000000001,0.17988000000000001,0.23638999999999999,0.22980999999999999
460.84978999999998,0.043220000000000001,0.088389999999999996,0.12844,0.16384000000000001,0.19423000000000001,0.17538000000000001,0.23963000000000001,0.2291
461.11128000000002,0.04326,0.092950000000000005,0.13078000000000001,0.16114999999999999,0.19373000000000001,0.17297000000000001,0.24038999999999999,0.22703000000000001
461.37277,0.040410000000000001,0.092090000000000005,0.12875,0.15925,0.19389000000000001,0.17591000000000001,0.24196999999999999,0.22303999999999999
461.63425000000001,0.034139999999999997,0.088550000000000004,0.12891,0.16091,0.19828000000000001,0.17716000000000001,0.24134,0.22452
461.89573000000001,0.042070000000000003,0.087709999999999996,0.12992000000000001,0.16077,0.19767999999999999,0.17724999999999999,0.24095,0.22492999999999999
462.15719000000001,0.042860000000000002,0.092969999999999997,0.12664,0.16009000000000001,0.19919999999999999,0.17774999999999999,0.24393000000000001,0.22561999999999999
462.41865000000001,0.041399999999999999,0.089590000000000003,0.12518000000000001,0.16449,0.19561999999999999,0.17412,0.24471999999999999,0.22597
462.68009000000001,0.040680000000000001,0.087319999999999995,0.12837999999999999,0.16386000000000001,0.20136999999999999,0.17280000000000001,0.24648999999999999,0.23107
462.94153,0.03644,0.089450000000000002,0.12948000000000001,0.16611999999999999,0.19747000000000001,0.17099,0.24829000000000001,0.23477000000000001
463.20296000000002,0.035720000000000002,0.088370000000000004,0.12767000000000001,0.16775999999999999,0.19475999999999999,0.17424999999999999,0.24404999999999999,0.22461999999999999
463.46438000000001,0.038879999999999998,0.087309999999999999,0.1241,0.16367000000000001,0.19428999999999999,0.17396,0.24260999999999999,0.21965000000000001
463.72579999999999,0.045240000000000002,0.089569999999999997,0.12639,0.16223000000000001,0.19459000000000001,0.17182,0.24113000000000001,0.22316
463.98719999999997,0.04052,0.089779999999999999,0.13122,0.16259000000000001,0.19272,0.17543,0.24127999999999999,0.22636999999999999
464.24860000000001,0.038859999999999999,0.088539999999999994,0.13239000000000001,0.1651,0.19719,0.17541999999999999,0.24335999999999999,0.22519
464.50999000000002,0.044589999999999998,0.089260000000000006,0.12870000000000001,0.16211,0.20097999999999999,0.17554,0.24027999999999999,0.22658
464.77136999999999,0.045280000000000001,0.090910000000000005,0.12998999999999999,0.16325000000000001,0.19786999999999999,0.17623,0.23730999999999999,0.22413
465.03273999999999,0.040489999999999998,0.091009999999999994,0.13047,0.16425000000000001,0.19242000000000001,0.17838000000000001,0.23721,0.22226000000000001
465.29410000000001,0.040210000000000003,0.08863,0.12841,0.16569,0.18895999999999999,0.17948,0.23718,0.22276000000000001
465.55545000000001,0.041329999999999999,0.088069999999999996,0.12716,0.16839999999999999,0.19339999999999999,0.17904,0.23744999999999999,0.22486999999999999
465.8168,0.040070000000000001,0.088520000000000001,0.12741,0.17202999999999999,0.19889000000000001,0.17732000000000001,0.23671,0.22409000000000001
466.07812999999999,0.037139999999999999,0.088889999999999997,0.12612000000000001,0.16592000000000001,0.19839000000000001,0.17394999999999999,0.23849999999999999,0.22896
466.33945999999997,0.041799999999999997,0.090499999999999997,0.12687999999999999,0.16374,0.19725999999999999,0.16805999999999999,0.23862,0.22803000000000001
466.60077999999999,0.042979999999999997,0.089910000000000004,0.12953999999999999,0.16586000000000001,0.19172,0.17474999999999999,0.23665,0.22713
466.86209000000002,0.04335,0.088529999999999998,0.12927,0.1656,0.19325000000000001,0.17509,0.23250999999999999,0.22839999999999999
467.1234,0.043360000000000003,0.09017,0.12714,0.16320000000000001,0.19511000000000001,0.16986999999999999,0.23128000000000001,0.23258999999999999
467.38468999999998,0.042939999999999999,0.089529999999999998,0.1273,0.16658000000000001,0.19445000000000001,0.16941999999999999,0.23021,0.23104
467.64596999999998,0.041540000000000001,0.090560000000000002,0.13145999999999999,0.16286999999999999,0.19134000000000001,0.17036999999999999,0.23083000000000001,0.22903000000000001
467.90724999999998,0.045229999999999999,0.092149999999999996,0.12956999999999999,0.16406000000000001,0.19181000000000001,0.16903000000000001,0.23923,0.22725000000000001
468.16852,0.043450000000000003,0.092149999999999996,0.12801000000000001,0.16586000000000001,0.1928,0.17419000000000001,0.23597000000000001,0.2223
468.42977999999999,0.043999999999999997,0.094,0.12564,0.16289999999999999,0.18723000000000001,0.17052999999999999,0.23796999999999999,0.22136
468.69103000000001,0.039210000000000002,0.092189999999999994,0.1265,0.16292000000000001,0.18634000000000001,0.17005000000000001,0.23094000000000001,0.22611999999999999
468.95227,0.036909999999999998,0.090620000000000006,0.12614,0.16148000000000001,0.19023000000000001,0.17088,0.23068,0.22633
469.21350999999999,0.039820000000000001,0.090050000000000005,0.12575,0.16139000000000001,0.19564999999999999,0.17354,0.23649000000000001,0.22381999999999999
469.47473000000002,0.043479999999999998,0.089249999999999996,0.12494,0.16209999999999999,0.19239999999999999,0.17763999999999999,0.24046000000000001,0.22549
469.73595,0.048930000000000001,0.091020000000000004,0.12878999999999999,0.16605,0.19047,0.17266999999999999,0.23699999999999999,0.22283
469.99716000000001,0.04761,0.092799999999999994,0.12781999999999999,0.16847000000000001,0.19339999999999999,0.1696,0.23554,0.22278999999999999
470.25835999999998,0.04836,0.092160000000000006,0.12733,0.16625999999999999,0.19383,0.16750999999999999,0.23691999999999999,0.22806000000000001
470.51954999999998,0.042750000000000003,0.088719999999999993,0.12790000000000001,0.16389000000000001,0.19925000000000001,0.17074,0.23294999999999999,0.22856000000000001
470.78073000000001,0.045249999999999999,0.090090000000000003,0.12936,0.1658,0.19572000000000001,0.17099,0.23207,0.22964000000000001
471.04190999999997,0.050279999999999998,0.091490000000000002,0.12819,0.15981999999999999,0.18815000000000001,0.17008999999999999,0.22878000000000001,0.22583
471.30306999999999,0.045839999999999999,0.086540000000000006,0.12659999999999999,0.15734999999999999,0.18920000000000001,0.16999,0.22720000000000001,0.22695000000000001
471.56423000000001,0.04317,0.088150000000000006,0.12747,0.16069,0.19213,0.1706,0.23405000000000001,0.22534000000000001
471.82538,0.043610000000000003,0.094990000000000005,0.12848999999999999,0.16128999999999999,0.18953999999999999,0.17449000000000001,0.23433000000000001,0.22222
472.08652000000001,0.040370000000000003,0.093020000000000005,0.1278,0.16084000000000001,0.18820999999999999,0.17437,0.22916,0.22036
472.34764999999999,0.038370000000000001,0.094130000000000005,0.12348000000000001,0.16147,0.18781,0.17191999999999999,0.2334,0.22151000000000001
472.60878000000002,0.043159999999999997,0.095009999999999997,0.12737000000000001,0.16259000000000001,0.1905,0.17096,0.23344999999999999,0.22226000000000001
472.86989,0.041660000000000003,0.097869999999999999,0.126,0.16263,0.19236,0.16872999999999999,0.2344,0.22031999999999999
473.13099999999997,0.045190000000000001,0.094100000000000003,0.12776000000000001,0.16458,0.19275,0.17252000000000001,0.23502999999999999,0.22212000000000001
473.39210000000003,0.04385,0.092179999999999998,0.12867999999999999,0.16227,0.19219,0.16996,0.23477999999999999,0.22486999999999999
473.65319,0.040169999999999997,0.090709999999999999,0.12875,0.16283,0.19106000000000001,0.16964000000000001,0.23150999999999999,0.22334000000000001
473.91426999999999,0.0407,0.090539999999999995,0.12867000000000001,0.1603,0.19255,0.16749,0.22647,0.22427
474.17534000000001,0.04546,0.095449999999999993,0.12827,0.16078000000000001,0.19148999999999999,0.16914000000000001,0.22797999999999999,0.22483
474.43639999999999,0.044659999999999998,0.094070000000000001,0.12476,0.16111,0.18908,0.16855000000000001,0.22989000000000001,0.22201000000000001
474.69745999999998,0.049630000000000001,0.091639999999999999,0.12806999999999999,0.15831000000000001,0.18926999999999999,0.16727,0.23018,0.22070999999999999
474.95850000000002,0.048309999999999999,0.092369999999999994,0.12801000000000001,0.15695999999999999,0.18719,0.17241999999999999,0.23025000000000001,0.21981999999999999
475.21953999999999,0.046670000000000003,0.094109999999999999,0.12731999999999999,0.15681999999999999,0.18845000000000001,0.17221,0.22586999999999999,0.21923000000000001
475.48057,0.045589999999999999,0.096509999999999999,0.13045000000000001,0.15518000000000001,0.18632000000000001,0.16764999999999999,0.22488,0.22237000000000001
475.74158999999997,0.042529999999999998,0.094189999999999996,0.12862999999999999,0.15894,0.19137000000000001,0.16705999999999999,0.23125000000000001,0.22255
476.00259999999997,0.04045,0.093820000000000001,0.13039999999999999,0.16061,0.19108,0.1671,0.23122000000000001,0.22378999999999999
476.26361000000003,0.042599999999999999,0.094500000000000001,0.13161,0.16028000000000001,0.18987000000000001,0.16839000000000001,0.23236000000000001,0.22358
476.52460000000002,0.047460000000000002,0.094560000000000005,0.12762000000000001,0.15912999999999999,0.1908,0.16916,0.23385,0.22509999999999999
476.78559000000001,0.044420000000000001,0.094200000000000006,0.12723000000000001,0.16170000000000001,0.19070000000000001,0.16533999999999999,0.23402999999999999,0.22237000000000001
477.04656999999997,0.04836,0.095439999999999997,0.12809999999999999,0.16336000000000001,0.18865999999999999,0.16267999999999999,0.23239000000000001,0.22252
477.30754000000002,0.047480000000000001,0.095079999999999998,0.12812999999999999,0.16420000000000001,0.18712999999999999,0.16735,0.23241999999999999,0.22708999999999999
477.56849999999997,0.047910000000000001,0.094049999999999995,0.13059000000000001,0.16245999999999999,0.18747,0.16491,0.23472000000000001,0.22542000000000001
477.82945000000001,0.04342,0.094670000000000004,0.13119,0.16220999999999999,0.1857,0.16508999999999999,0.23422000000000001,0.22026999999999999
478.09039000000001,0.04165,0.092020000000000005,0.13208,0.16456999999999999,0.18382000000000001,0.16855999999999999,0.23422000000000001,0.22094
478.35133000000002,0.039019999999999999,0.092310000000000003,0.13116,0.16547999999999999,0.18371000000000001,0.16744999999999999,0.23141,0.21562000000000001
478.61225999999999,0.037530000000000001,0.093590000000000007,0.13070000000000001,0.16303000000000001,0.18411,0.16766,0.2303,0.21939
478.87317000000002,0.039890000000000002,0.094740000000000005,0.12831000000000001,0.15948999999999999,0.18575,0.16525000000000001,0.22847000000000001,0.22525999999999999
479.13407999999998,0.040000000000000001,0.095100000000000004,0.12809999999999999,0.16045000000000001,0.18739,0.16439000000000001,0.22969000000000001,0.22514000000000001
479.39497999999998,0.040759999999999998,0.096060000000000006,0.12740000000000001,0.16183,0.18484,0.16642000000000001,0.22878000000000001,0.22378000000000001
479.65588000000002,0.044380000000000003,0.096420000000000006,0.12733,0.16244,0.18678,0.16328000000000001,0.22866,0.22159999999999999
479.91676000000001,0.043700000000000003,0.098089999999999997,0.12975999999999999,0.16187000000000001,0.18432000000000001,0.16339999999999999,0.22778000000000001,0.22040000000000001
480.17764,0.045289999999999997,0.096970000000000001,0.13235,0.15964999999999999,0.18640999999999999,0.16436999999999999,0.22799,0.21801000000000001
480.43849999999998,0.047109999999999999,0.095100000000000004,0.13303000000000001,0.15784000000000001,0.18901999999999999,0.16277,0.2291,0.22294
480.69936000000001,0.042160000000000003,0.092189999999999994,0.13253999999999999,0.16284000000000001,0.18958,0.16366,0.23252,0.22448000000000001
480.96021000000002,0.04199,0.093280000000000002,0.13067000000000001,0.16514999999999999,0.18632000000000001,0.16356000000000001,0.22833000000000001,0.22281999999999999
481.22104999999999,0.044330000000000001,0.10009999999999999,0.12939000000000001,0.16517000000000001,0.18662999999999999,0.16517000000000001,0.22666,0.22378000000000001
481.48187999999999,0.04487,0.098809999999999995,0.13117000000000001,0.16434000000000001,0.18597,0.16364999999999999,0.23149,0.22248000000000001
481.74270999999999,0.04827,0.098199999999999996,0.13097,0.15908,0.18614,0.16338,0.23091999999999999,0.22206999999999999
482.00351999999998,0.047870000000000003,0.099930000000000005,0.12991,0.16158,0.18584000000000001,0.16408,0.23071,0.22072
482.26432999999997,0.04802,0.10187,0.13100000000000001,0.16389999999999999,0.18595999999999999,0.16152,0.22986000000000001,0.22153
482.52512999999999,0.04786,0.10384,0.12816,0.16497000000000001,0.18396999999999999,0.16152,0.23071,0.22106000000000001
482.78591999999998,0.046559999999999997,0.10183,0.13028999999999999,0.16503000000000001,0.18245,0.16081999999999999,0.23211000000000001,0.223
483.04669999999999,0.044060000000000002,0.10095999999999999,0.13097,0.1648,0.1835,0.16416,0.22506999999999999,0.22083
483.30747000000002,0.044970000000000003,0.10124,0.12975999999999999,0.16521,0.18387000000000001,0.1671,0.22733,0.21692
483.56824,0.04614,0.10134,0.13128999999999999,0.16525000000000001,0.1847,0.16558,0.22958999999999999,0.21926999999999999
483.82898999999998,0.046050000000000001,0.098780000000000007,0.12920999999999999,0.16331000000000001,0.18657000000000001,0.16375999999999999,0.22808,0.22108
484.08974000000001,0.048320000000000002,0.10051,0.1313,0.16250000000000001,0.18772,0.16381000000000001,0.22997999999999999,0.21868000000000001
484.35048,0.049419999999999999,0.098239999999999994,0.13497000000000001,0.16478000000000001,0.18548999999999999,0.16206000000000001,0.23105999999999999,0.21708
484.61121000000003,0.051709999999999999,0.096430000000000002,0.13358999999999999,0.16305,0.18521000000000001,0.15989,0.22872999999999999,0.22126999999999999
484.87193000000002,0.04845,0.098140000000000005,0.13411000000000001,0.16253999999999999,0.18495,0.1615,0.22764999999999999,0.22303999999999999
485.13263999999998,0.04505,0.098489999999999994,0.13536999999999999,0.16073999999999999,0.18410000000000001,0.16091,0.22741,0.22264
485.39334000000002,0.043619999999999999,0.0969,0.13325000000000001,0.16258,0.18440999999999999,0.16164000000000001,0.22733,0.22120000000000001
485.65404000000001,0.048090000000000001,0.097919999999999993,0.13395000000000001,0.16292000000000001,0.18143999999999999,0.16134000000000001,0.22387000000000001,0.21854999999999999
485.91473000000002,0.050909999999999997,0.099510000000000001,0.13228999999999999,0.16541,0.18353,0.16117000000000001,0.22428999999999999,0.22141
486.17540000000002,0.047989999999999998,0.10052999999999999,0.13200000000000001,0.16541,0.18451999999999999,0.15961,0.22461,0.22
486.43606999999997,0.049209999999999997,0.10009,0.13458000000000001,0.16514000000000001,0.18714,0.15886,0.22423999999999999,0.22062999999999999
486.69673,0.050659999999999997,0.10042,0.13605,0.16508999999999999,0.18756,0.15792,0.22375,0.22156999999999999
486.95738999999998,0.05194,0.099809999999999996,0.13661999999999999,0.16503999999999999,0.18487000000000001,0.15826999999999999,0.22431999999999999,0.21786
487.21803,0.052080000000000001,0.10095,0.13489000000000001,0.16446,0.18254000000000001,0.15592,0.22234000000000001,0.21911
487.47867000000002,0.053400000000000003,0.10072,0.13671,0.16585,0.18490000000000001,0.15853999999999999,0.22431000000000001,0.21759999999999999
487.73928999999998,0.053359999999999998,0.10287,0.13775999999999999,0.16656000000000001,0.18518999999999999,0.15892999999999999,0.22406999999999999,0.21923000000000001
487.99991,0.05212,0.10203,0.13739999999999999,0.16647999999999999,0.18312,0.16008,0.22017999999999999,0.22239
488.26051999999999,0.04845,0.10095,0.13811999999999999,0.16508999999999999,0.18632000000000001,0.15970999999999999,0.22192999999999999,0.21992
488.52112,0.049689999999999998,0.10169,0.13749,0.16735,0.18554000000000001,0.16037999999999999,0.22141,0.22095999999999999
488.78170999999998,0.049770000000000002,0.099979999999999999,0.1356,0.16855000000000001,0.18336,0.15884999999999999,0.22169,0.22203999999999999
489.04230000000001,0.04777,0.098479999999999998,0.13794999999999999,0.16739000000000001,0.18348999999999999,0.15798999999999999,0.22128999999999999,0.22197
489.30286999999998,0.048669999999999998,0.098530000000000006,0.13830999999999999,0.16780999999999999,0.18545,0.15855,0.22242999999999999,0.22141
489.56344000000001,0.052019999999999997,0.098470000000000002,0.13732,0.16718,0.18806,0.15754000000000001,0.22169,0.22167000000000001
489.82400000000001,0.051029999999999999,0.10133,0.13915,0.16742000000000001,0.18772,0.15745999999999999,0.22359000000000001,0.22217000000000001
490.08454999999998,0.04471,0.10254000000000001,0.13822000000000001,0.16875999999999999,0.18412999999999999,0.15848000000000001,0.22176000000000001,0.21926999999999999
490.34509000000003,0.041070000000000002,0.10464,0.13789999999999999,0.17079,0.1812,0.15873999999999999,0.22259999999999999,0.21979000000000001
490.60561999999999,0.044150000000000002,0.1065,0.13965,0.16936000000000001,0.18404000000000001,0.15819,0.22167999999999999,0.22087999999999999
490.86613999999997,0.04632,0.10634,0.14108999999999999,0.16914000000000001,0.18615999999999999,0.15767999999999999,0.22239,0.22178
491.12666000000002,0.047820000000000001,0.10674,0.14129,0.16797999999999999,0.18546000000000001,0.15837000000000001,0.22378999999999999,0.22022
491.38715999999999,0.049070000000000003,0.10839,0.14369999999999999,0.16968,0.18503,0.16016,0.22478999999999999,0.21837999999999999
491.64765999999997,0.050360000000000002,0.10512000000000001,0.14354,0.17061999999999999,0.18540000000000001,0.16108,0.22409000000000001,0.21903
491.90814999999998,0.049619999999999997,0.10464,0.14152999999999999,0.16964000000000001,0.18572,0.15911,0.22528000000000001,0.21895000000000001
492.16863000000001,0.050889999999999998,0.10607999999999999,0.14244000000000001,0.17079,0.18490000000000001,0.15676999999999999,0.22151000000000001,0.21948000000000001
492.42910000000001,0.049399999999999999,0.10621999999999999,0.14223,0.17149,0.18731,0.15758,0.22048000000000001,0.22097
492.68957,0.050310000000000001,0.10775,0.14138000000000001,0.16954,0.18922,0.15706999999999999,0.22148000000000001,0.21820999999999999
492.95001999999999,0.053719999999999997,0.10913,0.14163999999999999,0.16850999999999999,0.18944,0.15804000000000001,0.21884999999999999,0.21848999999999999
493.21046999999999,0.055840000000000001,0.10878,0.14227999999999999,0.16886000000000001,0.18809000000000001,0.15701999999999999,0.21964,0.21795999999999999
493.47091,0.05382,0.10712000000000001,0.14338000000000001,0.16964000000000001,0.18770999999999999,0.15795000000000001,0.22089,0.21729999999999999
493.73133000000001,0.05423,0.10808,0.14624000000000001,0.17180999999999999,0.18668000000000001,0.15866,0.22176000000000001,0.21686
493.99176,0.056480000000000002,0.10818,0.14557,0.17238999999999999,0.18595999999999999,0.15706999999999999,0.22116,0.21289
494.25216999999998,0.056329999999999998,0.10594000000000001,0.14363000000000001,0.17287,0.18694,0.1565,0.22156999999999999,0.21279999999999999
494.51256999999998,0.054579999999999997,0.10409,0.14548,0.17199,0.18839,0.15665999999999999,0.21909999999999999,0.21518000000000001
494.77296000000001,0.053990000000000003,0.10689,0.1457,0.17224999999999999,0.19067000000000001,0.15773999999999999,0.22076000000000001,0.21895000000000001
495.03334999999998,0.05407,0.10753,0.14582999999999999,0.17463000000000001,0.19037000000000001,0.15933,0.22106000000000001,0.21954000000000001
495.29372999999998,0.055649999999999998,0.10738,0.14796000000000001,0.17634,0.18726000000000001,0.15984999999999999,0.22239999999999999,0.21936
495.55410000000001,0.05672,0.10971,0.14860999999999999,0.17535000000000001,0.19017000000000001,0.15754000000000001,0.22059000000000001,0.21819
495.81446,0.05978,0.11017,0.14696000000000001,0.17573,0.19037999999999999,0.15905,0.22092999999999999,0.21965000000000001
496.07481000000001,0.059819999999999998,0.11056000000000001,0.14601,0.17579,0.19164,0.1593,0.21879000000000001,0.22119
496.33515,0.055419999999999997,0.11234,0.14618999999999999,0.17610000000000001,0.18995000000000001,0.15842000000000001,0.22119,0.22161
496.59548999999998,0.056239999999999998,0.11139,0.14581,0.17824000000000001,0.19081000000000001,0.15587000000000001,0.22198999999999999,0.22128
496.85581000000002,0.054670000000000003,0.11047,0.14903,0.17731,0.18969,0.15798999999999999,0.21868000000000001,0.21879999999999999
497.11613,0.055960000000000003,0.11071,0.15229999999999999,0.17422000000000001,0.19003,0.15983,0.21797,0.21890000000000001
497.37644,0.059650000000000002,0.11182,0.15157000000000001,0.17663000000000001,0.19192999999999999,0.15758,0.21906999999999999,0.22003
497.63673999999997,0.058209999999999998,0.11402,0.15259,0.17916000000000001,0.19403000000000001,0.15784999999999999,0.21915000000000001,0.21975
497.89702999999997,0.054670000000000003,0.11451,0.15256,0.1797,0.19236,0.15823000000000001,0.21867,0.21934000000000001
498.15731,0.05423,0.11662,0.15287000000000001,0.18040999999999999,0.19162999999999999,0.16063,0.21869,0.21829999999999999
498.41757999999999,0.060249999999999998,0.11703,0.15365999999999999,0.17949000000000001,0.19303999999999999,0.15654999999999999,0.21904999999999999,0.21761
498.67784999999998,0.056669999999999998,0.11805,0.15467,0.17882999999999999,0.19502,0.15729000000000001,0.21865000000000001,0.21995000000000001
498.93810999999999,0.056770000000000001,0.11912,0.15418000000000001,0.18015999999999999,0.19520000000000001,0.15998000000000001,0.21901000000000001,0.21965000000000001
499.19835,0.056329999999999998,0.11894,0.15645999999999999,0.18154000000000001,0.19481000000000001,0.16056000000000001,0.22037999999999999,0.21951000000000001
499.45859000000002,0.05926,0.1168,0.15598000000000001,0.18143999999999999,0.19617999999999999,0.15983,0.21990000000000001,0.21945999999999999
499.71881999999999,0.062050000000000001,0.11658,0.15534999999999999,0.18159,0.19742000000000001,0.15986,0.22101000000000001,0.22056000000000001
499.97904999999997,0.063439999999999996,0.11655,0.15670999999999999,0.18203,0.19531000000000001,0.15923000000000001,0.21793999999999999,0.22092999999999999
500.23926,0.061350000000000002,0.11738999999999999,0.15584999999999999,0.18315999999999999,0.19517999999999999,0.15972,0.21912000000000001,0.21892
500.49946,0.060109999999999997,0.11942,0.15733,0.18432000000000001,0.19622000000000001,0.15831999999999999,0.21934999999999999,0.22020000000000001
500.75966,0.059159999999999997,0.12154,0.15856999999999999,0.188,0.19585,0.15795000000000001,0.22164,0.22092000000000001
501.01985000000002,0.059490000000000001,0.12241,0.15908,0.19039,0.19620000000000001,0.15926000000000001,0.21998999999999999,0.22103
501.28003000000001,0.06019,0.121,0.16014999999999999,0.18798999999999999,0.19775000000000001,0.16055,0.22006000000000001,0.22078999999999999
501.54020000000003,0.06114,0.12216,0.16349,0.18768000000000001,0.19646,0.15831999999999999,0.21956000000000001,0.22325999999999999
501.80036000000001,0.059709999999999999,0.12184,0.16305,0.18855,0.19907,0.15855,0.21765999999999999,0.2213
502.06051000000002,0.061490000000000003,0.12331,0.16184999999999999,0.19051999999999999,0.19867000000000001,0.15889,0.22176000000000001,0.21823999999999999
502.32065999999998,0.063280000000000003,0.12402000000000001,0.16384000000000001,0.19017000000000001,0.19947000000000001,0.15986,0.22402,0.21881999999999999
502.58078999999998,0.058720000000000001,0.12334000000000001,0.16449,0.1933,0.20114000000000001,0.16047,0.22017,0.21884999999999999
502.84091999999998,0.058560000000000001,0.12492,0.16314000000000001,0.19341,0.20054,0.16231999999999999,0.21945999999999999,0.22176000000000001
503.10104000000001,0.063719999999999999,0.12581000000000001,0.16269,0.19491,0.20086999999999999,0.16117000000000001,0.22114,0.21951999999999999
503.36115000000001,0.063890000000000002,0.12655,0.16367000000000001,0.19514999999999999,0.20108999999999999,0.16073000000000001,0.21856,0.22065000000000001
503.62124999999997,0.059040000000000002,0.12623999999999999,0.16611000000000001,0.19231999999999999,0.20093,0.15984000000000001,0.21729999999999999,0.22194
503.88134000000002,0.061960000000000001,0.12783,0.16675999999999999,0.19319,0.20147999999999999,0.15981000000000001,0.21867,0.22095000000000001
504.14143000000001,0.065310000000000007,0.12845000000000001,0.16488,0.19322,0.20244000000000001,0.16158,0.22247,0.22120999999999999
504.4015,0.067919999999999994,0.12953000000000001,0.16777,0.19395000000000001,0.20124,0.161,0.22456000000000001,0.22114
504.66156999999998,0.070389999999999994,0.13006999999999999,0.16969000000000001,0.19639000000000001,0.20200000000000001,0.16122,0.22661000000000001,0.22098999999999999
504.92162999999999,0.068409999999999999,0.12862000000000001,0.17158000000000001,0.19689999999999999,0.20669000000000001,0.16051000000000001,0.22603999999999999,0.22158
505.18167999999997,0.067280000000000006,0.12901000000000001,0.17313000000000001,0.19686999999999999,0.20693,0.16139999999999999,0.22475000000000001,0.22388
505.44171999999998,0.065100000000000005,0.13236999999999999,0.17058000000000001,0.1978,0.20663000000000001,0.16270000000000001,0.22602,0.22434000000000001
505.70175,0.063820000000000002,0.13422000000000001,0.17043,0.20091999999999999,0.20748,0.16284000000000001,0.22383,0.22581000000000001
505.96177,0.062239999999999997,0.13302,0.17208000000000001,0.20216999999999999,0.20832000000000001,0.16259000000000001,0.22345999999999999,0.22278000000000001
506.22179,0.064259999999999998,0.13158,0.17219999999999999,0.20291999999999999,0.20942,0.16461999999999999,0.22508,0.22284999999999999
506.48180000000002,0.064140000000000003,0.12898000000000001,0.17476,0.20524999999999999,0.20982999999999999,0.16458,0.22556000000000001,0.224
506.74178999999998,0.066420000000000007,0.13053000000000001,0.17507,0.20482,0.2122,0.16682,0.22373000000000001,0.22547
507.00178,0.067680000000000004,0.13356000000000001,0.17643,0.20787,0.21199999999999999,0.16575000000000001,0.22497,0.22669
507.26175999999998,0.065490000000000007,0.13550000000000001,0.17718,0.20663000000000001,0.21263000000000001,0.1636,0.22666,0.22556000000000001
507.52172999999999,0.063769999999999993,0.13388,0.17824000000000001,0.20599000000000001,0.21390999999999999,0.16547999999999999,0.22753999999999999,0.22547
507.7817,0.064280000000000004,0.13574,0.17929,0.20732,0.21504000000000001,0.16638,0.22797000000000001,0.22498000000000001
508.04165,0.064769999999999994,0.13686999999999999,0.17996000000000001,0.20826,0.21435999999999999,0.16816,0.23033999999999999,0.22278999999999999
508.30160000000001,0.062359999999999999,0.13714000000000001,0.18228,0.21004999999999999,0.21240999999999999,0.16614999999999999,0.22878999999999999,0.22381000000000001
508.56153999999998,0.062509999999999996,0.13994000000000001,0.18163000000000001,0.21076,0.21454999999999999,0.16485,0.22769,0.22541
508.82146,0.061789999999999998,0.14260999999999999,0.18257999999999999,0.21376999999999999,0.21709999999999999,0.16433,0.22867000000000001,0.22414000000000001
509.08138000000002,0.063020000000000007,0.14032,0.18384,0.21476999999999999,0.21997,0.16836999999999999,0.22647999999999999,0.22392999999999999
509.34129999999999,0.065119999999999997,0.13977000000000001,0.18454999999999999,0.21351000000000001,0.21831,0.16755,0.22742000000000001,0.22542000000000001
509.60120000000001,0.067500000000000004,0.13979,0.18654000000000001,0.21443999999999999,0.21711,0.16850000000000001,0.22459999999999999,0.22500000000000001
509.86108999999999,0.069989999999999997,0.13983000000000001,0.18604000000000001,0.21456,0.21909999999999999,0.16822000000000001,0.22342999999999999,0.224
510.12097999999997,0.071620000000000003,0.14051,0.18737999999999999,0.21597,0.22048000000000001,0.16821,0.22611999999999999,0.22445999999999999
510.38085000000001,0.072459999999999997,0.1399,0.18951000000000001,0.21861,0.22058,0.16750000000000001,0.22853000000000001,0.22656999999999999
510.64071999999999,0.074929999999999997,0.14188999999999999,0.19120000000000001,0.21798000000000001,0.22156000000000001,0.16669,0.22971,0.22785
510.90057999999999,0.069570000000000007,0.14369999999999999,0.19152,0.21895999999999999,0.22187999999999999,0.16807,0.22938,0.2298
511.16043000000002,0.067790000000000003,0.14582000000000001,0.19167999999999999,0.22153999999999999,0.22553000000000001,0.17057,0.22764999999999999,0.22788
511.42027000000002,0.068820000000000006,0.14699000000000001,0.19455,0.22281000000000001,0.22714000000000001,0.17055999999999999,0.22883999999999999,0.22686000000000001
511.68011000000001,0.067369999999999999,0.14817,0.19472,0.2235,0.22625999999999999,0.17208000000000001,0.22892000000000001,0.22702
511.93993,0.073219999999999993,0.14981,0.19397,0.22398000000000001,0.22470000000000001,0.17349000000000001,0.22858999999999999,0.22756999999999999
512.19974999999999,0.074490000000000001,0.14912,0.19567000000000001,0.22639000000000001,0.22583,0.17207,0.23041,0.22883000000000001
512.45955000000004,0.070739999999999997,0.14882999999999999,0.19706000000000001,0.22700999999999999,0.22689000000000001,0.17066000000000001,0.22875999999999999,0.22714999999999999
512.71934999999996,0.07331,0.1467,0.19749,0.22936000000000001,0.22686000000000001,0.17069000000000001,0.23028999999999999,0.22683
512.97914000000003,0.074090000000000003,0.14563000000000001,0.19791,0.23082,0.22857,0.17229,0.23005999999999999,0.23014999999999999
513.23892000000001,0.070860000000000006,0.14846000000000001,0.19897999999999999,0.23133999999999999,0.23146,0.17515,0.22941,0.23319999999999999
513.49869999999999,0.072849999999999998,0.14957999999999999,0.20091999999999999,0.23202999999999999,0.23336000000000001,0.17512,0.23138,0.23293
513.75846000000001,0.07374,0.15053,0.20397000000000001,0.23268,0.2356,0.17457,0.22989999999999999,0.22872000000000001
514.01822000000004,0.073230000000000003,0.15181,0.20477000000000001,0.23264000000000001,0.23441000000000001,0.17418,0.22858000000000001,0.22906000000000001
514.27796000000001,0.074829999999999994,0.15107999999999999,0.20652000000000001,0.23471,0.23591000000000001,0.17316000000000001,0.22933000000000001,0.2286
514.53769999999997,0.073200000000000001,0.15209,0.20976,0.23622000000000001,0.23596,0.17369000000000001,0.22864000000000001,0.22808999999999999
514.79742999999996,0.071029999999999996,0.15409,0.20952999999999999,0.23574000000000001,0.23707,0.17484,0.23055,0.22924
515.05714999999998,0.071440000000000003,0.15517,0.20801,0.2394,0.23855999999999999,0.17731,0.22989999999999999,0.22842000000000001
515.31686000000002,0.072440000000000004,0.15712000000000001,0.20813999999999999,0.24160999999999999,0.23984,0.17677999999999999,0.22943,0.22986999999999999
515.57656999999995,0.076649999999999996,0.15612000000000001,0.21046000000000001,0.24171999999999999,0.24010999999999999,0.17646000000000001,0.22835,0.23172000000000001
515.83626000000004,0.076100000000000001,0.15775,0.21232000000000001,0.24093000000000001,0.24268999999999999,0.17766000000000001,0.22867000000000001,0.23286999999999999
516.09595000000002,0.076179999999999998,0.15977,0.21382000000000001,0.24401,0.24396999999999999,0.17948,0.23157,0.23194999999999999
516.35562000000004,0.07646,0.15715000000000001,0.21406,0.24565999999999999,0.24549000000000001,0.17829999999999999,0.23316999999999999,0.23333999999999999
516.61528999999996,0.076060000000000003,0.15684000000000001,0.21517,0.24646999999999999,0.24492,0.17813000000000001,0.23347000000000001,0.23336999999999999
516.87495000000001,0.076939999999999995,0.15662000000000001,0.21890999999999999,0.24776000000000001,0.24607000000000001,0.18021999999999999,0.23191000000000001,0.23396
517.13459999999998,0.078090000000000007,0.15797,0.22014,0.24911,0.24737000000000001,0.18121999999999999,0.23186000000000001,0.23522000000000001
517.39425000000006,0.078839999999999993,0.16062000000000001,0.22078,0.25041000000000002,0.24812999999999999,0.18037,0.23205999999999999,0.23432
517.65387999999996,0.079939999999999997,0.15867999999999999,0.22095999999999999,0.25156000000000001,0.25002999999999997,0.18326999999999999,0.23005,0.23343
517.9135,0.083280000000000007,0.15819,0.22187999999999999,0.25618000000000002,0.25161,0.18492,0.23308999999999999,0.23371
518.17312000000004,0.081269999999999995,0.16089000000000001,0.22337000000000001,0.25518999999999997,0.25417000000000001,0.18412000000000001,0.23705999999999999,0.23275999999999999
518.43272999999999,0.07986,0.16150999999999999,0.22414000000000001,0.25466,0.25458999999999998,0.18326000000000001,0.23566999999999999,0.23472000000000001
518.69232999999997,0.076550000000000007,0.16245999999999999,0.22624,0.25696999999999998,0.25677,0.18246000000000001,0.23313999999999999,0.23408000000000001
518.95191999999997,0.075770000000000004,0.16438,0.22739999999999999,0.26051000000000002,0.25652999999999998,0.18339,0.23327000000000001,0.23535
519.2115,0.078229999999999994,0.16483999999999999,0.22872999999999999,0.25985000000000003,0.25738,0.18447,0.23147999999999999,0.23229
519.47107000000005,0.076590000000000005,0.16617999999999999,0.22844,0.25969999999999999,0.25685999999999998,0.18554999999999999,0.23175000000000001,0.23188
519.73063999999999,0.074870000000000006,0.16822999999999999,0.23055999999999999,0.26254,0.25913999999999998,0.18557999999999999,0.23513999999999999,0.23383000000000001
519.99018999999998,0.075230000000000005,0.17130999999999999,0.23271,0.26651999999999998,0.26245000000000002,0.18612999999999999,0.23524,0.23229
520.24973999999997,0.075649999999999995,0.17244000000000001,0.23491000000000001,0.26733000000000001,0.26507999999999998,0.18772,0.23441999999999999,0.23386000000000001
520.50927999999999,0.078079999999999997,0.17111000000000001,0.23461000000000001,0.26859,0.26318000000000003,0.18737000000000001,0.23191000000000001,0.23494000000000001
520.76881000000003,0.07918,0.17393,0.23619000000000001,0.26928000000000002,0.26250000000000001,0.18848999999999999,0.23471,0.23635999999999999
521.02832999999998,0.079710000000000003,0.17496999999999999,0.23672000000000001,0.27018999999999999,0.26530999999999999,0.18875,0.23619999999999999,0.23793
521.28783999999996,0.084260000000000002,0.17441999999999999,0.23877999999999999,0.27295000000000003,0.26601000000000002,0.19017000000000001,0.23616000000000001,0.23796
521.54735000000005,0.085220000000000004,0.17457,0.23962,0.27295000000000003,0.26802999999999999,0.18939,0.23694999999999999,0.23699000000000001
521.80683999999997,0.085900000000000004,0.17541000000000001,0.24074000000000001,0.27376,0.27202999999999999,0.18754000000000001,0.23447999999999999,0.23530000000000001
522.06632999999999,0.085430000000000006,0.17515,0.24238999999999999,0.27543000000000001,0.27181,0.19064,0.23572000000000001,0.23505999999999999
522.32579999999996,0.085239999999999996,0.17505000000000001,0.24296999999999999,0.2767,0.27251999999999998,0.19183,0.23730000000000001,0.23405000000000001
522.58527000000004,0.085010000000000002,0.17505000000000001,0.24528,0.27900000000000003,0.27265,0.19378999999999999,0.23685,0.23594000000000001
522.84473000000003,0.0848,0.17451,0.24601999999999999,0.28089999999999998,0.2747,0.19345000000000001,0.23707,0.23729
523.10419000000002,0.08337,0.17659,0.24592,0.28208,0.27664,0.19411999999999999,0.23846999999999999,0.23763999999999999
523.36362999999994,0.083309999999999995,0.17988000000000001,0.24781,0.28211999999999998,0.27761999999999998,0.19536000000000001,0.23985999999999999,0.23871000000000001
523.62306000000001,0.085730000000000001,0.18034,0.24965000000000001,0.2838,0.27851999999999999,0.19455,0.23813000000000001,0.23871999999999999
523.88248999999996,0.086709999999999995,0.17821999999999999,0.25034000000000001,0.28449999999999998,0.27990999999999999,0.19556999999999999,0.23610999999999999,0.23905000000000001
524.14189999999996,0.086010000000000003,0.17848,0.25096000000000002,0.28691,0.28160000000000002,0.19386999999999999,0.23658000000000001,0.23777000000000001
524.40130999999997,0.087160000000000001,0.17979999999999999,0.25228,0.28882000000000002,0.28360999999999997,0.19484000000000001,0.23712,0.23835000000000001
524.66070999999999,0.090709999999999999,0.18229000000000001,0.25466,0.29071999999999998,0.28608,0.19463,0.23952999999999999,0.23874999999999999
524.92010000000005,0.087929999999999994,0.18540999999999999,0.25618000000000002,0.29197000000000001,0.28658,0.19633,0.24015,0.23677000000000001
525.17948000000001,0.084470000000000003,0.18443999999999999,0.25936999999999999,0.29491000000000001,0.28744999999999998,0.19739000000000001,0.24196999999999999,0.23774999999999999
525.43885999999998,0.086940000000000003,0.18551000000000001,0.26088,0.29677999999999999,0.28677000000000002,0.19708999999999999,0.24146999999999999,0.23748
525.69821999999999,0.085349999999999995,0.18662999999999999,0.26014999999999999,0.29908000000000001,0.29128999999999999,0.20116000000000001,0.24271999999999999,0.23626
525.95758000000001,0.087349999999999997,0.18679999999999999,0.26012999999999997,0.30064000000000002,0.29379,0.20166999999999999,0.24371999999999999,0.23666999999999999
526.21691999999996,0.088830000000000006,0.18534,0.26196999999999998,0.30163000000000001,0.29452,0.20169000000000001,0.24324000000000001,0.23849000000000001
526.47626000000002,0.085639999999999994,0.18667,0.26339000000000001,0.30179,0.29598999999999998,0.20332,0.24456,0.23876
526.73559,0.086860000000000007,0.18781,0.26447999999999999,0.30143999999999999,0.29786000000000001,0.20462,0.24443999999999999,0.23871999999999999
526.99491,0.087569999999999995,0.18686,0.26712000000000002,0.30360999999999999,0.30047000000000001,0.20241999999999999,0.24596000000000001,0.23777999999999999
527.25422000000003,0.088289999999999993,0.18620999999999999,0.26812999999999998,0.30696000000000001,0.29998999999999998,0.20227999999999999,0.24507000000000001,0.23821999999999999
527.51352999999995,0.086370000000000002,0.18521000000000001,0.26967999999999998,0.30802000000000002,0.30091000000000001,0.20447000000000001,0.24451000000000001,0.23929
527.77282000000002,0.088359999999999994,0.18584000000000001,0.27087,0.30978,0.30212,0.20458000000000001,0.24543999999999999,0.24024000000000001
528.03210999999999,0.087249999999999994,0.18623999999999999,0.27244000000000002,0.31306,0.30365999999999999,0.20537,0.24704000000000001,0.24002000000000001
528.29138999999998,0.080850000000000005,0.18778,0.27345999999999998,0.31369999999999998,0.30778,0.20522000000000001,0.24778,0.23934
528.55065000000002,0.082879999999999995,0.18856000000000001,0.27250000000000002,0.31587999999999999,0.30826999999999999,0.20743,0.24890000000000001,0.23838000000000001
528.80990999999995,0.089139999999999997,0.18956000000000001,0.27383999999999997,0.31781999999999999,0.30923,0.20574999999999999,0.24790999999999999,0.2399
529.06916999999999,0.088690000000000005,0.19176000000000001,0.27500000000000002,0.31819999999999998,0.31064000000000003,0.20643,0.24692,0.23963000000000001
529.32840999999996,0.086739999999999998,0.19464999999999999,0.27717000000000003,0.32113999999999998,0.31028,0.20993999999999999,0.24753,0.23865
529.58763999999996,0.090740000000000001,0.19666,0.28111999999999998,0.32240000000000002,0.31154999999999999,0.21146000000000001,0.24646999999999999,0.24013000000000001
529.84686999999997,0.092749999999999999,0.19824,0.28066000000000002,0.32353999999999999,0.31397999999999998,0.21246000000000001,0.24587000000000001,0.23902999999999999
530.10608000000002,0.092730000000000007,0.19825000000000001,0.28040999999999999,0.32623000000000002,0.31613999999999998,0.21415999999999999,0.24560000000000001,0.23808000000000001
530.36528999999996,0.094589999999999994,0.19957,0.28250999999999998,0.32652999999999999,0.31714999999999999,0.21345,0.24428,0.24084
530.62449000000004,0.096750000000000003,0.20294999999999999,0.28311999999999998,0.32707000000000003,0.32091999999999998,0.21381,0.24612999999999999,0.24146000000000001
530.88368000000003,0.095149999999999998,0.20133999999999999,0.28436,0.32916000000000001,0.32302999999999998,0.21464,0.24664,0.23974000000000001
531.14286000000004,0.09078,0.19949,0.28566000000000003,0.33227000000000001,0.32529999999999998,0.2162,0.24790000000000001,0.24093999999999999
531.40202999999997,0.090079999999999993,0.20122000000000001,0.28950999999999999,0.33406000000000002,0.32565,0.21598000000000001,0.24790000000000001,0.24282999999999999
531.66120000000001,0.089359999999999995,0.20218,0.28898000000000001,0.33452999999999999,0.32601000000000002,0.21733,0.24937000000000001,0.24274000000000001
531.92034999999998,0.093079999999999996,0.20361000000000001,0.28844999999999998,0.33476,0.32938000000000001,0.21925,0.25023000000000001,0.24318999999999999
532.17949999999996,0.094369999999999996,0.20311000000000001,0.29115999999999997,0.33622999999999997,0.33076,0.21929000000000001,0.25,0.24299000000000001
532.43863999999996,0.093899999999999997,0.20155000000000001,0.29387999999999997,0.33855000000000002,0.33223000000000003,0.2195,0.25135999999999997,0.24277000000000001
532.69776999999999,0.093270000000000006,0.20041,0.29332999999999998,0.34255000000000002,0.33324999999999999,0.22139,0.25040000000000001,0.24424000000000001
532.95689000000004,0.09153,0.20147000000000001,0.29621999999999998,0.34389999999999998,0.33354,0.22289,0.24995000000000001,0.24224000000000001
533.21600000000001,0.094240000000000004,0.20337,0.29824000000000001,0.34398000000000001,0.33834999999999998,0.22122,0.252,0.24382999999999999
533.4751,0.090999999999999998,0.20401,0.29854000000000003,0.34615000000000001,0.34083000000000002,0.22303999999999999,0.25172,0.24742
533.73419999999999,0.091340000000000005,0.20498,0.29931000000000002,0.34839999999999999,0.34122000000000002,0.22420999999999999,0.24984000000000001,0.24836
533.99328000000003,0.093329999999999996,0.20415,0.30218,0.35082000000000002,0.34328999999999998,0.22345999999999999,0.24923999999999999,0.24546999999999999
534.25235999999995,0.095009999999999997,0.20380000000000001,0.30336000000000002,0.35220000000000001,0.34464,0.22320000000000001,0.25087999999999999,0.24537999999999999
534.51143000000002,0.096530000000000005,0.20452000000000001,0.30409000000000003,0.35525000000000001,0.34395999999999999,0.22534999999999999,0.25508999999999998,0.24456
534.77049,0.096829999999999999,0.20473,0.30503999999999998,0.3543,0.34488000000000002,0.22686999999999999,0.25545000000000001,0.24324999999999999
535.02954,0.096879999999999994,0.20341000000000001,0.30731000000000003,0.35453000000000001,0.34726000000000001,0.22896,0.25705,0.24362
535.28858000000002,0.095869999999999997,0.20569000000000001,0.30702000000000002,0.35643000000000002,0.34784999999999999,0.22897999999999999,0.2555,0.24629000000000001
535.54760999999996,0.095219999999999999,0.20610999999999999,0.30617,0.35888999999999999,0.34906999999999999,0.22866,0.25528000000000001,0.24715000000000001
535.80663000000004,0.094450000000000006,0.20737,0.30526999999999999,0.36113000000000001,0.35442000000000001,0.22883000000000001,0.25830999999999998,0.2472
536.06565000000001,0.096850000000000006,0.20752000000000001,0.30714000000000002,0.36170999999999998,0.35661999999999999,0.23214000000000001,0.25883,0.24726000000000001
536.32465999999999,0.096829999999999999,0.20960999999999999,0.30925000000000002,0.36335000000000001,0.35676000000000002,0.23069999999999999,0.26099,0.24737000000000001
536.58366000000001,0.10043000000000001,0.21060999999999999,0.31186999999999998,0.36451,0.35810999999999998,0.23294999999999999,0.25972000000000001,0.24784
536.84263999999996,0.098040000000000002,0.20976,0.31192999999999999,0.36623,0.35924,0.23477999999999999,0.25733,0.24870999999999999
537.10163,0.096829999999999999,0.21018999999999999,0.31201000000000001,0.36914999999999998,0.36413000000000001,0.23585,0.26001000000000002,0.2465
537.36059999999998,0.096689999999999998,0.20979,0.31290000000000001,0.36981999999999998,0.36449999999999999,0.23521,0.2581,0.24787000000000001
537.61955999999998,0.097519999999999996,0.21232000000000001,0.31553999999999999,0.37236000000000002,0.36565999999999999,0.23568,0.25940999999999997,0.24623
537.87851000000001,0.10206,0.21440999999999999,0.31859999999999999,0.37361,0.36636999999999997,0.23804,0.26047999999999999,0.24551999999999999
538.13746000000003,0.10113999999999999,0.21568999999999999,0.31918999999999997,0.37413000000000002,0.36617,0.23951,0.25975999999999999,0.24673
538.39639999999997,0.099919999999999995,0.21385000000000001,0.31899,0.37657000000000002,0.3715,0.24290999999999999,0.26121,0.24914
538.65531999999996,0.098570000000000005,0.21102000000000001,0.32107000000000002,0.37747000000000003,0.37386999999999998,0.2412,0.26088,0.24797
538.91423999999995,0.096079999999999999,0.20982000000000001,0.32083,0.37975999999999999,0.37358999999999998,0.24123,0.26086999999999999,0.24829999999999999
539.17314999999996,0.0974,0.21088000000000001,0.32172000000000001,0.37963000000000002,0.37623000000000001,0.24188000000000001,0.26100000000000001,0.24975
539.43205999999998,0.097809999999999994,0.21274000000000001,0.32235999999999998,0.37961,0.37767000000000001,0.24349000000000001,0.26046000000000002,0.24887000000000001
539.69095000000004,0.10027999999999999,0.2132,0.32417000000000001,0.38183,0.37806000000000001,0.24579999999999999,0.26035000000000003,0.2477
539.94983999999999,0.099690000000000001,0.21174000000000001,0.32578000000000001,0.38468000000000002,0.38106000000000001,0.24861,0.26340999999999998,0.24560999999999999
540.20871,0.097239999999999993,0.21301999999999999,0.32558999999999999,0.38755000000000001,0.38257000000000002,0.24737999999999999,0.26597999999999999,0.24743000000000001
540.46758,0.096879999999999994,0.21263000000000001,0.32694000000000001,0.38735999999999998,0.38339000000000001,0.24739,0.26644000000000001,0.25018000000000001
540.72644000000003,0.096229999999999996,0.21335999999999999,0.32766000000000001,0.38644000000000001,0.38573000000000002,0.24898999999999999,0.26679999999999998,0.24979000000000001
540.98527999999999,0.095880000000000007,0.21274999999999999,0.32855000000000001,0.38630999999999999,0.38686999999999999,0.24959999999999999,0.26535999999999998,0.24584
541.24413000000004,0.094060000000000005,0.21228,0.32727000000000001,0.38835999999999998,0.38918999999999998,0.25065999999999999,0.26488,0.24675
541.50296000000003,0.096699999999999994,0.21035999999999999,0.32735999999999998,0.38928000000000001,0.39106999999999997,0.25231999999999999,0.26436999999999999,0.24876000000000001
541.76178000000004,0.095119999999999996,0.20957999999999999,0.33033000000000001,0.39087,0.39349000000000001,0.25206000000000001,0.26483000000000001,0.24964
542.02058999999997,0.095899999999999999,0.21461,0.33185999999999999,0.39423000000000002,0.39640999999999998,0.25296999999999997,0.26568000000000003,0.25178
542.27940000000001,0.096100000000000005,0.2165,0.33272000000000002,0.39699000000000001,0.39848,0.25352000000000002,0.26771,0.25157000000000002
542.53819999999996,0.094439999999999996,0.21793999999999999,0.33544000000000002,0.39949000000000001,0.39917999999999998,0.25613999999999998,0.26812999999999998,0.24973000000000001
542.79699000000005,0.095560000000000006,0.21854999999999999,0.33544000000000002,0.39985999999999999,0.39959,0.25799,0.26590999999999998,0.24997
543.05575999999996,0.098159999999999997,0.21793000000000001,0.33540999999999999,0.39860000000000001,0.40149000000000001,0.25675999999999999,0.26656000000000002,0.25012000000000001
543.31453999999997,0.099279999999999993,0.21709000000000001,0.33496999999999999,0.39979999999999999,0.40321000000000001,0.25677,0.26913999999999999,0.25135000000000002
543.57330000000002,0.096619999999999998,0.21870999999999999,0.33639000000000002,0.40192,0.40554000000000001,0.25921,0.26998,0.25219000000000003
543.83204999999998,0.097229999999999997,0.21953,0.33681,0.40388000000000002,0.40772000000000003,0.25963999999999998,0.27026,0.25045000000000001
544.09078999999997,0.098309999999999995,0.22084000000000001,0.33742,0.40399000000000002,0.40877999999999998,0.26257999999999998,0.27065,0.25113000000000002
544.34952999999996,0.098839999999999997,0.22073000000000001,0.33640999999999999,0.40597,0.40966999999999998,0.26385999999999998,0.27054,0.25080000000000002
544.60825999999997,0.096780000000000005,0.21970000000000001,0.33682000000000001,0.40601999999999999,0.41341,0.26457999999999998,0.26996999999999999,0.25291999999999998
544.86698000000001,0.092920000000000003,0.21748000000000001,0.33762999999999999,0.40666999999999998,0.41394999999999998,0.26458999999999999,0.27150999999999997,0.25413000000000002
545.12567999999999,0.094769999999999993,0.21551000000000001,0.33933000000000002,0.40888000000000002,0.41394999999999998,0.26465,0.27232000000000001,0.25241999999999998
545.38437999999996,0.09647,0.21628,0.34090999999999999,0.41117999999999999,0.41724,0.26762000000000002,0.27371000000000001,0.25155
545.64308000000005,0.095149999999999998,0.21687999999999999,0.33928000000000003,0.4128,0.41876000000000002,0.26867000000000002,0.27479999999999999,0.25185000000000002
545.90175999999997,0.0964,0.21836,0.33992,0.41291,0.41921000000000003,0.26906000000000002,0.27625,0.25325999999999999
546.16043000000002,0.097839999999999996,0.21682000000000001,0.34079999999999999,0.41456999999999999,0.42208000000000001,0.26863999999999999,0.27667999999999998,0.25418000000000002
546.41909999999996,0.096420000000000006,0.21732000000000001,0.34105999999999997,0.41710000000000003,0.42415999999999998,0.27029999999999998,0.27371000000000001,0.25231999999999999
546.67776000000003,0.098530000000000006,0.21820000000000001,0.34131,0.41665000000000002,0.42624000000000001,0.27100000000000002,0.27406999999999998,0.24981
546.93640000000005,0.10204000000000001,0.21812000000000001,0.34172999999999998,0.41625000000000001,0.42895,0.27200000000000002,0.27823999999999999,0.25092999999999999
547.19503999999995,0.10399,0.21646000000000001,0.34340999999999999,0.41887000000000002,0.42897999999999997,0.27216000000000001,0.27795999999999998,0.25152000000000002
547.45366999999999,0.10169,0.21609999999999999,0.34498000000000001,0.41969000000000001,0.43149999999999999,0.27306000000000002,0.27836,0.25341000000000002
547.71230000000003,0.099680000000000005,0.21537000000000001,0.34399000000000002,0.41963,0.43289,0.27392,0.28112999999999999,0.25358000000000003
547.97091,0.097710000000000005,0.21486,0.34277999999999997,0.42298999999999998,0.43332999999999999,0.27622999999999998,0.28083000000000002,0.25477
548.22951,0.096829999999999999,0.21823000000000001,0.34322999999999998,0.42321999999999999,0.43380000000000002,0.27716000000000002,0.27983000000000002,0.25455
548.48811000000001,0.095890000000000003,0.21776000000000001,0.34627000000000002,0.42304000000000003,0.43697999999999998,0.27998000000000001,0.28158,0.25563999999999998
548.74668999999994,0.096250000000000002,0.21818000000000001,0.34527999999999998,0.42315000000000003,0.44040000000000001,0.28188000000000002,0.28199999999999997,0.25627
549.00527,0.097239999999999993,0.21711,0.34592000000000001,0.42221999999999998,0.43947999999999998,0.28094000000000002,0.27905000000000002,0.25481999999999999
549.26383999999996,0.096790000000000001,0.21603,0.34572999999999998,0.42403000000000002,0.44008000000000003,0.28348000000000001,0.2797,0.25513999999999998
549.52239999999995,0.096079999999999999,0.21562999999999999,0.34533000000000003,0.42466999999999999,0.44280999999999998,0.28491,0.28251999999999999,0.25690000000000002
549.78094999999996,0.095299999999999996,0.21626999999999999,0.34647,0.42582999999999999,0.44434000000000001,0.28401999999999999,0.28345999999999999,0.25733
550.03949,0.095740000000000006,0.215,0.34583999999999998,0.42627999999999999,0.44363000000000002,0.28697,0.28341,0.25657000000000002
550.29803000000004,0.09622,0.21335999999999999,0.34598000000000001,0.42834,0.44552999999999998,0.28771000000000002,0.28179999999999999,0.25512000000000001
550.55655000000002,0.096979999999999997,0.21323,0.34534999999999999,0.42979000000000001,0.44796000000000002,0.28827999999999998,0.28472999999999998,0.25497999999999998
550.81506999999999,0.098040000000000002,0.21268999999999999,0.34472999999999998,0.42901,0.45090000000000002,0.28974,0.28597,0.25729000000000002
551.07357999999999,0.09554,0.21456,0.34538000000000002,0.42775000000000002,0.4526,0.29067999999999999,0.28675,0.25944
551.33208000000002,0.095729999999999996,0.21615999999999999,0.34813,0.43082999999999999,0.45421,0.29058,0.28949999999999998,0.25784000000000001
551.59056999999996,0.094850000000000004,0.21496999999999999,0.34760000000000002,0.43196000000000001,0.45605000000000001,0.29247000000000001,0.28797,0.25688
551.84905000000003,0.09468,0.21476999999999999,0.34860999999999998,0.43102000000000001,0.45667999999999997,0.29559999999999997,0.28677000000000002,0.25755
552.10752000000002,0.093359999999999999,0.21562000000000001,0.34545999999999999,0.43328,0.45878999999999998,0.2969,0.28627999999999998,0.25778000000000001
552.36598000000004,0.091950000000000004,0.21454000000000001,0.34428999999999998,0.43417,0.46059,0.29692000000000002,0.28713,0.2581
552.62444000000005,0.092359999999999998,0.21548999999999999,0.34643000000000002,0.43326999999999999,0.46172999999999997,0.29705999999999999,0.28860000000000002,0.25680999999999998
552.88288,0.093329999999999996,0.21428,0.34825,0.43583,0.46325,0.30016999999999999,0.28802,0.25750000000000001
553.14131999999995,0.090770000000000003,0.21090999999999999,0.34850999999999999,0.43730000000000002,0.46425,0.30179,0.28686,0.25827
553.39975000000004,0.092539999999999997,0.21032999999999999,0.34677000000000002,0.43552000000000002,0.46533999999999998,0.30452000000000001,0.28721000000000002,0.25862000000000002
553.65817000000004,0.090859999999999996,0.21004999999999999,0.34408,0.43531999999999998,0.4677,0.30201,0.28863,0.25764999999999999
553.91657999999995,0.091649999999999995,0.20963999999999999,0.34483000000000003,0.43720999999999999,0.46798000000000001,0.30165999999999998,0.28944999999999999,0.25807999999999998
554.17498000000001,0.093200000000000005,0.21013000000000001,0.34667999999999999,0.43663999999999997,0.46783000000000002,0.30375000000000002,0.29154999999999998,0.25888
554.43336999999997,0.096530000000000005,0.2107,0.34617999999999999,0.43770999999999999,0.47177000000000002,0.30692999999999998,0.29220000000000002,0.25888
554.69176000000004,0.097339999999999996,0.21335000000000001,0.34436,0.43774000000000002,0.47044999999999998,0.30821999999999999,0.29193000000000002,0.25824999999999998
554.95014000000003,0.093909999999999993,0.21335999999999999,0.34514,0.43801000000000001,0.47122000000000003,0.30958999999999998,0.28938000000000003,0.25763000000000003
555.20849999999996,0.091850000000000001,0.21060999999999999,0.34669,0.43770999999999999,0.47456999999999999,0.31129000000000001,0.29004000000000002,0.25866
555.46686,0.092170000000000002,0.20946000000000001,0.34626000000000001,0.43789,0.47355000000000003,0.31223000000000001,0.29149999999999998,0.25562000000000001
555.72520999999995,0.091179999999999997,0.20824999999999999,0.34692000000000001,0.43830000000000002,0.47642000000000001,0.31123000000000001,0.29243000000000002,0.25611
555.98355000000004,0.090789999999999996,0.21076,0.34587000000000001,0.43818000000000001,0.47865000000000002,0.3135,0.29533999999999999,0.25669999999999998
556.24188000000004,0.091539999999999996,0.21217,0.34551999999999999,0.44055,0.48115999999999998,0.31483,0.29529,0.25780999999999998
556.50019999999995,0.090690000000000007,0.21289,0.34598000000000001,0.44189000000000001,0.48093000000000002,0.31656000000000001,0.29824000000000001,0.26024999999999998
556.75851999999998,0.090859999999999996,0.21196999999999999,0.34533999999999998,0.44044,0.48553000000000002,0.31847999999999999,0.29910999999999999,0.26069999999999999
557.01682000000005,0.089880000000000002,0.20988000000000001,0.34661999999999998,0.44213000000000002,0.48581000000000002,0.31946000000000002,0.30037999999999998,0.26021
557.27512000000002,0.087620000000000003,0.20649000000000001,0.34660000000000002,0.44157999999999997,0.48512,0.31977,0.30092000000000002,0.26046000000000002
557.53341,0.086540000000000006,0.20699999999999999,0.34416999999999998,0.44029000000000001,0.48765999999999998,0.32005,0.30245,0.25949
557.79169000000002,0.088929999999999995,0.20634,0.34244000000000002,0.44006000000000001,0.48734,0.32217000000000001,0.30227999999999999,0.25956000000000001
558.04996000000006,0.089800000000000005,0.20605999999999999,0.34179999999999999,0.44128000000000001,0.48809999999999998,0.32241999999999998,0.30236000000000002,0.26304
558.30822000000001,0.089359999999999995,0.20638999999999999,0.34267999999999998,0.44186999999999999,0.49052000000000001,0.3226,0.30237999999999998,0.26346000000000003
558.56646999999998,0.090819999999999998,0.20568,0.34377000000000002,0.44135000000000002,0.49101,0.32423000000000002,0.30263000000000001,0.26149
558.82470999999998,0.090840000000000004,0.20583000000000001,0.34342,0.44207999999999997,0.49273,0.32736999999999999,0.30337999999999998,0.26114999999999999
559.08294999999998,0.089700000000000002,0.20538000000000001,0.3422,0.44289000000000001,0.49292000000000002,0.32904,0.30418000000000001,0.26112999999999997
559.34117000000003,0.089300000000000004,0.20759,0.34260000000000002,0.44266,0.49492999999999998,0.33000000000000002,0.30525999999999998,0.26279000000000002
559.59938999999997,0.087099999999999997,0.20610999999999999,0.34159,0.44163000000000002,0.49464999999999998,0.32976,0.30697999999999998,0.26365
559.85760000000005,0.085669999999999996,0.20402999999999999,0.34117999999999998,0.43958000000000003,0.496,0.33078999999999997,0.30542000000000002,0.26489000000000001
560.11580000000004,0.084610000000000005,0.20200000000000001,0.33944000000000002,0.44059999999999999,0.49801000000000001,0.33008999999999999,0.30798999999999999,0.26393
560.37399000000005,0.086760000000000004,0.19991,0.33956999999999998,0.44207000000000002,0.49811,0.33154,0.3085,0.26317000000000002
560.63216999999997,0.088069999999999996,0.20100000000000001,0.33890999999999999,0.44141000000000002,0.50039,0.33502999999999999,0.30903000000000003,0.26412999999999998
560.89034000000004,0.08992,0.20319000000000001,0.33827000000000002,0.44124000000000002,0.49917,0.33454,0.31315999999999999,0.26429999999999998
561.14850999999999,0.088819999999999996,0.20413000000000001,0.33992,0.44083,0.49847999999999998,0.33733000000000002,0.31230000000000002,0.26302999999999999
561.40665999999999,0.086889999999999995,0.20286000000000001,0.34031,0.44080999999999998,0.50270000000000004,0.33848,0.30982999999999999,0.26189000000000001
561.66480999999999,0.082580000000000001,0.20063,0.33998,0.44152000000000002,0.50356999999999996,0.33921000000000001,0.30764999999999998,0.26351999999999998
561.92295000000001,0.081500000000000003,0.19842000000000001,0.33593000000000001,0.44131999999999999,0.50339999999999996,0.33998,0.30870999999999998,0.26302999999999999
562.18107999999995,0.082820000000000005,0.19642999999999999,0.33579999999999999,0.44146000000000002,0.50495999999999996,0.34153,0.31096000000000001,0.26573999999999998
562.43920000000003,0.083720000000000003,0.19744999999999999,0.33457999999999999,0.44252000000000002,0.50661999999999996,0.34453,0.31008000000000002,0.26673999999999998
562.69731000000002,0.082390000000000005,0.20004,0.33378000000000002,0.44140000000000001,0.50917999999999997,0.34376000000000001,0.31061,0.26532
562.95541000000003,0.082750000000000004,0.19922999999999999,0.33345999999999998,0.44036999999999998,0.50712000000000002,0.34533999999999998,0.31123000000000001,0.26456000000000002
563.21351000000004,0.082030000000000006,0.19681000000000001,0.33167999999999997,0.43963000000000002,0.50732999999999995,0.34650999999999998,0.31191000000000002,0.26623999999999998
563.47158999999999,0.081490000000000007,0.19114999999999999,0.33182,0.43801000000000001,0.50910999999999995,0.34843000000000002,0.31201000000000001,0.26616000000000001
563.72967000000006,0.082790000000000002,0.18908,0.33210000000000001,0.43769999999999998,0.51105999999999996,0.35000999999999999,0.31140000000000001,0.26656000000000002
563.98773000000006,0.082519999999999996,0.19051999999999999,0.33256999999999998,0.43840000000000001,0.51063999999999998,0.35093000000000002,0.31184000000000001,0.26878000000000002
564.24579000000006,0.079979999999999996,0.19059999999999999,0.33156000000000002,0.43964999999999999,0.51239000000000001,0.35163,0.31068000000000001,0.26811000000000001
564.50383999999997,0.080610000000000001,0.19034000000000001,0.33028999999999997,0.43918000000000001,0.51227,0.35309000000000001,0.31217,0.26774999999999999
564.76188000000002,0.083019999999999997,0.18912000000000001,0.32966000000000001,0.43756,0.51354999999999995,0.35376000000000002,0.31629000000000002,0.26739000000000002
565.01990999999998,0.082250000000000004,0.19031000000000001,0.32954,0.43848999999999999,0.51365000000000005,0.35404999999999998,0.318,0.26693
565.27793999999994,0.082890000000000005,0.18754000000000001,0.32874999999999999,0.43992999999999999,0.51429999999999998,0.35521999999999998,0.31786999999999999,0.26871
565.53594999999996,0.082400000000000001,0.18697,0.32682,0.43863999999999997,0.51365000000000005,0.35854000000000003,0.31835000000000002,0.26828999999999997
565.79395999999997,0.083129999999999996,0.18617,0.32501000000000002,0.43765999999999999,0.51482000000000006,0.35979,0.32001000000000002,0.26776
566.05195000000003,0.081600000000000006,0.18654000000000001,0.32358999999999999,0.43817,0.51773000000000002,0.35982999999999998,0.31992999999999999,0.26863999999999999
566.30993999999998,0.080159999999999995,0.18709999999999999,0.32335000000000003,0.43597999999999998,0.51814000000000004,0.36129,0.32049,0.27012000000000003
566.56791999999996,0.081000000000000003,0.18490999999999999,0.32367000000000001,0.43448999999999999,0.51570000000000005,0.36359999999999998,0.31975999999999999,0.26994000000000001
566.82588999999996,0.081390000000000004,0.18232999999999999,0.32258999999999999,0.43318000000000001,0.51497999999999999,0.36397000000000002,0.32023000000000001,0.26895999999999998
567.08384999999998,0.081129999999999994,0.17949000000000001,0.32157999999999998,0.43308999999999997,0.51793,0.36580000000000001,0.31947999999999999,0.26817000000000002
567.34180000000003,0.081210000000000004,0.17652000000000001,0.32090999999999997,0.43254999999999999,0.51815999999999995,0.36817,0.32029000000000002,0.27037
567.59974999999997,0.079369999999999996,0.17585000000000001,0.32052000000000003,0.43157000000000001,0.51942999999999995,0.36985000000000001,0.32388,0.27244000000000002
567.85767999999996,0.07757,0.17762,0.32051000000000002,0.43325000000000002,0.51961999999999997,0.37080000000000002,0.32593,0.27072000000000002
568.11560999999995,0.076310000000000003,0.17737,0.31953999999999999,0.43203999999999998,0.52005000000000001,0.37258000000000002,0.32701000000000002,0.27178000000000002
568.37352999999996,0.077859999999999999,0.17841000000000001,0.31869999999999998,0.43267,0.51968000000000003,0.37328,0.32674999999999998,0.27156000000000002
568.63143000000002,0.078479999999999994,0.17777000000000001,0.31692999999999999,0.43292000000000003,0.52012000000000003,0.37229000000000001,0.32939000000000002,0.27331
568.88932999999997,0.078299999999999995,0.1772,0.31480999999999998,0.43234,0.52056999999999998,0.37385000000000002,0.33176,0.27283000000000002
569.14721999999995,0.075039999999999996,0.17502000000000001,0.31458999999999998,0.43014000000000002,0.52259999999999995,0.37633,0.33244000000000001,0.27171000000000001
569.40511000000004,0.072330000000000005,0.17261000000000001,0.31419000000000002,0.42901,0.52219000000000004,0.37729000000000001,0.33161000000000002,0.27262999999999998
569.66297999999995,0.070440000000000003,0.17297999999999999,0.31159999999999999,0.42842999999999998,0.52371000000000001,0.37722,0.33091999999999999,0.27260000000000001
569.92084,0.070819999999999994,0.17319000000000001,0.31129000000000001,0.42692999999999998,0.52446000000000004,0.37975999999999999,0.32906000000000002,0.2737
570.17870000000005,0.072179999999999994,0.17238999999999999,0.30997999999999998,0.42693999999999999,0.52215999999999996,0.38238,0.33082,0.27294000000000002
570.43655000000001,0.071790000000000007,0.16997000000000001,0.30858999999999998,0.42609000000000002,0.52346999999999999,0.38295000000000001,0.33248,0.27438000000000001
570.69438000000002,0.068879999999999997,0.16755999999999999,0.30823,0.42559999999999998,0.52620999999999996,0.38340000000000002,0.33189999999999997,0.27592
570.95221000000004,0.069510000000000002,0.16768,0.30730000000000002,0.42404999999999998,0.52564999999999995,0.38556000000000001,0.33035999999999999,0.27572000000000002
571.21002999999996,0.068970000000000004,0.16982,0.30725999999999998,0.42380000000000001,0.52547999999999995,0.38532,0.33300999999999997,0.27422999999999997
571.46784000000002,0.067549999999999999,0.17052,0.30604999999999999,0.42458000000000001,0.52586999999999995,0.38607999999999998,0.33696999999999999,0.27450999999999998
571.72564,0.068739999999999996,0.16802,0.30574000000000001,0.42352000000000001,0.52715000000000001,0.38790999999999998,0.33473000000000003,0.27554000000000001
571.98343999999997,0.069209999999999994,0.16641,0.30556,0.42105999999999999,0.52737000000000001,0.39005000000000001,0.33423999999999998,0.27594000000000002
572.24122,0.070849999999999996,0.16611999999999999,0.30368000000000001,0.42163,0.52625,0.39101999999999998,0.33710000000000001,0.27568999999999999
572.49900000000002,0.071360000000000007,0.16533999999999999,0.30241000000000001,0.42014000000000001,0.52632999999999996,0.39311000000000001,0.33928999999999998,0.27504000000000001
572.75675999999999,0.073080000000000006,0.16458,0.30075000000000002,0.41865999999999998,0.52702000000000004,0.39312999999999998,0.33981,0.27478000000000002
573.01451999999995,0.071400000000000005,0.16453000000000001,0.30020000000000002,0.41653000000000001,0.52910999999999997,0.39308999999999999,0.34275,0.27616000000000002
573.27227000000005,0.07041,0.16521,0.30003999999999997,0.41727999999999998,0.52997000000000005,0.39445999999999998,0.34212999999999999,0.27655999999999997
573.53000999999995,0.070830000000000004,0.16552,0.29792000000000002,0.41733999999999999,0.52986,0.39589999999999997,0.34290999999999999,0.27535999999999999
573.78773999999999,0.071010000000000004,0.16511999999999999,0.29610999999999998,0.41639999999999999,0.52937999999999996,0.39728999999999998,0.34240999999999999,0.27622000000000002
574.04547000000002,0.071879999999999999,0.16416,0.29685,0.41687999999999997,0.52966999999999997,0.39809,0.34194999999999998,0.27472999999999997
574.30318,0.070120000000000002,0.16322,0.29471000000000003,0.41591,0.53022999999999998,0.40064,0.34321000000000002,0.2757
574.56088,0.070069999999999993,0.16189000000000001,0.29214000000000001,0.41375000000000001,0.52971999999999997,0.40087,0.34683000000000003,0.27603
574.81858,0.069449999999999998,0.15998000000000001,0.29154999999999998,0.4133,0.52797000000000005,0.40004000000000001,0.34641,0.27509
575.07627000000002,0.067080000000000001,0.15870999999999999,0.29171000000000002,0.41206999999999999,0.52754999999999996,0.40189999999999998,0.34436,0.27604000000000001
575.33393999999998,0.066100000000000006,0.15662000000000001,0.28947000000000001,0.41115000000000002,0.53069,0.40555999999999998,0.34478999999999999,0.27872999999999998
575.59160999999995,0.065339999999999995,0.15594,0.28852,0.41060999999999998,0.53012999999999999,0.40558,0.34699999999999998,0.28077000000000002
575.84927000000005,0.063200000000000006,0.15545999999999999,0.28827999999999998,0.41088000000000002,0.52788000000000002,0.40566999999999998,0.34805000000000003,0.28166000000000002
576.10693000000003,0.065049999999999997,0.15618000000000001,0.28706999999999999,0.40900999999999998,0.52842,0.40866999999999998,0.34891,0.27933000000000002
576.36456999999996,0.065280000000000005,0.15567,0.28628999999999999,0.40748000000000001,0.52961000000000003,0.41138000000000002,0.34871000000000002,0.27967999999999998
576.62220000000002,0.0654,0.15573999999999999,0.28515000000000001,0.40690999999999999,0.52947999999999995,0.41054000000000002,0.34882999999999997,0.27965000000000001
576.87982999999997,0.067750000000000005,0.15592,0.28361999999999998,0.40636,0.52839000000000003,0.41120000000000001,0.3498,0.27966000000000002
577.13743999999997,0.066570000000000004,0.15259,0.28267999999999999,0.40476000000000001,0.5272,0.41465000000000002,0.35083999999999999,0.28004000000000001
577.39504999999997,0.065040000000000001,0.15001999999999999,0.28199000000000002,0.40477999999999997,0.52834999999999999,0.41610000000000003,0.35165000000000002,0.28062999999999999
577.65264999999999,0.064439999999999997,0.14856,0.28181,0.40421000000000001,0.52976999999999996,0.41641,0.35344999999999999,0.28170000000000001
577.91024000000004,0.065479999999999997,0.14926,0.27933000000000002,0.40262999999999999,0.52997000000000005,0.41742000000000001,0.35306999999999999,0.28428999999999999
578.16782000000001,0.066489999999999994,0.15095,0.27792,0.40090999999999999,0.53059999999999996,0.41855999999999999,0.35531000000000001,0.28478999999999999
578.42538999999999,0.065019999999999994,0.15038000000000001,0.27659,0.39921000000000001,0.52980000000000005,0.41825000000000001,0.35670000000000002,0.28447
578.68295000000001,0.065299999999999997,0.14865999999999999,0.27498,0.39845999999999998,0.52795000000000003,0.41843000000000002,0.35805999999999999,0.28397
578.94051000000002,0.068879999999999997,0.14804999999999999,0.27460000000000001,0.39940999999999999,0.52936000000000005,0.42013,0.35879,0.28505000000000003
579.19804999999997,0.068250000000000005,0.14729999999999999,0.27361000000000002,0.39889999999999998,0.52968999999999999,0.42193000000000003,0.35826000000000002,0.28563
579.45559000000003,0.065909999999999996,0.14613999999999999,0.27279999999999999,0.39584000000000003,0.52968999999999999,0.42210999999999999,0.35944999999999999,0.28387000000000001
579.71312,0.063450000000000006,0.14610999999999999,0.27242,0.39582000000000001,0.52751000000000003,0.42269000000000001,0.35824,0.28342000000000001
579.97064,0.06216,0.14535000000000001,0.27228999999999998,0.39369999999999999,0.52698999999999996,0.42570000000000002,0.35571999999999998,0.28364
580.22815000000003,0.062129999999999998,0.14449999999999999,0.27052999999999999,0.39415,0.52820999999999996,0.42753999999999998,0.35625000000000001,0.28475
580.48564999999996,0.062100000000000002,0.14366000000000001,0.26840999999999998,0.39396999999999999,0.52695999999999998,0.42741000000000001,0.35769000000000001,0.28611999999999999
580.74314000000004,0.064579999999999999,0.14119999999999999,0.26816000000000001,0.39258999999999999,0.52480000000000004,0.42830000000000001,0.35818,0.28611999999999999
581.00062000000003,0.063530000000000003,0.14063000000000001,0.26735999999999999,0.39212000000000002,0.52500999999999998,0.43143999999999999,0.35833999999999999,0.28487000000000001
581.25810000000001,0.062359999999999999,0.14030000000000001,0.26551000000000002,0.39047999999999999,0.52751000000000003,0.43303999999999998,0.35985,0.28489999999999999
581.51556000000005,0.061429999999999998,0.13889000000000001,0.26401000000000002,0.38822000000000001,0.53017999999999998,0.43256,0.36357,0.28553000000000001
581.77301999999997,0.05917,0.1376,0.26290999999999998,0.38713999999999998,0.52747999999999995,0.43386000000000002,0.36227999999999999,0.28345999999999999
582.03047000000004,0.0579,0.13782,0.26097999999999999,0.38636999999999999,0.52581,0.43351000000000001,0.36277999999999999,0.28412999999999999
582.28790000000004,0.05867,0.13880000000000001,0.25907999999999998,0.38424999999999998,0.52497000000000005,0.43522,0.36603999999999998,0.28643999999999997
582.54533000000004,0.055730000000000002,0.13908999999999999,0.26003999999999999,0.38440000000000002,0.52507999999999999,0.43598999999999999,0.36930000000000002,0.28592000000000001
582.80276000000003,0.0545,0.13722999999999999,0.25850000000000001,0.38371,0.52468000000000004,0.43695000000000001,0.37069999999999997,0.28677999999999998
583.06016999999997,0.055969999999999999,0.13528000000000001,0.25740000000000002,0.38350000000000001,0.52532999999999996,0.43898999999999999,0.36964999999999998,0.28703000000000001
583.31757000000005,0.055509999999999997,0.13463,0.25562000000000001,0.38236999999999999,0.52408999999999994,0.44106000000000001,0.36969999999999997,0.28643000000000002
583.57496000000003,0.056219999999999999,0.13614999999999999,0.25495000000000001,0.38081999999999999,0.52331000000000005,0.44114999999999999,0.36981999999999998,0.28825000000000001
583.83235000000002,0.057410000000000003,0.13614999999999999,0.25464999999999999,0.37984000000000001,0.52434000000000003,0.44035000000000002,0.37092999999999998,0.28927000000000003
584.08973000000003,0.05926,0.13467000000000001,0.25462000000000001,0.37924000000000002,0.52461999999999998,0.44263999999999998,0.37181999999999998,0.28766000000000003
584.34708999999998,0.059240000000000001,0.13034999999999999,0.25233,0.37635999999999997,0.52437999999999996,0.44456000000000001,0.36986000000000002,0.28532000000000002
584.60445000000004,0.056680000000000001,0.12714,0.25011,0.37424000000000002,0.52346999999999999,0.44377,0.37024000000000001,0.28688000000000002
584.86180000000002,0.054859999999999999,0.12529999999999999,0.24893000000000001,0.37456,0.52202000000000004,0.44647999999999999,0.37074000000000001,0.28854000000000002
585.11914000000002,0.054879999999999998,0.12295,0.24746000000000001,0.37239,0.52224999999999999,0.44721,0.37189,0.28665000000000002
585.37648000000002,0.057099999999999998,0.12175999999999999,0.24728,0.37182999999999999,0.52164999999999995,0.44679000000000002,0.37208999999999998,0.28639999999999999
585.63379999999995,0.058810000000000001,0.12318999999999999,0.24587999999999999,0.37167,0.52031000000000005,0.44986999999999999,0.371,0.28621999999999997
585.89111000000003,0.060339999999999998,0.12709000000000001,0.24490000000000001,0.37053999999999998,0.52058000000000004,0.45085999999999998,0.37309999999999999,0.28702
586.14841999999999,0.062300000000000001,0.12634999999999999,0.24442,0.36897000000000002,0.52076,0.45133000000000001,0.37368000000000001,0.28654000000000002
586.40571,0.059889999999999999,0.12567,0.24575,0.36780000000000002,0.52085999999999999,0.45046999999999998,0.37340000000000001,0.28802
586.66300000000001,0.056129999999999999,0.12522,0.24467,0.36657000000000001,0.52258000000000004,0.45262999999999998,0.37486999999999998,0.28859000000000001
586.92028000000005,0.055129999999999998,0.12689,0.24163999999999999,0.36607000000000001,0.52161999999999997,0.45200000000000001,0.37536000000000003,0.28987000000000002
587.17755,0.055199999999999999,0.12592,0.24084,0.36545,0.52041999999999999,0.45308999999999999,0.37726999999999999,0.29064000000000001
587.43480999999997,0.056009999999999997,0.12225,0.23943999999999999,0.36355999999999999,0.52059999999999995,0.45501999999999998,0.38055,0.29275000000000001
587.69205999999997,0.054809999999999998,0.12060999999999999,0.23694999999999999,0.36281999999999998,0.51802000000000004,0.45812000000000003,0.38241000000000003,0.29315000000000002
587.94930999999997,0.05323,0.12280000000000001,0.23648,0.36373,0.51851999999999998,0.45917999999999998,0.38238,0.29186000000000001
588.20654000000002,0.052159999999999998,0.1241,0.23544000000000001,0.36259000000000002,0.51702000000000004,0.45972000000000002,0.38302000000000003,0.29220000000000002
588.46376999999995,0.053019999999999998,0.12305000000000001,0.23372000000000001,0.3599,0.51739999999999997,0.46022999999999997,0.38471,0.29465000000000002
588.72098000000005,0.055449999999999999,0.12225999999999999,0.23296,0.35814000000000001,0.51615,0.46190999999999999,0.38496999999999998,0.29533999999999999
588.97819000000004,0.056399999999999999,0.12277,0.23308000000000001,0.35802,0.51509000000000005,0.46204000000000001,0.38375999999999999,0.29394999999999999
589.23539000000005,0.056489999999999999,0.12117,0.23121,0.35549999999999998,0.51495000000000002,0.46243000000000001,0.38488,0.29393000000000002
589.49257999999998,0.057970000000000001,0.12005,0.23038,0.35513,0.51507000000000003,0.46337,0.38662999999999997,0.29348000000000002
589.74976000000004,0.05636,0.11898,0.23129,0.35518,0.51524000000000003,0.46612999999999999,0.38477,0.29366999999999999
590.00693000000001,0.054870000000000002,0.11835,0.23014000000000001,0.3523,0.51490999999999998,0.46750000000000003,0.38455,0.29463
590.26409000000001,0.054640000000000001,0.11597,0.22878999999999999,0.35298000000000002,0.51424000000000003,0.46642,0.38723000000000002,0.29520000000000002
590.52125000000001,0.054039999999999998,0.11343,0.22725999999999999,0.35277999999999998,0.51205000000000001,0.46716000000000002,0.38879000000000002,0.2964
590.77838999999994,0.050939999999999999,0.11465,0.22561,0.35191,0.51212999999999997,0.46825,0.38950000000000001,0.29865000000000003
591.03552999999999,0.047870000000000003,0.11734,0.22334000000000001,0.35169,0.51190999999999998,0.47111999999999998,0.38868999999999998,0.29780000000000001
591.29265999999996,0.046710000000000002,0.11744,0.22272,0.34947,0.51115999999999995,0.47283999999999998,0.39028000000000002,0.29437000000000002
591.54976999999997,0.048599999999999997,0.11606,0.22202,0.34771000000000002,0.50890999999999997,0.47405000000000003,0.39201000000000003,0.29357
591.80687999999998,0.047509999999999997,0.11541999999999999,0.22017999999999999,0.34744000000000003,0.50753000000000004,0.47088999999999998,0.39217999999999997,0.29370000000000002
592.06398999999999,0.04879,0.11302,0.21967,0.34534999999999999,0.50722,0.47160999999999997,0.39389999999999997,0.29449999999999998
592.32108000000005,0.050209999999999998,0.11103,0.21862999999999999,0.34433999999999998,0.50605999999999995,0.47331000000000001,0.39312000000000002,0.29476999999999998
592.57816000000003,0.048710000000000003,0.1099,0.21790000000000001,0.34283999999999998,0.50634999999999997,0.47489999999999999,0.39493,0.29648999999999998
592.83523000000002,0.04836,0.10977000000000001,0.21707000000000001,0.34214,0.50724999999999998,0.47658,0.39601999999999998,0.29683999999999999
593.09230000000002,0.047070000000000001,0.10918,0.21575,0.33937,0.50704000000000005,0.47853000000000001,0.39444000000000001,0.29841000000000001
593.34934999999996,0.043619999999999999,0.10664,0.21390999999999999,0.33818999999999999,0.50531999999999999,0.47806999999999999,0.39411000000000002,0.29898999999999998
593.60640000000001,0.043900000000000002,0.10435999999999999,0.21285999999999999,0.33881,0.50483999999999996,0.47614000000000001,0.39617000000000002,0.29854999999999998
593.86343999999997,0.043740000000000001,0.10595,0.21163000000000001,0.33817999999999998,0.50449999999999995,0.47808,0.39755000000000001,0.29898999999999998
594.12046999999995,0.045089999999999998,0.10574,0.21085999999999999,0.33556000000000002,0.50331000000000004,0.48074,0.39638000000000001,0.2994
594.37748999999997,0.043860000000000003,0.1041,0.21016000000000001,0.33366000000000001,0.50404000000000004,0.48237999999999998,0.39567000000000002,0.29915999999999998
594.6345,0.044729999999999999,0.10289,0.20766999999999999,0.33337,0.50144,0.48562,0.39617000000000002,0.29970999999999998
594.89149999999995,0.043779999999999999,0.10435,0.20705999999999999,0.33178999999999997,0.50107000000000002,0.48514000000000002,0.40016000000000002,0.29835
595.14850000000001,0.04317,0.10398,0.20691000000000001,0.33312999999999998,0.50124000000000002,0.48544999999999999,0.40168999999999999,0.29864000000000002
595.40548000000001,0.042220000000000001,0.10158,0.20557,0.33285999999999999,0.49911,0.48482999999999998,0.40037,0.29896
595.66246000000001,0.045580000000000002,0.10023,0.20519999999999999,0.33015,0.49907000000000001,0.48487999999999998,0.40353,0.29998000000000002
595.91941999999995,0.045420000000000002,0.098589999999999997,0.20361000000000001,0.32913999999999999,0.49785000000000001,0.48599999999999999,0.40518999999999999,0.30143999999999999
596.17637999999999,0.04641,0.09894,0.20429,0.32722000000000001,0.49704999999999999,0.48741000000000001,0.40390999999999999,0.30281000000000002
596.43332999999996,0.046519999999999999,0.097019999999999995,0.20294000000000001,0.32713999999999999,0.49526999999999999,0.48948999999999998,0.40497,0.30247000000000002
596.69027000000006,0.044650000000000002,0.095880000000000007,0.20141999999999999,0.32554,0.49465999999999999,0.48868,0.40494000000000002,0.30310999999999999
596.94719999999995,0.04582,0.094630000000000006,0.20139000000000001,0.32332,0.49342000000000003,0.48992999999999998,0.40387000000000001,0.30245
597.20411999999999,0.04709,0.095229999999999995,0.19894999999999999,0.32272000000000001,0.49320000000000003,0.49207000000000001,0.40798000000000001,0.30370999999999998
597.46104000000003,0.046850000000000003,0.095299999999999996,0.19822000000000001,0.32290999999999997,0.49357000000000001,0.49301,0.40944000000000003,0.30481000000000003
597.71794,0.045740000000000003,0.096820000000000003,0.19802,0.32194,0.49470999999999998,0.49495,0.41044000000000003,0.30591000000000002
597.97483999999997,0.043180000000000003,0.097739999999999994,0.19525999999999999,0.32097999999999999,0.49368000000000001,0.49430000000000002,0.41044999999999998,0.30567
598.23172,0.03993,0.096579999999999999,0.19378999999999999,0.32078000000000001,0.49206,0.49484,0.41065000000000002,0.30409999999999998
598.48860000000002,0.039269999999999999,0.095710000000000003,0.19273999999999999,0.31877,0.49186000000000002,0.49589,0.41177000000000002,0.30565999999999999
598.74546999999995,0.042160000000000003,0.095320000000000002,0.19114,0.31696999999999997,0.49037999999999998,0.49797000000000002,0.41119,0.30388999999999999
599.00233000000003,0.043999999999999997,0.094589999999999994,0.19127,0.31741999999999998,0.48803999999999997,0.49701000000000001,0.41324,0.30382999999999999
599.25918000000001,0.044220000000000002,0.094060000000000005,0.19078000000000001,0.31568000000000002,0.48768,0.49811,0.41526000000000002,0.30391000000000001
599.51602000000003,0.044720000000000003,0.094560000000000005,0.18931999999999999,0.31342999999999999,0.48715000000000003,0.49824000000000002,0.41535,0.30473
599.77284999999995,0.04453,0.094560000000000005,0.18867,0.31172,0.48847000000000002,0.49754999999999999,0.41369,0.30503000000000002
600.02967999999998,0.04709,0.091880000000000003,0.18804000000000001,0.31276999999999999,0.48563000000000001,0.49848999999999999,0.41393999999999997,0.30621999999999999
600.28648999999996,0.046510000000000003,0.092869999999999994,0.18662000000000001,0.31213000000000002,0.48361999999999999,0.49991999999999998,0.41485,0.30796000000000001
600.54330000000004,0.047890000000000002,0.093950000000000006,0.18701000000000001,0.31109999999999999,0.48443000000000003,0.50221000000000005,0.41576000000000002,0.30780000000000002
600.80010000000004,0.043279999999999999,0.095500000000000002,0.18645,0.30914000000000003,0.48393999999999998,0.50394000000000005,0.41850999999999999,0.30809999999999998
601.05687999999998,0.040489999999999998,0.096799999999999997,0.18517,0.30804999999999999,0.48255999999999999,0.50153999999999999,0.41865999999999998,0.30703999999999998
601.31366000000003,0.041889999999999997,0.095610000000000001,0.18346000000000001,0.30635000000000001,0.48204999999999998,0.49902999999999997,0.41804999999999998,0.30869000000000002
601.57042999999999,0.042619999999999998,0.095479999999999995,0.18276999999999999,0.30639,0.48093000000000002,0.49967,0.42143999999999998,0.30990000000000001
601.82718999999997,0.041669999999999999,0.092939999999999995,0.18229000000000001,0.30488999999999999,0.48125000000000001,0.50302999999999998,0.42194999999999999,0.30931999999999998
602.08394999999996,0.043830000000000001,0.093170000000000003,0.18165999999999999,0.30399999999999999,0.47968,0.50532999999999995,0.42165999999999998,0.3085
602.34069,0.043560000000000001,0.093780000000000002,0.17974000000000001,0.30545,0.47893999999999998,0.50563000000000002,0.42109999999999997,0.30853999999999998
602.59743000000003,0.04206,0.092759999999999995,0.17885000000000001,0.30320000000000003,0.48018,0.50548999999999999,0.42044999999999999,0.30953000000000003
602.85415,0.04027,0.093030000000000002,0.17712,0.30248000000000003,0.47866999999999998,0.50566999999999995,0.42187000000000002,0.31058999999999998
603.11086999999998,0.03984,0.093140000000000001,0.17654,0.29992999999999997,0.47645999999999999,0.50853000000000004,0.42413000000000001,0.31184000000000001
603.36757,0.042099999999999999,0.090899999999999995,0.17693999999999999,0.29877999999999999,0.47776000000000002,0.50795999999999997,0.42481000000000002,0.314
603.62427000000002,0.041209999999999997,0.089599999999999999,0.17488000000000001,0.29762,0.47770000000000001,0.50875999999999999,0.42674000000000001,0.31297999999999998
603.88095999999996,0.040129999999999999,0.089160000000000003,0.17444999999999999,0.29699999999999999,0.47570000000000001,0.51083000000000001,0.42732999999999999,0.31173000000000001
604.13764000000003,0.042090000000000002,0.090840000000000004,0.17374000000000001,0.29594999999999999,0.47533999999999998,0.51104000000000005,0.42652000000000001,0.31253999999999998
604.39431999999999,0.042070000000000003,0.090679999999999997,0.17201,0.29430000000000001,0.47405000000000003,0.51078999999999997,0.42817,0.31334000000000001
604.65098,0.042849999999999999,0.089380000000000001,0.17147999999999999,0.29426999999999998,0.47086,0.51119000000000003,0.42824000000000001,0.31422
604.90763000000004,0.042459999999999998,0.089149999999999993,0.17194000000000001,0.29291,0.46899000000000002,0.50919000000000003,0.42801,0.31413000000000002
605.16427999999996,0.04249,0.086269999999999999,0.17202000000000001,0.2928,0.46906999999999999,0.51171999999999995,0.42907000000000001,0.31307000000000001
605.42091000000005,0.041209999999999997,0.084169999999999995,0.16933999999999999,0.29169,0.46722000000000002,0.51254999999999995,0.43120000000000003,0.31397999999999998
605.67754000000002,0.039410000000000001,0.084540000000000004,0.16727,0.28924,0.46822000000000003,0.51454999999999995,0.43336999999999998,0.31591999999999998
605.93416000000002,0.037629999999999997,0.083500000000000005,0.16869000000000001,0.28813,0.46777999999999997,0.51471,0.43342999999999998,0.31789000000000001
606.19077000000004,0.037690000000000001,0.081909999999999997,0.16922999999999999,0.28777999999999998,0.46621000000000001,0.51614000000000004,0.43598999999999999,0.31792999999999999
606.44736999999998,0.037400000000000003,0.079759999999999998,0.16697999999999999,0.28671999999999997,0.46614,0.51622999999999997,0.43573000000000001,0.31735999999999998
606.70396000000005,0.038300000000000001,0.079409999999999994,0.16614999999999999,0.28605999999999998,0.46517999999999998,0.51687000000000005,0.43586999999999998,0.31511
606.96054000000004,0.038519999999999999,0.078920000000000004,0.16642000000000001,0.28545999999999999,0.46400999999999998,0.51726000000000005,0.43520999999999999,0.31428
607.21712000000002,0.037060000000000003,0.076999999999999999,0.16458,0.28336,0.46212999999999999,0.51722000000000001,0.43606,0.31437999999999999
607.47367999999994,0.03832,0.076509999999999995,0.1623,0.28216999999999998,0.46027000000000001,0.51809000000000005,0.4385,0.31433
607.73023000000001,0.039750000000000001,0.075170000000000001,0.16209000000000001,0.28276000000000001,0.46079999999999999,0.51771,0.44035000000000002,0.31516
607.98677999999995,0.039849999999999997,0.074450000000000002,0.16134999999999999,0.28264,0.46074999999999999,0.51873999999999998,0.44080000000000003,0.31602999999999998
608.24332000000004,0.041259999999999998,0.073899999999999993,0.16003000000000001,0.27966000000000002,0.45857999999999999,0.52059,0.44081999999999999,0.31683
608.49985000000004,0.041829999999999999,0.075329999999999994,0.15967000000000001,0.27961000000000003,0.45677000000000001,0.52073000000000003,0.43978,0.31594
608.75636999999995,0.04052,0.075689999999999993,0.15889,0.28033999999999998,0.45865,0.52075000000000005,0.43967000000000001,0.31751000000000001
609.01288,0.038949999999999999,0.076090000000000005,0.15789,0.27898000000000001,0.45967000000000002,0.51976999999999995,0.44285999999999998,0.318
609.26937999999996,0.03601,0.076359999999999997,0.15734999999999999,0.27860000000000001,0.45777000000000001,0.52087000000000006,0.44440000000000002,0.31842999999999999
609.52587000000005,0.0344,0.076530000000000001,0.15697,0.27600999999999998,0.45551999999999998,0.52239999999999998,0.44207999999999997,0.31857000000000002
609.78236000000004,0.033849999999999998,0.076249999999999998,0.15643000000000001,0.27478999999999998,0.45400000000000001,0.52276999999999996,0.44130999999999998,0.31852000000000003
610.03882999999996,0.037589999999999998,0.075329999999999994,0.15631,0.27301999999999998,0.45328000000000002,0.52234999999999998,0.44307999999999997,0.31968000000000002
610.2953,0.039759999999999997,0.076399999999999996,0.15625,0.27245999999999998,0.45249,0.52303999999999995,0.44496000000000002,0.32002000000000003
610.55174999999997,0.03866,0.076670000000000002,0.15501999999999999,0.27123000000000003,0.45091999999999999,0.52473999999999998,0.44551000000000002,0.31939000000000001
610.80820000000006,0.039710000000000002,0.07417,0.15384999999999999,0.27079999999999999,0.44975999999999999,0.52483999999999997,0.44635999999999998,0.32129999999999997
611.06464000000005,0.038980000000000001,0.070099999999999996,0.15167,0.26962000000000003,0.44944000000000001,0.52483999999999997,0.44907999999999998,0.32130999999999998
611.32106999999996,0.0385,0.068080000000000002,0.15123,0.26769999999999999,0.44802999999999998,0.52444999999999997,0.44857999999999998,0.32042999999999999
611.57749000000001,0.038249999999999999,0.067169999999999994,0.15043000000000001,0.26704,0.44807999999999998,0.52481,0.44568999999999998,0.32038
611.83389999999997,0.037179999999999998,0.066699999999999995,0.14849999999999999,0.26689000000000002,0.44742999999999999,0.52561000000000002,0.44666,0.32085000000000002
612.09031000000004,0.037039999999999997,0.067390000000000005,0.14931,0.26580999999999999,0.44729999999999998,0.52775000000000005,0.44957000000000003,0.32222000000000001
612.34670000000006,0.037839999999999999,0.069370000000000001,0.14827000000000001,0.26493,0.44635999999999998,0.52471000000000001,0.4486,0.32255
612.60307999999998,0.035659999999999997,0.070499999999999993,0.14813000000000001,0.26368999999999998,0.44517000000000001,0.52608999999999995,0.44914999999999999,0.32333000000000001
612.85946000000001,0.034819999999999997,0.073380000000000001,0.14754999999999999,0.26451999999999998,0.44385999999999998,0.52766000000000002,0.45017000000000001,0.32088
613.11582999999996,0.034959999999999998,0.075310000000000002,0.14573,0.26296000000000003,0.44278000000000001,0.52637999999999996,0.45022000000000001,0.32197999999999999
613.37219000000005,0.035279999999999999,0.075050000000000006,0.14537,0.2616,0.44169999999999998,0.5272,0.45138,0.32417000000000001
613.62854000000004,0.036639999999999999,0.073719999999999994,0.14501,0.26178000000000001,0.43958999999999998,0.52915000000000001,0.45377000000000001,0.32523000000000002
613.88486999999998,0.035209999999999998,0.074740000000000001,0.14385000000000001,0.26129000000000002,0.43828,0.52920999999999996,0.45354,0.32690000000000002
614.14121,0.036360000000000003,0.074700000000000003,0.14315,0.26011000000000001,0.43802000000000002,0.52952999999999995,0.45273999999999998,0.32604
614.39752999999996,0.034639999999999997,0.073980000000000004,0.14294000000000001,0.25958999999999999,0.43834000000000001,0.53147999999999995,0.45323000000000002,0.32822000000000001
614.65383999999995,0.034000000000000002,0.071629999999999999,0.14130000000000001,0.25957999999999998,0.43745000000000001,0.52834000000000003,0.45477000000000001,0.32745999999999997
614.91015000000004,0.034389999999999997,0.069519999999999998,0.1399,0.25714999999999999,0.43659999999999999,0.52951000000000004,0.45646999999999999,0.32689000000000001
615.16643999999997,0.035900000000000001,0.069309999999999997,0.13930000000000001,0.25492999999999999,0.43691999999999998,0.53142999999999996,0.45831,0.32876
615.42273,0.034439999999999998,0.069889999999999994,0.13879,0.25314999999999999,0.43618000000000001,0.53132999999999997,0.45674999999999999,0.32756000000000002
615.67899999999997,0.034930000000000003,0.070879999999999999,0.13804,0.25413999999999998,0.43525999999999998,0.53261000000000003,0.45835999999999999,0.32697999999999999
615.93526999999995,0.034009999999999999,0.070690000000000003,0.13836000000000001,0.25380000000000003,0.43171999999999999,0.53102000000000005,0.45996999999999999,0.32826
616.19152999999994,0.033869999999999997,0.069419999999999996,0.13749,0.25197999999999998,0.43234,0.53151000000000004,0.46056999999999998,0.32845999999999997
616.44777999999997,0.033770000000000001,0.068940000000000001,0.13605,0.25053999999999998,0.43324000000000001,0.53364999999999996,0.46365000000000001,0.32823000000000002
616.70402000000001,0.034459999999999998,0.067239999999999994,0.13442000000000001,0.24968000000000001,0.43002000000000001,0.53439000000000003,0.46687000000000001,0.3286
616.96024999999997,0.033390000000000003,0.065479999999999997,0.13414999999999999,0.24782000000000001,0.42859000000000003,0.53386,0.46761000000000003,0.32765
617.21648000000005,0.032919999999999998,0.06454,0.13336999999999999,0.24789,0.42853999999999998,0.53208,0.46610000000000001,0.32719999999999999
617.47268999999994,0.031910000000000001,0.063780000000000003,0.13136999999999999,0.24734999999999999,0.42702000000000001,0.53190999999999999,0.46672999999999998,0.32854
617.72889999999995,0.03091,0.062899999999999998,0.13173000000000001,0.24757999999999999,0.42571999999999999,0.53391,0.46625,0.33093
617.98509000000001,0.030550000000000001,0.06046,0.13059999999999999,0.24797,0.42492999999999997,0.53346000000000005,0.46588000000000002,0.32901999999999998
618.24127999999996,0.030720000000000001,0.061330000000000003,0.13072,0.24610000000000001,0.42510999999999999,0.53410000000000002,0.46709000000000001,0.32891999999999999
618.49746000000005,0.029649999999999999,0.063439999999999996,0.13020999999999999,0.24367,0.42392999999999997,0.53376999999999997,0.46711999999999998,0.33006000000000002
618.75363000000004,0.028830000000000001,0.063320000000000001,0.12867999999999999,0.24267,0.42391000000000001,0.53344999999999998,0.46675,0.33110000000000001
619.00978999999995,0.028410000000000001,0.062909999999999994,0.12820999999999999,0.24232999999999999,0.42118,0.53335999999999995,0.46681,0.33283000000000001
619.26594,0.029780000000000001,0.063399999999999998,0.12825,0.24254000000000001,0.42060999999999998,0.53449000000000002,0.4677,0.33123999999999998
619.52207999999996,0.031730000000000001,0.061940000000000002,0.12847,0.24184,0.42036000000000001,0.53629000000000004,0.46910000000000002,0.33145999999999998
619.77822000000003,0.034340000000000002,0.060760000000000002,0.12764,0.24092,0.41792000000000001,0.53461999999999998,0.46709000000000001,0.33334999999999998
620.03434000000004,0.033700000000000001,0.064420000000000005,0.12709000000000001,0.23988999999999999,0.41718,0.53525,0.46939999999999998,0.33306000000000002
620.29046000000005,0.030870000000000002,0.068140000000000006,0.12634000000000001,0.23946999999999999,0.41803000000000001,0.53732000000000002,0.47062999999999999,0.33363999999999999
620.54656,0.032899999999999999,0.067470000000000002,0.12479,0.23832,0.41770000000000002,0.53703999999999996,0.47402,0.33499000000000001
620.80265999999995,0.036179999999999997,0.06454,0.12368,0.23802000000000001,0.41600999999999999,0.53849000000000002,0.47345999999999999,0.33463999999999999
621.05875000000003,0.03465,0.062640000000000001,0.12371,0.23729,0.41464000000000001,0.53695000000000004,0.47354000000000002,0.33263999999999999
621.31483000000003,0.033869999999999997,0.06053,0.12292,0.23502999999999999,0.41227000000000003,0.53556000000000004,0.47325,0.33289999999999997
621.57090000000005,0.031189999999999999,0.058990000000000001,0.1237,0.23391000000000001,0.41248000000000001,0.53598000000000001,0.47271000000000002,0.33384999999999998
621.82695999999999,0.03049,0.059889999999999999,0.12411999999999999,0.23411000000000001,0.41067999999999999,0.53429000000000004,0.47302,0.33399000000000001
622.08300999999994,0.031919999999999997,0.061699999999999998,0.12401,0.23275999999999999,0.41015000000000001,0.53710999999999998,0.47306999999999999,0.33445000000000003
622.33905000000004,0.034430000000000002,0.063259999999999997,0.12305000000000001,0.23099,0.40899000000000002,0.53902000000000005,0.47359000000000001,0.33526
622.59509000000003,0.036159999999999998,0.062969999999999998,0.12099,0.22992000000000001,0.40932000000000002,0.53625999999999996,0.47352,0.33510000000000001
622.85110999999995,0.034599999999999999,0.062030000000000002,0.11978,0.23141999999999999,0.40836,0.53607000000000005,0.47553000000000001,0.33572999999999997
623.10712999999998,0.031489999999999997,0.061069999999999999,0.11914,0.23066999999999999,0.40920000000000001,0.53788999999999998,0.47865999999999997,0.33731
623.36314000000004,0.02997,0.059119999999999999,0.11910999999999999,0.22980999999999999,0.40790999999999999,0.53681000000000001,0.47764000000000001,0.33561999999999997
623.61914000000002,0.02912,0.059569999999999998,0.11813,0.22892000000000001,0.40686,0.53735999999999995,0.47682000000000002,0.33542
623.87513000000001,0.029270000000000001,0.059420000000000001,0.1169,0.22735,0.40561999999999998,0.53757999999999995,0.47882000000000002,0.33679999999999999
624.13111000000004,0.02988,0.058540000000000002,0.11636000000000001,0.22556000000000001,0.40378999999999998,0.53683000000000003,0.47796,0.33785999999999999
624.38707999999997,0.028649999999999998,0.05917,0.11645999999999999,0.22597999999999999,0.40325,0.53654999999999997,0.47710000000000002,0.33925
624.64304000000004,0.03125,0.058869999999999999,0.11724999999999999,0.22533,0.40244000000000002,0.53991,0.47987000000000002,0.33995999999999998
624.89899000000003,0.032969999999999999,0.058979999999999998,0.11644,0.22436,0.40209,0.53885000000000005,0.48107,0.34150999999999998
625.15494000000001,0.03261,0.059639999999999999,0.11516999999999999,0.22428000000000001,0.40155000000000002,0.53773000000000004,0.48232999999999998,0.34009
625.41087000000005,0.029850000000000002,0.058869999999999999,0.11439000000000001,0.22283,0.40021000000000001,0.53824000000000005,0.48185,0.34044000000000002
625.66679999999997,0.031359999999999999,0.058259999999999999,0.11459,0.22242999999999999,0.39792,0.53852,0.48021999999999998,0.34203
625.92271000000005,0.0339,0.058959999999999999,0.11477,0.22233,0.39767999999999998,0.53802000000000005,0.48087000000000002,0.34062999999999999
626.17862000000002,0.033950000000000001,0.05919,0.11339,0.22173999999999999,0.39789999999999998,0.53678999999999999,0.4819,0.34057999999999999
626.43452000000002,0.034500000000000003,0.056000000000000001,0.11199000000000001,0.22101999999999999,0.39778999999999998,0.53576999999999997,0.48264000000000001,0.33984999999999999
626.69041000000004,0.037269999999999998,0.054089999999999999,0.11124000000000001,0.22098999999999999,0.39723000000000003,0.53885000000000005,0.48730000000000001,0.34137000000000001
626.94628999999998,0.03524,0.05534,0.10996,0.21929999999999999,0.39488000000000001,0.54024000000000005,0.48924000000000001,0.34364
627.20216000000005,0.032899999999999999,0.057279999999999998,0.10894,0.21826999999999999,0.39304,0.53954999999999997,0.49099999999999999,0.34397
627.45803000000001,0.031800000000000002,0.058000000000000003,0.10896,0.21836,0.39201999999999998,0.53847,0.49246000000000001,0.34376000000000001
627.71388000000002,0.031820000000000001,0.058189999999999999,0.10932,0.21693000000000001,0.39256999999999997,0.53710999999999998,0.49154999999999999,0.34377000000000002
627.96973000000003,0.032930000000000001,0.057329999999999999,0.10947999999999999,0.21493000000000001,0.39085999999999999,0.53652,0.48958000000000002,0.34514
628.22555999999997,0.031919999999999997,0.056349999999999997,0.10811,0.21403,0.39079000000000003,0.53686999999999996,0.49075999999999997,0.34497
628.48139000000003,0.030089999999999999,0.055750000000000001,0.10734,0.21335000000000001,0.38967000000000002,0.53725000000000001,0.49058000000000002,0.34498000000000001
628.73721,0.028899999999999999,0.055559999999999998,0.107,0.21385000000000001,0.38938,0.53600999999999999,0.48860999999999999,0.34509000000000001
628.99302,0.030020000000000002,0.056140000000000002,0.10582,0.21210000000000001,0.38779999999999998,0.53627999999999998,0.49013000000000001,0.34514
629.24882000000002,0.032390000000000002,0.057630000000000001,0.10580000000000001,0.20971999999999999,0.38635999999999998,0.53734999999999999,0.49057000000000001,0.34478999999999999
629.50459999999998,0.031329999999999997,0.057299999999999997,0.10613,0.21046999999999999,0.38536999999999999,0.53769,0.49016999999999999,0.34338999999999997
629.76039000000003,0.032140000000000002,0.056129999999999999,0.10514,0.21154999999999999,0.38523000000000002,0.53835,0.49134,0.34276000000000001
630.01616000000001,0.033000000000000002,0.05441,0.10284,0.21092,0.38431999999999999,0.53788999999999998,0.49320999999999998,0.34281
630.27192000000002,0.032680000000000001,0.054080000000000003,0.10396,0.20866000000000001,0.38335000000000002,0.53688000000000002,0.49564000000000002,0.34214
630.52768000000003,0.032870000000000003,0.054719999999999998,0.10435999999999999,0.20760000000000001,0.38167000000000001,0.53659999999999997,0.49661,0.34375
630.78341999999998,0.032910000000000002,0.054280000000000002,0.10272000000000001,0.20780000000000001,0.38029000000000002,0.53722000000000003,0.49557000000000001,0.34388000000000002
631.03916000000004,0.03356,0.054030000000000002,0.10249999999999999,0.20583000000000001,0.37997999999999998,0.53788000000000002,0.49702000000000002,0.34467999999999999
631.29489000000001,0.031719999999999998,0.054370000000000002,0.1009,0.20655000000000001,0.37939000000000001,0.53803999999999996,0.49836000000000003,0.34767999999999999
631.55061000000001,0.029579999999999999,0.0557,0.10127,0.20666999999999999,0.37808000000000003,0.53737000000000001,0.49880000000000002,0.34628999999999999
631.80632000000003,0.02962,0.055620000000000003,0.10163,0.20532,0.37769999999999998,0.53798000000000001,0.50092000000000003,0.34612999999999999
632.06201999999996,0.031179999999999999,0.054480000000000001,0.099909999999999999,0.20472000000000001,0.37716,0.53827999999999998,0.50075999999999998,0.34786
632.31771000000003,0.02895,0.053460000000000001,0.10000000000000001,0.20482,0.37662000000000001,0.53791999999999995,0.50043000000000004,0.34798000000000001
632.57339000000002,0.026440000000000002,0.052420000000000001,0.099640000000000006,0.20286000000000001,0.37411,0.53674999999999995,0.50256999999999996,0.34760999999999997
632.82906000000003,0.026360000000000001,0.053330000000000002,0.098280000000000006,0.20054,0.37447999999999998,0.53669,0.50131000000000003,0.34827999999999998
633.08473000000004,0.026960000000000001,0.05407,0.099449999999999997,0.20163,0.37517,0.53805000000000003,0.50036999999999998,0.34800999999999999
633.34037999999998,0.02759,0.053069999999999999,0.098299999999999998,0.20038,0.37284,0.53669999999999995,0.50124000000000002,0.34856999999999999
633.59603000000004,0.02392,0.051520000000000003,0.097960000000000005,0.19858999999999999,0.37115999999999999,0.53686999999999996,0.50422999999999996,0.34899999999999998
633.85167000000001,0.023570000000000001,0.049630000000000001,0.098519999999999996,0.19756000000000001,0.37148999999999999,0.53744999999999998,0.50539999999999996,0.34943000000000002
634.10729000000003,0.02478,0.050540000000000002,0.097689999999999999,0.19727,0.37035000000000001,0.53556000000000004,0.50558999999999998,0.34978999999999999
634.36291000000006,0.024719999999999999,0.050560000000000001,0.097640000000000005,0.19671,0.36970999999999998,0.53458000000000006,0.50368000000000002,0.35071999999999998
634.61851999999999,0.025489999999999999,0.050619999999999998,0.096509999999999999,0.19703999999999999,0.36825999999999998,0.53364999999999996,0.50256999999999996,0.35110000000000002
634.87411999999995,0.026030000000000001,0.049270000000000001,0.094759999999999997,0.19707,0.36699999999999999,0.53434999999999999,0.50404000000000004,0.35398000000000002
635.12972000000002,0.02469,0.04616,0.093880000000000005,0.19561000000000001,0.36675000000000002,0.53561999999999999,0.50512999999999997,0.35560999999999998
635.38530000000003,0.025190000000000001,0.046390000000000001,0.094399999999999998,0.19439000000000001,0.36725999999999998,0.53795999999999999,0.50741000000000003,0.35547000000000001
635.64086999999995,0.027490000000000001,0.046679999999999999,0.094869999999999996,0.19461999999999999,0.36636000000000002,0.53595000000000004,0.50702000000000003,0.35541
635.89643999999998,0.030360000000000002,0.048210000000000003,0.092810000000000004,0.19345999999999999,0.36592000000000002,0.53417999999999999,0.50607999999999997,0.35433999999999999
636.15198999999996,0.028920000000000001,0.048809999999999999,0.093049999999999994,0.1918,0.36615999999999999,0.53500999999999999,0.50690999999999997,0.35365000000000002
636.40754000000004,0.028240000000000001,0.049889999999999997,0.092780000000000001,0.19209999999999999,0.36519000000000001,0.53398000000000001,0.51009000000000004,0.35466999999999999
636.66308000000004,0.028309999999999998,0.050810000000000001,0.091759999999999994,0.1908,0.36364999999999997,0.53268000000000004,0.51141999999999999,0.35461999999999999
636.91859999999997,0.028920000000000001,0.05101,0.092369999999999994,0.19022,0.36302000000000001,0.53237999999999996,0.51261000000000001,0.35598999999999997
637.17412000000002,0.030429999999999999,0.049829999999999999,0.091490000000000002,0.18956999999999999,0.36157,0.53378999999999999,0.51219000000000003,0.35549999999999998
637.42962999999997,0.029999999999999999,0.04827,0.090870000000000006,0.19073000000000001,0.36027999999999999,0.53641000000000005,0.51183999999999996,0.35637999999999997
637.68514000000005,0.029190000000000001,0.046829999999999997,0.090380000000000002,0.19020999999999999,0.35821999999999998,0.53463000000000005,0.51392000000000004,0.35769000000000001
637.94063000000006,0.030259999999999999,0.045519999999999998,0.090529999999999999,0.18931999999999999,0.35735,0.53481000000000001,0.51456999999999997,0.35654000000000002
638.19610999999998,0.028930000000000001,0.04675,0.089399999999999993,0.18801000000000001,0.35864000000000001,0.53308,0.51370000000000005,0.35743000000000003
638.45159000000001,0.027390000000000001,0.048599999999999997,0.089090000000000003,0.18715999999999999,0.35665000000000002,0.53185000000000004,0.51275999999999999,0.35742000000000002
638.70704999999998,0.02572,0.05006,0.088499999999999995,0.18667,0.35604999999999998,0.53300000000000003,0.51546000000000003,0.35732000000000003
638.96250999999995,0.024660000000000001,0.050959999999999998,0.089380000000000001,0.18534999999999999,0.35494999999999999,0.53378000000000003,0.51754999999999995,0.35655999999999999
639.21794999999997,0.022970000000000001,0.051529999999999999,0.087980000000000003,0.18573000000000001,0.35660999999999998,0.53281999999999996,0.51568000000000003,0.35835
639.47338999999999,0.021770000000000001,0.049739999999999999,0.087889999999999996,0.18490000000000001,0.35478999999999999,0.53278000000000003,0.51461999999999997,0.35620000000000002
639.72882000000004,0.02281,0.04675,0.088450000000000001,0.18428,0.35417999999999999,0.53363000000000005,0.51785000000000003,0.35650999999999999
639.98424,0.024420000000000001,0.045749999999999999,0.088389999999999996,0.18307000000000001,0.35349999999999998,0.53351000000000004,0.51636000000000004,0.35824
640.23964999999998,0.023089999999999999,0.044339999999999997,0.087080000000000005,0.18301999999999999,0.35156999999999999,0.53337999999999997,0.51617999999999997,0.35843000000000003
640.49504999999999,0.022040000000000001,0.040629999999999999,0.08548,0.18371999999999999,0.35149000000000002,0.53085000000000004,0.51790000000000003,0.35977999999999999
640.75045,0.023609999999999999,0.039309999999999998,0.085620000000000002,0.18298,0.35110000000000002,0.52988000000000002,0.51829000000000003,0.35854999999999998
641.00582999999995,0.02436,0.038089999999999999,0.084650000000000003,0.18245,0.34887000000000001,0.53058000000000005,0.51829000000000003,0.35832999999999998
641.26120000000003,0.023029999999999998,0.038690000000000002,0.084529999999999994,0.18101,0.34891,0.53024000000000004,0.51841000000000004,0.35927999999999999
641.51657,0.02265,0.039600000000000003,0.084059999999999996,0.17960000000000001,0.34855999999999998,0.52753000000000005,0.51668999999999998,0.35946
641.77193,0.022689999999999998,0.04138,0.084610000000000005,0.18028,0.34610000000000002,0.5292,0.51504000000000005,0.36027999999999999
642.02727000000004,0.023800000000000002,0.041329999999999999,0.085050000000000001,0.18106,0.34594999999999998,0.52947999999999995,0.51759999999999995,0.3604
642.28260999999998,0.023400000000000001,0.040689999999999997,0.085000000000000006,0.1792,0.34728999999999999,0.52878000000000003,0.51729999999999998,0.36155999999999999
642.53794000000005,0.0253,0.04233,0.083460000000000006,0.17906,0.34445999999999999,0.52724000000000004,0.51888999999999996,0.36248000000000002
642.79326000000003,0.028850000000000001,0.04369,0.082600000000000007,0.17756,0.34461999999999998,0.52759999999999996,0.52112999999999998,0.36082999999999998
643.04857000000004,0.02811,0.044159999999999998,0.081729999999999997,0.17632999999999999,0.34423999999999999,0.52844999999999998,0.51988999999999996,0.35975000000000001
643.30386999999996,0.02615,0.043240000000000001,0.081850000000000006,0.17660000000000001,0.34187000000000001,0.52856000000000003,0.52129999999999999,0.36201
643.55916999999999,0.028160000000000001,0.039649999999999998,0.081850000000000006,0.17602999999999999,0.34083000000000002,0.52758000000000005,0.52141000000000004,0.36452000000000001
643.81444999999997,0.027529999999999999,0.036729999999999999,0.079450000000000007,0.17422000000000001,0.34151999999999999,0.52797000000000005,0.52097000000000004,0.36251
644.06971999999996,0.026179999999999998,0.0395,0.079020000000000007,0.17482,0.34211000000000003,0.52766999999999997,0.52229000000000003,0.36380000000000001
644.32498999999996,0.026239999999999999,0.041590000000000002,0.079070000000000001,0.17357,0.34077000000000002,0.52746000000000004,0.52470000000000006,0.36342999999999998
644.58024999999998,0.024549999999999999,0.043679999999999997,0.07893,0.17180999999999999,0.33978999999999998,0.52607999999999999,0.52524000000000004,0.36343999999999999
644.83549000000005,0.02264,0.045589999999999999,0.078710000000000002,0.17072999999999999,0.33768999999999999,0.52575000000000005,0.52505000000000002,0.36363000000000001
645.09073000000001,0.021510000000000001,0.043799999999999999,0.079880000000000007,0.17100000000000001,0.33723999999999998,0.52563000000000004,0.52588999999999997,0.36393999999999999
645.34595999999999,0.021690000000000001,0.043249999999999997,0.080399999999999999,0.17188000000000001,0.33577000000000001,0.52571999999999997,0.52244000000000002,0.36575999999999997
645.60118,0.022040000000000001,0.043279999999999999,0.078740000000000004,0.17101,0.33493000000000001,0.52693999999999996,0.52317000000000002,0.36536999999999997
645.85639000000003,0.02129,0.044319999999999998,0.078460000000000002,0.16991000000000001,0.33376,0.52503,0.52522999999999997,0.36584
646.11158999999998,0.021839999999999998,0.045350000000000001,0.079030000000000003,0.16872000000000001,0.33287,0.52473999999999998,0.52505000000000002,0.36714999999999998
646.36679000000004,0.021579999999999998,0.04471,0.078259999999999996,0.16988,0.33295999999999998,0.52473000000000003,0.52334999999999998,0.36799999999999999
646.62197000000003,0.020580000000000001,0.04333,0.077049999999999993,0.16907,0.33209,0.52259999999999995,0.52500000000000002,0.3695
646.87715000000003,0.020990000000000002,0.040289999999999999,0.076799999999999993,0.16861999999999999,0.33140999999999998,0.52242,0.5232,0.37015999999999999
647.13230999999996,0.022870000000000001,0.037969999999999997,0.076469999999999996,0.16822999999999999,0.33119999999999999,0.52288999999999997,0.52542999999999995,0.36881000000000003
647.38747000000001,0.023550000000000001,0.037920000000000002,0.076799999999999993,0.16833000000000001,0.33116000000000001,0.52195000000000003,0.52942999999999996,0.36869000000000002
647.64260999999999,0.023300000000000001,0.0378,0.076520000000000005,0.16678000000000001,0.33032,0.52002000000000004,0.53083000000000002,0.37004999999999999
647.89774999999997,0.022929999999999999,0.036310000000000002,0.076399999999999996,0.16550999999999999,0.32996999999999999,0.52207000000000003,0.53056999999999999,0.37208999999999998
648.15287999999998,0.024369999999999999,0.035029999999999999,0.075039999999999996,0.16589000000000001,0.32922000000000001,0.52251000000000003,0.53166999999999998,0.37296000000000001
648.40800000000002,0.02477,0.036080000000000001,0.074469999999999995,0.16500999999999999,0.3286,0.52053000000000005,0.53120000000000001,0.37186000000000002
648.66310999999996,0.02656,0.035540000000000002,0.074690000000000006,0.16302,0.32678000000000001,0.51987000000000005,0.53220000000000001,0.37136999999999998
648.91822000000002,0.026929999999999999,0.035060000000000001,0.074940000000000007,0.16206000000000001,0.32618000000000003,0.52076999999999996,0.53163000000000005,0.37103000000000003
649.17331000000001,0.026040000000000001,0.035869999999999999,0.073340000000000002,0.16264000000000001,0.32439000000000001,0.51907000000000003,0.53242999999999996,0.37103999999999998
649.42839000000004,0.026009999999999998,0.037350000000000001,0.072910000000000003,0.16102,0.32313999999999998,0.51934999999999998,0.53151999999999999,0.37126999999999999
649.68347000000006,0.025839999999999998,0.038420000000000003,0.07238,0.15978000000000001,0.32496999999999998,0.51898999999999995,0.53185000000000004,0.37090000000000001
649.93853000000001,0.026249999999999999,0.04018,0.072520000000000001,0.16006000000000001,0.32401999999999997,0.51846000000000003,0.53274999999999995,0.37111
650.19358999999997,0.027369999999999998,0.040590000000000001,0.073819999999999997,0.16022,0.32358999999999999,0.51800999999999997,0.53049000000000002,0.37262000000000001
650.44863999999995,0.024240000000000001,0.041640000000000003,0.073859999999999995,0.16119,0.32138,0.51773000000000002,0.52980000000000005,0.37208999999999998
650.70367999999996,0.022530000000000001,0.044269999999999997,0.07288,0.16037000000000001,0.31990000000000002,0.51565000000000005,0.53093999999999997,0.37258999999999998
650.95871,0.023519999999999999,0.043700000000000003,0.071239999999999998,0.15936,0.3206,0.51563000000000003,0.53222999999999998,0.37491999999999998
651.21373000000006,0.022429999999999999,0.044150000000000002,0.070489999999999997,0.15981000000000001,0.31946000000000002,0.51688000000000001,0.53283000000000003,0.37425000000000003
651.46874000000003,0.022239999999999999,0.044639999999999999,0.070989999999999998,0.15895999999999999,0.31738,0.51536999999999999,0.53266999999999998,0.37519999999999998
651.72374000000002,0.021739999999999999,0.042759999999999999,0.070499999999999993,0.15859999999999999,0.31662000000000001,0.51344000000000001,0.53266999999999998,0.37634000000000001
651.97873000000004,0.02026,0.041149999999999999,0.068739999999999996,0.15731999999999999,0.31835000000000002,0.51334999999999997,0.53461000000000003,0.37647999999999998
652.23371999999995,0.021360000000000001,0.04027,0.069239999999999996,0.15754000000000001,0.31719999999999998,0.51505999999999996,0.53344000000000003,0.37703999999999999
652.48869000000002,0.023060000000000001,0.039989999999999998,0.07059,0.15609999999999999,0.31696999999999997,0.51476,0.53368000000000004,0.37576999999999999
652.74365999999998,0.02596,0.038449999999999998,0.069250000000000006,0.15465000000000001,0.31580000000000003,0.51515999999999995,0.5323,0.37483
652.99860999999999,0.026780000000000002,0.03637,0.068830000000000002,0.15568000000000001,0.31451000000000001,0.51539999999999997,0.53557999999999995,0.37584000000000001
653.25355999999999,0.027109999999999999,0.035520000000000003,0.068559999999999996,0.15615000000000001,0.31258000000000002,0.51349,0.53678999999999999,0.37634000000000001
653.50850000000003,0.02555,0.035779999999999999,0.069540000000000005,0.15517,0.31283,0.51329000000000002,0.53588999999999998,0.37644
653.76342999999997,0.023189999999999999,0.037280000000000001,0.068220000000000003,0.15432999999999999,0.31152999999999997,0.51136000000000004,0.53569999999999995,0.37647999999999998
654.01835000000005,0.021430000000000001,0.036949999999999997,0.067180000000000004,0.15329999999999999,0.31012000000000001,0.51022999999999996,0.53520999999999996,0.37676999999999999
654.27326000000005,0.020299999999999999,0.036720000000000003,0.067129999999999995,0.15265000000000001,0.31015999999999999,0.51205000000000001,0.53520999999999996,0.37691999999999998
654.52815999999996,0.02017,0.037350000000000001,0.066989999999999994,0.15293000000000001,0.30986000000000002,0.51051000000000002,0.53632999999999997,0.37713999999999998
654.78305,0.019359999999999999,0.035060000000000001,0.065799999999999997,0.15212000000000001,0.31041000000000002,0.50838000000000005,0.53918999999999995,0.37808999999999998
655.03794000000005,0.020150000000000001,0.03286,0.065479999999999997,0.15060999999999999,0.30935000000000001,0.50841000000000003,0.54161000000000004,0.37803999999999999
655.29281000000003,0.019730000000000001,0.032160000000000001,0.065100000000000005,0.15162999999999999,0.30786000000000002,0.50941999999999998,0.53947999999999996,0.37773000000000001
655.54768000000001,0.017469999999999999,0.032539999999999999,0.066589999999999996,0.15164,0.30742000000000003,0.50836000000000003,0.53781000000000001,0.37818000000000002
655.80253000000005,0.017940000000000001,0.034810000000000001,0.066089999999999996,0.14943999999999999,0.30592999999999998,0.50885000000000002,0.53793999999999997,0.37986999999999999
656.05737999999997,0.019179999999999999,0.035450000000000002,0.065390000000000004,0.14796999999999999,0.30498999999999998,0.50736000000000003,0.53896999999999995,0.38063999999999998
656.31222000000002,0.01907,0.035729999999999998,0.066589999999999996,0.14835000000000001,0.30536000000000002,0.50692999999999999,0.54071000000000002,0.38079000000000002
656.56704999999999,0.02053,0.035270000000000003,0.066189999999999999,0.14843999999999999,0.30704999999999999,0.50778000000000001,0.54242999999999997,0.38019999999999998
656.82186999999999,0.02043,0.034169999999999999,0.064799999999999996,0.14939,0.30487999999999998,0.50475000000000003,0.54369999999999996,0.38139000000000001
657.07668000000001,0.018630000000000001,0.032849999999999997,0.064740000000000006,0.14834,0.30359000000000003,0.50390999999999997,0.54208000000000001,0.38099
657.33148000000006,0.01652,0.033119999999999997,0.064509999999999998,0.14631,0.30321999999999999,0.50458999999999998,0.53910000000000002,0.38179000000000002
657.58627000000001,0.016250000000000001,0.032320000000000002,0.06361,0.14596000000000001,0.30192999999999998,0.50421000000000005,0.53805000000000003,0.38357000000000002
657.84105,0.016799999999999999,0.031199999999999999,0.062429999999999999,0.14588000000000001,0.30123,0.50431000000000004,0.53886999999999996,0.38313000000000003
658.09582999999998,0.018110000000000001,0.032640000000000002,0.062309999999999997,0.14463999999999999,0.30032999999999999,0.50341000000000002,0.54108000000000001,0.38244
658.35059000000001,0.019720000000000001,0.033250000000000002,0.061469999999999997,0.1434,0.29881000000000002,0.50202999999999998,0.54052,0.38274000000000002
658.60535000000004,0.02044,0.034009999999999999,0.06207,0.14377000000000001,0.29847000000000001,0.50261,0.53940999999999995,0.38278000000000001
658.86009999999999,0.021739999999999999,0.035349999999999999,0.062089999999999999,0.14359,0.29827999999999999,0.50305,0.54118999999999995,0.3841
659.11482999999998,0.01941,0.036240000000000001,0.062979999999999994,0.14338000000000001,0.29736000000000001,0.50249999999999995,0.54473000000000005,0.38445000000000001
659.36955999999998,0.019400000000000001,0.037109999999999997,0.063060000000000005,0.14432,0.29733999999999999,0.50148000000000004,0.54561999999999999,0.38257999999999998
659.62428,0.02051,0.03891,0.062600000000000003,0.14344999999999999,0.29836000000000001,0.50217000000000001,0.54608999999999996,0.38131999999999999
659.87899000000004,0.02102,0.039350000000000003,0.061879999999999998,0.14194000000000001,0.29696,0.50094000000000005,0.54432999999999998,0.38341999999999998
660.13369,0.01951,0.037249999999999998,0.061019999999999998,0.14177999999999999,0.29443999999999998,0.49936999999999998,0.54330999999999996,0.38623000000000002
660.38838999999996,0.018450000000000001,0.035369999999999999,0.061650000000000003,0.14085,0.29186000000000001,0.49820999999999999,0.54379999999999995,0.38485000000000003
660.64306999999997,0.019779999999999999,0.03338,0.061199999999999997,0.13977999999999999,0.29420000000000002,0.49746000000000001,0.54459000000000002,0.38474000000000003
660.89774,0.022429999999999999,0.033959999999999997,0.060389999999999999,0.14050000000000001,0.29357,0.49792999999999998,0.54429000000000005,0.38627
661.15241000000003,0.023130000000000001,0.03261,0.060499999999999998,0.13980999999999999,0.29275000000000001,0.49928,0.54532000000000003,0.38638
661.40706,0.024719999999999999,0.031060000000000001,0.06123,0.13757,0.29248000000000002,0.49725999999999998,0.54532999999999998,0.38545000000000001
661.66170999999997,0.024819999999999998,0.032899999999999999,0.060850000000000001,0.13688,0.29208000000000001,0.49569000000000002,0.54778000000000004,0.38623000000000002
661.91634999999997,0.02351,0.032870000000000003,0.06139,0.13707,0.29131000000000001,0.49647999999999998,0.54754999999999998,0.38750000000000001
662.17097999999999,0.01966,0.031940000000000003,0.061289999999999997,0.13719999999999999,0.29060000000000002,0.49603999999999998,0.54754000000000003,0.38944000000000001
662.42559000000006,0.017180000000000001,0.03108,0.05985,0.13732,0.28939999999999999,0.4955,0.54561999999999999,0.38879000000000002
662.68020000000001,0.017610000000000001,0.029350000000000001,0.05883,0.13705000000000001,0.28921999999999998,0.49357000000000001,0.54359000000000002,0.38847999999999999
662.9348,0.019390000000000001,0.02945,0.05765,0.13667000000000001,0.28733999999999998,0.49325000000000002,0.54588000000000003,0.38994000000000001
663.18939999999998,0.018169999999999999,0.03048,0.059290000000000002,0.13586000000000001,0.28653000000000001,0.49342999999999998,0.54715999999999998,0.39100000000000001
663.44398000000001,0.01866,0.031609999999999999,0.059470000000000002,0.13586999999999999,0.28675,0.49258000000000002,0.54703999999999997,0.39076
663.69854999999995,0.020310000000000002,0.032000000000000001,0.058369999999999998,0.13589000000000001,0.28726000000000002,0.49228,0.54747999999999997,0.39051000000000002
663.95312000000001,0.020709999999999999,0.031510000000000003,0.059069999999999998,0.13519,0.28522999999999998,0.49042999999999998,0.54544000000000004,0.39090000000000003
664.20767000000001,0.02162,0.031440000000000003,0.059979999999999999,0.13508000000000001,0.28452,0.49008000000000002,0.54318,0.39174999999999999
664.46222,0.023189999999999999,0.032000000000000001,0.058220000000000001,0.13369,0.28439999999999999,0.49073,0.54261999999999999,0.39212000000000002
664.71675000000005,0.024060000000000002,0.033640000000000003,0.057459999999999997,0.13322999999999999,0.28297,0.48963000000000001,0.54474999999999996,0.39095999999999997
664.97127999999998,0.023779999999999999,0.032919999999999998,0.057160000000000002,0.13402,0.28362999999999999,0.49003000000000002,0.54540999999999995,0.39157999999999998
665.22580000000005,0.02138,0.033610000000000001,0.057579999999999999,0.13339999999999999,0.28273999999999999,0.48799999999999999,0.54530000000000001,0.39154
665.48031000000003,0.021080000000000002,0.035069999999999997,0.057790000000000001,0.13224,0.28344999999999998,0.48812,0.54688000000000003,0.39145999999999997
665.73481000000004,0.02112,0.034329999999999999,0.056800000000000003,0.13103000000000001,0.28219,0.48760999999999999,0.54986999999999997,0.39330999999999999
665.98929999999996,0.021219999999999999,0.033410000000000002,0.05772,0.12972,0.28089999999999998,0.48681000000000002,0.54998000000000002,0.39455000000000001
666.24378000000002,0.02213,0.031390000000000001,0.057590000000000002,0.13016,0.27976000000000001,0.48625000000000002,0.54666999999999999,0.39388000000000001
666.49825999999996,0.021739999999999999,0.0304,0.056520000000000001,0.13113,0.27989999999999998,0.48598999999999998,0.54393000000000002,0.39463999999999999
666.75271999999995,0.021510000000000001,0.030519999999999999,0.056219999999999999,0.13064000000000001,0.27818999999999999,0.48537000000000002,0.54425000000000001,0.39604
667.00716999999997,0.021059999999999999,0.03041,0.055059999999999998,0.13056000000000001,0.2772,0.48586000000000001,0.54691000000000001,0.39645999999999998
667.26161999999999,0.022769999999999999,0.030030000000000001,0.05595,0.13083,0.27798,0.48447000000000001,0.54908999999999997,0.39744000000000002
667.51606000000004,0.019609999999999999,0.030609999999999998,0.056180000000000001,0.13011,0.27667999999999998,0.48418,0.55022000000000004,0.39774999999999999
667.77048000000002,0.02085,0.03227,0.056000000000000001,0.13044,0.27681,0.48533999999999999,0.54945999999999995,0.39687
668.0249,0.019859999999999999,0.034270000000000002,0.055239999999999997,0.13006000000000001,0.27714,0.48388999999999999,0.54945999999999995,0.39743000000000001
668.27931000000001,0.018089999999999998,0.033739999999999999,0.054629999999999998,0.12933,0.2762,0.48268,0.55025000000000002,0.39777000000000001
668.53371000000004,0.018089999999999998,0.032689999999999997,0.054870000000000002,0.12828000000000001,0.27532000000000001,0.48263,0.55156000000000005,0.39873999999999998
668.78809999999999,0.019769999999999999,0.033029999999999997,0.054420000000000003,0.12723999999999999,0.27551999999999999,0.48247000000000001,0.55317000000000005,0.4002
669.04247999999995,0.020549999999999999,0.032570000000000002,0.054219999999999997,0.12787000000000001,0.27464,0.48028999999999999,0.55452000000000001,0.40103
669.29684999999995,0.023050000000000001,0.030099999999999998,0.054179999999999999,0.12766,0.27395999999999998,0.47911999999999999,0.55442000000000002,0.40040999999999999
669.55120999999997,0.02257,0.029319999999999999,0.053030000000000001,0.12719,0.27345000000000003,0.47854000000000002,0.55384999999999995,0.40065000000000001
669.80556999999999,0.023539999999999998,0.028340000000000001,0.053019999999999998,0.12554000000000001,0.27281,0.48005999999999999,0.5544,0.39915
670.05990999999995,0.020920000000000001,0.029219999999999999,0.053089999999999998,0.12454,0.27182000000000001,0.47986000000000001,0.55118,0.39784000000000003
670.31425000000002,0.022069999999999999,0.029059999999999999,0.053659999999999999,0.12445000000000001,0.27199000000000001,0.47763,0.55115999999999998,0.39904000000000001
670.56858,0.022720000000000001,0.02828,0.052740000000000002,0.12346,0.27129999999999999,0.47706999999999999,0.55373000000000006,0.39942
670.82289000000003,0.022169999999999999,0.027150000000000001,0.052010000000000001,0.12339,0.27118999999999999,0.47654999999999997,0.55640000000000001,0.39978999999999998
671.07719999999995,0.02445,0.028479999999999998,0.051799999999999999,0.12463,0.27084999999999998,0.47538000000000002,0.55398999999999998,0.39915
671.33150000000001,0.024649999999999998,0.031210000000000002,0.05228,0.12488,0.26998,0.47475000000000001,0.55667999999999995,0.40068999999999999
671.58578999999997,0.024709999999999999,0.032140000000000002,0.051630000000000002,0.12366000000000001,0.26829999999999998,0.47388999999999998,0.55367,0.40250000000000002
671.84006999999997,0.022450000000000001,0.03024,0.051360000000000003,0.12451,0.26638000000000001,0.47477999999999998,0.55218999999999996,0.40053
672.09433999999999,0.022159999999999999,0.029319999999999999,0.0511,0.12333,0.26623999999999998,0.47614000000000001,0.55391999999999997,0.39998
672.34860000000003,0.022749999999999999,0.02852,0.050259999999999999,0.12182,0.26629999999999998,0.47482000000000002,0.55532000000000004,0.40117999999999998
672.60285999999996,0.020230000000000001,0.02921,0.05076,0.12278,0.26649,0.47395999999999999,0.55430000000000001,0.40244999999999997
672.85709999999995,0.019369999999999998,0.028760000000000001,0.050410000000000003,0.122,0.26789000000000002,0.47438000000000002,0.55176000000000003,0.40305999999999997
673.11132999999995,0.022780000000000002,0.02937,0.050450000000000002,0.12039,0.26641999999999999,0.47153,0.54981999999999998,0.40250000000000002
673.36555999999996,0.022280000000000001,0.031719999999999998,0.050090000000000003,0.12051000000000001,0.26504,0.46850000000000003,0.55106999999999995,0.40275
673.61977999999999,0.021340000000000001,0.033709999999999997,0.049779999999999998,0.12058000000000001,0.26393,0.46734999999999999,0.55127999999999999,0.40287000000000001
673.87397999999996,0.02222,0.03551,0.049000000000000002,0.11951000000000001,0.26427,0.46751999999999999,0.55178000000000005,0.40201999999999999
674.12818000000004,0.02266,0.0349,0.049610000000000001,0.11987,0.26384999999999997,0.46969,0.55242999999999998,0.40388000000000002
674.38237000000004,0.022329999999999999,0.0315,0.049939999999999998,0.1187,0.26279000000000002,0.46966999999999998,0.55234000000000005,0.40478999999999998
674.63655000000006,0.023900000000000001,0.030269999999999998,0.049509999999999998,0.11981,0.26273999999999997,0.46815000000000001,0.55471000000000004,0.40492
674.89071999999999,0.023269999999999999,0.031890000000000002,0.049540000000000001,0.12127,0.26112000000000002,0.46783999999999998,0.55613999999999997,0.40605999999999998
675.14487999999994,0.020490000000000001,0.032750000000000001,0.049399999999999999,0.12105,0.26095000000000002,0.46827999999999997,0.55510000000000004,0.40561999999999998
675.39903000000004,0.019380000000000001,0.032809999999999999,0.05008,0.11845,0.26124999999999998,0.46597,0.55718000000000001,0.40692
675.65318000000002,0.01951,0.032640000000000002,0.049619999999999997,0.11756999999999999,0.26022000000000001,0.46550000000000002,0.55752000000000002,0.40699000000000002
675.90731000000005,0.021819999999999999,0.034619999999999998,0.050720000000000001,0.11812,0.26017000000000001,0.46488000000000002,0.55567999999999995,0.40547
676.16143,0.02188,0.035650000000000001,0.050279999999999998,0.11659,0.25938,0.4647,0.55600000000000005,0.40531
676.41555000000005,0.01882,0.036510000000000001,0.049520000000000002,0.11759,0.25763000000000003,0.46501999999999999,0.55479000000000001,0.40841
676.66966000000002,0.015689999999999999,0.035729999999999998,0.048480000000000002,0.11752,0.25738,0.46342,0.55645,0.40681
676.92375000000004,0.0189,0.033849999999999998,0.049669999999999999,0.11636000000000001,0.25851000000000002,0.46234999999999998,0.55891999999999997,0.40603
677.17783999999995,0.02051,0.033430000000000001,0.04972,0.1162,0.25647999999999999,0.46126,0.55845999999999996,0.40683000000000002
677.43191999999999,0.020369999999999999,0.031910000000000001,0.048890000000000003,0.11609,0.25607999999999997,0.46049000000000001,0.55791000000000002,0.40722999999999998
677.68598999999995,0.019199999999999998,0.029329999999999998,0.048000000000000001,0.11391999999999999,0.25625999999999999,0.46028000000000002,0.55798000000000003,0.40765000000000001
677.94005000000004,0.020830000000000001,0.026599999999999999,0.047280000000000003,0.11396000000000001,0.25461,0.46000999999999997,0.55684,0.40881000000000001
678.19410000000005,0.019300000000000001,0.027539999999999999,0.046620000000000002,0.11383,0.25539000000000001,0.45910000000000001,0.55723999999999996,0.40719
678.44813999999997,0.01891,0.0293,0.046089999999999999,0.11294999999999999,0.25583,0.45856000000000002,0.55576999999999999,0.40708
678.70218,0.01883,0.03082,0.047039999999999998,0.11327,0.25445000000000001,0.45790999999999998,0.55556000000000005,0.40776000000000001
678.95619999999997,0.017819999999999999,0.033210000000000003,0.047059999999999998,0.114,0.25274999999999997,0.45726,0.55506999999999995,0.4108
679.21020999999996,0.017489999999999999,0.035209999999999998,0.046359999999999998,0.11415,0.25229000000000001,0.45628000000000002,0.55420000000000003,0.41203000000000001
679.46421999999995,0.017059999999999999,0.035749999999999997,0.04718,0.11360000000000001,0.25141999999999998,0.45412000000000002,0.55622000000000005,0.41149000000000002
679.71821,0.018319999999999999,0.036470000000000002,0.046469999999999997,0.11235000000000001,0.2505,0.45544000000000001,0.55511999999999995,0.40949999999999998
679.97220000000004,0.018970000000000001,0.034680000000000002,0.045159999999999999,0.11089,0.25017,0.45644000000000001,0.55410000000000004,0.40973999999999999
680.22618,0.01976,0.03193,0.04614,0.11156000000000001,0.25034000000000001,0.45524999999999999,0.55510000000000004,0.41091
680.48014999999998,0.01898,0.030519999999999999,0.046289999999999998,0.11154,0.24959000000000001,0.45513999999999999,0.55515000000000003,0.41208
680.73410999999999,0.019040000000000001,0.030099999999999998,0.044470000000000003,0.11025,0.24859000000000001,0.45308999999999999,0.55315000000000003,0.41182000000000002
680.98806000000002,0.020039999999999999,0.030200000000000001,0.044990000000000002,0.10994,0.24771000000000001,0.45184999999999997,0.55434000000000005,0.41106999999999999
681.24199999999996,0.01925,0.0293,0.045490000000000003,0.11058,0.24736,0.45151000000000002,0.55315999999999999,0.41205000000000003
681.49593000000004,0.01883,0.026859999999999998,0.044119999999999999,0.10970000000000001,0.24809,0.45106000000000002,0.55386000000000002,0.41281000000000001
681.74985000000004,0.019029999999999998,0.024629999999999999,0.044699999999999997,0.10868,0.24725,0.45128000000000001,0.55410000000000004,0.41220000000000001
682.00377000000003,0.016580000000000001,0.024250000000000001,0.045519999999999998,0.10924,0.2467,0.45093,0.55301999999999996,0.41304000000000002
682.25766999999996,0.016719999999999999,0.024049999999999998,0.045960000000000001,0.10990999999999999,0.24614,0.44989000000000001,0.55403000000000002,0.41356999999999999
682.51156000000003,0.01821,0.024279999999999999,0.045109999999999997,0.10859000000000001,0.24656,0.44862000000000002,0.55530000000000002,0.41514000000000001
682.76544999999999,0.019769999999999999,0.024129999999999999,0.044299999999999999,0.10748000000000001,0.24557999999999999,0.44803999999999999,0.55501999999999996,0.41646
683.01932999999997,0.020379999999999999,0.021669999999999998,0.043819999999999998,0.10745,0.24496000000000001,0.44766,0.55462,0.41475000000000001
683.27319,0.015980000000000001,0.021270000000000001,0.044479999999999999,0.10696,0.24293000000000001,0.44711000000000001,0.55391999999999997,0.4163
683.52705000000003,0.01515,0.02265,0.044200000000000003,0.10786999999999999,0.24354000000000001,0.44762000000000002,0.55398999999999998,0.41825000000000001
683.78089999999997,0.015769999999999999,0.023279999999999999,0.042659999999999997,0.10750999999999999,0.24362,0.44732,0.55371999999999999,0.41746
684.03474000000006,0.017979999999999999,0.025829999999999999,0.043069999999999997,0.10662000000000001,0.24223,0.44627,0.55457999999999996,0.4163
684.28857000000005,0.01993,0.026790000000000001,0.043200000000000002,0.10475,0.24081,0.44612000000000002,0.55457999999999996,0.41671999999999998
684.54238999999995,0.018360000000000001,0.027359999999999999,0.042889999999999998,0.10541,0.24149999999999999,0.44523000000000001,0.55459000000000003,0.41865000000000002
684.7962,0.018939999999999999,0.027380000000000002,0.043889999999999998,0.10498,0.24168999999999999,0.44451000000000002,0.55298999999999998,0.41685
685.05001000000004,0.018360000000000001,0.028670000000000001,0.043130000000000002,0.10409,0.24027000000000001,0.44495000000000001,0.55418999999999996,0.41755999999999999
685.30380000000002,0.015900000000000001,0.027210000000000002,0.043339999999999997,0.10503,0.24037,0.44298999999999999,0.55322000000000005,0.41789999999999999
685.55758000000003,0.017389999999999999,0.024760000000000001,0.043520000000000003,0.10478999999999999,0.23880000000000001,0.44261,0.55337999999999998,0.41888999999999998
685.81136000000004,0.016740000000000001,0.024039999999999999,0.043540000000000002,0.10267,0.23749000000000001,0.44095000000000001,0.55657999999999996,0.42007
686.06511999999998,0.01602,0.025250000000000002,0.042849999999999999,0.10315000000000001,0.23723,0.44002999999999998,0.55361000000000005,0.42158000000000001
686.31888000000004,0.017780000000000001,0.02665,0.041750000000000002,0.10324999999999999,0.23741999999999999,0.44008999999999998,0.55250999999999995,0.42205999999999999
686.57263,0.01746,0.02632,0.042349999999999999,0.10403,0.23760999999999999,0.43939,0.55240999999999996,0.42072999999999999
686.82637,0.017330000000000002,0.026280000000000001,0.042970000000000001,0.10298,0.23805000000000001,0.43901000000000001,0.55434000000000005,0.42087000000000002
687.08010000000002,0.01968,0.0269,0.042759999999999999,0.10231999999999999,0.23651,0.43889,0.55445999999999995,0.42226000000000002
687.33381999999995,0.021420000000000002,0.027570000000000001,0.043810000000000002,0.10226,0.23709,0.43913999999999997,0.55591000000000002,0.42243000000000003
687.58753000000002,0.020990000000000002,0.028250000000000001,0.043860000000000003,0.10289,0.23579,0.43798999999999999,0.55644000000000005,0.42198999999999998
687.84123,0.018870000000000001,0.0293,0.042279999999999998,0.10215,0.23585999999999999,0.43774999999999997,0.55486000000000002,0.42304000000000003
688.09492,0.016039999999999999,0.02861,0.042470000000000001,0.10212,0.23455999999999999,0.43657000000000001,0.55379,0.42407
688.34860000000003,0.01516,0.028639999999999999,0.042750000000000003,0.10224999999999999,0.23288,0.43635000000000002,0.55367999999999995,0.42304999999999998
688.60227999999995,0.01585,0.028070000000000001,0.041880000000000001,0.10156999999999999,0.23413999999999999,0.43586999999999998,0.55501,0.42312
688.85594000000003,0.016840000000000001,0.026700000000000002,0.041459999999999997,0.10147,0.23508000000000001,0.43515999999999999,0.55601,0.42459000000000002
689.1096,0.01787,0.025600000000000001,0.041450000000000001,0.10151,0.23358000000000001,0.43419999999999997,0.55620999999999998,0.42492000000000002
689.36324000000002,0.015800000000000002,0.025590000000000002,0.041110000000000001,0.10070999999999999,0.23219000000000001,0.43371999999999999,0.55444000000000004,0.42438999999999999
689.61688000000004,0.016,0.026519999999999998,0.040739999999999998,0.10127,0.23119000000000001,0.43253000000000003,0.55471999999999999,0.42498000000000002
689.87050999999997,0.017080000000000001,0.027150000000000001,0.040910000000000002,0.10134,0.23108999999999999,0.43162,0.55471999999999999,0.42514000000000002
690.12413000000004,0.017649999999999999,0.027900000000000001,0.040849999999999997,0.098780000000000007,0.23096,0.43109999999999998,0.55425000000000002,0.42571999999999999
690.37774000000002,0.01848,0.025870000000000001,0.040070000000000001,0.097909999999999997,0.23072000000000001,0.42937999999999998,0.55486000000000002,0.42518
690.63134000000002,0.019220000000000001,0.023400000000000001,0.03977,0.098400000000000001,0.23027,0.42810999999999999,0.55539000000000005,0.42603999999999997
690.88493000000005,0.018159999999999999,0.024709999999999999,0.039039999999999998,0.098339999999999997,0.22933000000000001,0.42807000000000001,0.55401999999999996,0.42586000000000002
691.13851,0.01847,0.026790000000000001,0.038690000000000002,0.098900000000000002,0.23016,0.42730000000000001,0.55137000000000003,0.42423
691.39207999999996,0.017350000000000001,0.025559999999999999,0.0385,0.098970000000000002,0.22928000000000001,0.42693999999999999,0.55232999999999999,0.42496
691.64563999999996,0.016789999999999999,0.02486,0.038379999999999997,0.098610000000000003,0.22871,0.42692999999999998,0.55352000000000001,0.42527999999999999
691.89919999999995,0.015900000000000001,0.024299999999999999,0.038870000000000002,0.097489999999999993,0.22925000000000001,0.42603999999999997,0.55195000000000005,0.42625000000000002
692.15273999999999,0.01472,0.024719999999999999,0.039690000000000003,0.098100000000000007,0.22808,0.42509999999999998,0.55091000000000001,0.42719000000000001
692.40628000000004,0.016729999999999998,0.024590000000000001,0.039379999999999998,0.09647,0.22781000000000001,0.42508000000000001,0.5514,0.42651
692.65980999999999,0.017250000000000001,0.02317,0.039710000000000002,0.095850000000000005,0.22749,0.42394999999999999,0.55073000000000005,0.42732999999999999
692.91332,0.016250000000000001,0.022839999999999999,0.039120000000000002,0.094769999999999993,0.22681000000000001,0.42348999999999998,0.55159999999999998,0.42868000000000001
693.16683,0.018380000000000001,0.02213,0.038980000000000001,0.095479999999999995,0.22542999999999999,0.42403000000000002,0.55205000000000004,0.42968000000000001
693.42033000000004,0.018270000000000002,0.02087,0.039690000000000003,0.095560000000000006,0.22325999999999999,0.42415999999999998,0.55154000000000003,0.42901
693.67381999999998,0.015730000000000001,0.020889999999999999,0.039699999999999999,0.095269999999999994,0.22359999999999999,0.42281999999999997,0.54944000000000004,0.42915999999999999
693.92729999999995,0.017000000000000001,0.021569999999999999,0.03909,0.096000000000000002,0.22301000000000001,0.42138999999999999,0.54866999999999999,0.43064000000000002
694.18077000000005,0.01908,0.020840000000000001,0.038339999999999999,0.096280000000000004,0.22194,0.42220999999999997,0.54647000000000001,0.43120999999999998
694.43422999999996,0.021010000000000001,0.01983,0.036920000000000001,0.096119999999999997,0.22325,0.42131000000000002,0.54840999999999995,0.43081999999999998
694.68768,0.021100000000000001,0.02281,0.038289999999999998,0.096089999999999995,0.22364999999999999,0.42085,0.55188000000000004,0.43129000000000001
694.94113000000004,0.020750000000000001,0.025510000000000001,0.037859999999999998,0.096180000000000002,0.22228000000000001,0.41915000000000002,0.54991999999999996,0.43165999999999999
695.19456000000002,0.02189,0.025260000000000001,0.03789,0.095409999999999995,0.22078,0.41804000000000002,0.54840999999999995,0.42970000000000003
695.44798000000003,0.020150000000000001,0.025850000000000001,0.038739999999999997,0.094850000000000004,0.22019,0.41837999999999997,0.54806999999999995,0.42984
695.70140000000004,0.02196,0.024830000000000001,0.037749999999999999,0.094350000000000003,0.22101000000000001,0.41747000000000001,0.54942999999999997,0.43041000000000001
695.95480999999995,0.02503,0.023900000000000001,0.037909999999999999,0.094,0.22053,0.41650999999999999,0.54940999999999995,0.43152000000000001
696.20820000000003,0.024469999999999999,0.023009999999999999,0.038219999999999997,0.093579999999999997,0.22039,0.41597000000000001,0.55054000000000003,0.43276999999999999
696.46159,0.02265,0.021069999999999998,0.036889999999999999,0.093869999999999995,0.22078999999999999,0.41569,0.54990000000000006,0.43354999999999999
696.71496999999999,0.022550000000000001,0.01993,0.037969999999999997,0.09393,0.22047,0.41471000000000002,0.54888000000000003,0.43330000000000002
696.96834000000001,0.021829999999999999,0.018960000000000001,0.038539999999999998,0.094100000000000003,0.21929999999999999,0.41266999999999998,0.55040999999999995,0.43303999999999998
697.22170000000006,0.019949999999999999,0.01951,0.037679999999999998,0.093810000000000004,0.21898999999999999,0.41134999999999999,0.54886999999999997,0.43463000000000002
697.47505000000001,0.0184,0.020369999999999999,0.037679999999999998,0.093020000000000005,0.21815999999999999,0.41182000000000002,0.55047999999999997,0.43353000000000003
697.72838999999999,0.01857,0.020830000000000001,0.037819999999999999,0.091850000000000001,0.21743999999999999,0.41186,0.55230999999999997,0.43414999999999998
697.98172,0.018800000000000001,0.023120000000000002,0.036909999999999998,0.091929999999999998,0.21715000000000001,0.41202,0.55186000000000002,0.43574000000000002
698.23505,0.01755,0.025760000000000002,0.036920000000000001,0.091689999999999994,0.21643000000000001,0.41103000000000001,0.55086000000000002,0.43486000000000002
698.48835999999994,0.016410000000000001,0.024969999999999999,0.036650000000000002,0.091240000000000002,0.21626000000000001,0.41119,0.55000000000000004,0.43523000000000001
698.74166000000002,0.016799999999999999,0.021329999999999998,0.036819999999999999,0.09153,0.21686,0.41186,0.54864999999999997,0.43508999999999998
698.99495999999999,0.016549999999999999,0.021389999999999999,0.03662,0.090509999999999993,0.21546999999999999,0.41138999999999998,0.54854000000000003,0.43425000000000002
699.24824999999998,0.015010000000000001,0.022700000000000001,0.0361,0.089319999999999997,0.21442,0.40903,0.54854999999999998,0.43275999999999998
699.50152000000003,0.014279999999999999,0.02452,0.03705,0.090929999999999997,0.21443000000000001,0.40688999999999997,0.54698999999999998,0.43478
699.75478999999996,0.0146,0.026890000000000001,0.035619999999999999,0.091020000000000004,0.21451000000000001,0.40598000000000001,0.54830999999999996,0.43713999999999997
700.00805000000003,0.016490000000000001,0.02656,0.034729999999999997,0.090609999999999996,0.21299000000000001,0.40745999999999999,0.54905999999999999,0.43791999999999998
700.26130000000001,0.016480000000000002,0.02537,0.035450000000000002,0.089279999999999998,0.21329000000000001,0.40626000000000001,0.55049000000000003,0.43536000000000002
700.51454000000001,0.016899999999999998,0.02504,0.03524,0.088800000000000004,0.21189,0.40642,0.5484,0.43547000000000002
700.76777000000004,0.016570000000000001,0.02666,0.035270000000000003,0.088459999999999997,0.21128,0.40576000000000001,0.54759000000000002,0.43725999999999998
701.02098999999998,0.017229999999999999,0.026970000000000001,0.035430000000000003,0.089130000000000001,0.21187,0.40489999999999998,0.54791999999999996,0.43820999999999999
701.27419999999995,0.01753,0.02632,0.035360000000000003,0.090209999999999999,0.21107000000000001,0.40455000000000002,0.54759999999999998,0.43865999999999999
701.52739999999994,0.019449999999999999,0.025760000000000002,0.035470000000000002,0.089660000000000004,0.21229999999999999,0.40461999999999998,0.54806999999999995,0.43895000000000001
701.78058999999996,0.017430000000000001,0.02495,0.034590000000000003,0.088599999999999998,0.21113000000000001,0.40255000000000002,0.54840999999999995,0.4395
702.03377999999998,0.017850000000000001,0.02368,0.035110000000000002,0.088669999999999999,0.21046000000000001,0.40165000000000001,0.54756000000000005,0.44011
702.28695000000005,0.018700000000000001,0.023120000000000002,0.035639999999999998,0.088039999999999993,0.21002999999999999,0.40011999999999998,0.54851000000000005,0.43822
702.54012,0.01873,0.021680000000000001,0.035889999999999998,0.087209999999999996,0.21085000000000001,0.40004000000000001,0.54674,0.43665999999999999
702.79327999999998,0.019019999999999999,0.02017,0.034950000000000002,0.087040000000000006,0.20995,0.40035999999999999,0.54683999999999999,0.43825999999999998
703.04642000000001,0.01949,0.018839999999999999,0.034189999999999998,0.088069999999999996,0.21002999999999999,0.39959,0.54749999999999999,0.43813000000000002
703.29956000000004,0.020240000000000001,0.0189,0.03542,0.088749999999999996,0.20780000000000001,0.39903,0.54754999999999998,0.43758999999999998
703.55268999999998,0.02181,0.020150000000000001,0.035929999999999997,0.088150000000000006,0.20766999999999999,0.40044999999999997,0.54644000000000004,0.439
703.80580999999995,0.023949999999999999,0.02281,0.03458,0.086809999999999998,0.20832000000000001,0.40024999999999999,0.54249000000000003,0.43817
704.05891999999994,0.024459999999999999,0.023869999999999999,0.034009999999999999,0.086569999999999994,0.20837,0.3992,0.54430999999999996,0.43891999999999998
704.31201999999996,0.02179,0.024080000000000001,0.032919999999999998,0.086139999999999994,0.20807,0.39728999999999998,0.54591999999999996,0.44053999999999999
704.56511,0.02248,0.024369999999999999,0.033329999999999999,0.085779999999999995,0.20646999999999999,0.39685999999999999,0.54671999999999998,0.43905
704.81818999999996,0.021850000000000001,0.025139999999999999,0.033770000000000001,0.086370000000000002,0.20641999999999999,0.39584999999999998,0.54678000000000004,0.44225999999999999
705.07127000000003,0.020500000000000001,0.02513,0.033550000000000003,0.084129999999999996,0.20732999999999999,0.39534000000000002,0.54774,0.44180999999999998
705.32433000000003,0.021010000000000001,0.02453,0.033419999999999998,0.083320000000000005,0.20641999999999999,0.39532,0.54618,0.44263999999999998
705.57737999999995,0.02162,0.025049999999999999,0.032800000000000003,0.084930000000000005,0.20619999999999999,0.39399000000000001,0.54252,0.44330000000000003
705.83042999999998,0.021860000000000001,0.024140000000000002,0.033029999999999997,0.085569999999999993,0.20474000000000001,0.39389000000000002,0.54491000000000001,0.44303999999999999
706.08347000000003,0.02154,0.023269999999999999,0.034840000000000003,0.084199999999999997,0.20507,0.39512999999999998,0.54401999999999995,0.44436999999999999
706.33649000000003,0.017819999999999999,0.02298,0.034770000000000002,0.083320000000000005,0.20469000000000001,0.39376,0.54008,0.44420999999999999
706.58951000000002,0.017409999999999998,0.023630000000000002,0.034209999999999997,0.084199999999999997,0.20362,0.39252999999999999,0.53891,0.44407000000000002
706.84252000000004,0.016299999999999999,0.024240000000000001,0.033849999999999998,0.083890000000000006,0.20469000000000001,0.39256000000000002,0.54169999999999996,0.44480999999999998
707.09551999999996,0.01559,0.025479999999999999,0.033919999999999999,0.083610000000000004,0.20365,0.39255000000000001,0.54459999999999997,0.44407000000000002
707.34851000000003,0.0144,0.027099999999999999,0.033799999999999997,0.084589999999999999,0.20307,0.39218999999999998,0.54407000000000005,0.44397999999999999
707.60149000000001,0.01634,0.026499999999999999,0.032410000000000001,0.083159999999999998,0.20250000000000001,0.39127000000000001,0.54481000000000002,0.44455
707.85446000000002,0.01653,0.02615,0.03177,0.081930000000000003,0.20255999999999999,0.39124999999999999,0.54508000000000001,0.44621
708.10742000000005,0.015520000000000001,0.026169999999999999,0.032710000000000003,0.082360000000000003,0.20288,0.39073000000000002,0.54300000000000004,0.44852999999999998
708.36036999999999,0.012999999999999999,0.02648,0.034520000000000002,0.083500000000000005,0.20294999999999999,0.38906000000000002,0.54134000000000004,0.44739000000000001
708.61330999999996,0.01074,0.026259999999999999,0.033000000000000002,0.082400000000000001,0.20116000000000001,0.38952999999999999,0.54134000000000004,0.44739000000000001
708.86625000000004,0.0089300000000000004,0.024219999999999998,0.032489999999999998,0.081979999999999997,0.20111000000000001,0.38932,0.54103999999999997,0.44732
709.11917000000005,0.0087299999999999999,0.024469999999999999,0.03329,0.082119999999999999,0.20016,0.38846000000000003,0.53971000000000002,0.44705
709.37208999999996,0.0098200000000000006,0.022450000000000001,0.033610000000000001,0.082589999999999997,0.19957,0.38630999999999999,0.54156000000000004,0.44729000000000002
709.62499000000003,0.01017,0.019910000000000001,0.033160000000000002,0.081879999999999994,0.19946,0.38514999999999999,0.54252999999999996,0.45135999999999998
709.87788999999998,0.011809999999999999,0.0184,0.032629999999999999,0.082879999999999995,0.19922000000000001,0.38540000000000002,0.53825000000000001,0.45152999999999999
710.13077999999996,0.012579999999999999,0.018579999999999999,0.0327,0.081879999999999994,0.19919000000000001,0.38377,0.53727999999999998,0.45116000000000001
710.38364999999999,0.013610000000000001,0.01865,0.031690000000000003,0.080759999999999998,0.19827,0.38391999999999998,0.53622000000000003,0.45040999999999998
710.63652000000002,0.011979999999999999,0.01881,0.03099,0.080310000000000006,0.19736000000000001,0.38453999999999999,0.53783999999999998,0.45023999999999997
710.88937999999996,0.010829999999999999,0.017340000000000001,0.031210000000000002,0.081049999999999997,0.19553000000000001,0.38321,0.53940999999999995,0.44897999999999999
711.14223000000004,0.01027,0.015800000000000002,0.030839999999999999,0.08133,0.19597000000000001,0.38130999999999998,0.53940999999999995,0.44896999999999998
711.39507000000003,0.01001,0.017639999999999999,0.031960000000000002,0.080329999999999999,0.19702,0.38046999999999997,0.54013999999999995,0.44896000000000003
711.64791000000002,0.01201,0.019439999999999999,0.031280000000000002,0.080170000000000005,0.19611999999999999,0.38036999999999999,0.53966999999999998,0.44807999999999998
711.90072999999995,0.01123,0.01984,0.031710000000000002,0.080189999999999997,0.19456999999999999,0.38,0.54044000000000003,0.44747999999999999
712.15354000000002,0.01026,0.019820000000000001,0.032050000000000002,0.080259999999999998,0.19378000000000001,0.37969999999999998,0.53869,0.45013999999999998
712.40634,0.013129999999999999,0.019640000000000001,0.030599999999999999,0.081009999999999999,0.19386,0.37830000000000003,0.53673000000000004,0.45046000000000003
712.65913999999998,0.01474,0.01805,0.030980000000000001,0.080149999999999999,0.19389999999999999,0.37809999999999999,0.53622999999999998,0.45032
712.91192999999998,0.016959999999999999,0.01789,0.031449999999999999,0.079530000000000003,0.19325000000000001,0.37674000000000002,0.53622000000000003,0.45145000000000002
713.16470000000004,0.017819999999999999,0.019460000000000002,0.030960000000000001,0.079049999999999995,0.193,0.37761,0.53378000000000003,0.44925999999999999
713.41746999999998,0.014970000000000001,0.02128,0.030519999999999999,0.078439999999999996,0.19400999999999999,0.37641000000000002,0.53661000000000003,0.45023000000000002
713.67021999999997,0.015049999999999999,0.022179999999999998,0.030790000000000001,0.077210000000000001,0.19370999999999999,0.37512000000000001,0.53610000000000002,0.45197999999999999
713.92296999999996,0.015310000000000001,0.023550000000000001,0.03159,0.078729999999999994,0.19266,0.37542999999999999,0.53556000000000004,0.45045000000000002
714.17570999999998,0.012710000000000001,0.022110000000000001,0.032210000000000003,0.079130000000000006,0.19128999999999999,0.37553999999999998,0.53585000000000005,0.45188
714.42844000000002,0.01074,0.021319999999999999,0.030790000000000001,0.078270000000000006,0.19128000000000001,0.37563999999999997,0.53459999999999996,0.45374999999999999
714.68115999999998,0.010500000000000001,0.02095,0.030669999999999999,0.078149999999999997,0.19161,0.37628,0.53527999999999998,0.45438000000000001
714.93386999999996,0.01295,0.019789999999999999,0.031960000000000002,0.077950000000000005,0.19062999999999999,0.37386999999999998,0.53595000000000004,0.45456999999999997
715.18656999999996,0.01427,0.02094,0.032079999999999997,0.078289999999999998,0.19111,0.37420999999999999,0.53517000000000003,0.45218000000000003
715.43925999999999,0.015610000000000001,0.020639999999999999,0.031949999999999999,0.077899999999999997,0.19145000000000001,0.37572,0.53539999999999999,0.45256000000000002
715.69195000000002,0.014019999999999999,0.019400000000000001,0.031530000000000002,0.076469999999999996,0.19087999999999999,0.37342999999999998,0.53495999999999999,0.45605000000000001
715.94461999999999,0.016369999999999999,0.020299999999999999,0.031370000000000002,0.076179999999999998,0.18947,0.37236999999999998,0.53310999999999997,0.45532
716.19727999999998,0.018110000000000001,0.021270000000000001,0.031140000000000001,0.075459999999999999,0.19042999999999999,0.37364999999999998,0.53280000000000005,0.45201000000000002
716.44993999999997,0.016820000000000002,0.02248,0.030769999999999999,0.075120000000000006,0.19053999999999999,0.37302000000000002,0.53359999999999996,0.45338000000000001
716.70258999999999,0.017440000000000001,0.021870000000000001,0.030970000000000001,0.075999999999999998,0.18959000000000001,0.37222,0.53308999999999995,0.45465
716.95522000000005,0.018960000000000001,0.020629999999999999,0.031179999999999999,0.074569999999999997,0.18919,0.37204999999999999,0.52997000000000005,0.45501999999999998
717.20785000000001,0.019980000000000001,0.018890000000000001,0.03049,0.07331,0.18743000000000001,0.37020999999999998,0.52976999999999996,0.45573000000000002
717.46046999999999,0.019949999999999999,0.016,0.030450000000000001,0.074700000000000003,0.18890000000000001,0.37020999999999998,0.52981,0.45399
717.71307999999999,0.021160000000000002,0.016570000000000001,0.030499999999999999,0.074639999999999998,0.18809999999999999,0.36837999999999999,0.53195999999999999,0.45595999999999998
717.96567000000005,0.02257,0.01763,0.029929999999999998,0.0746,0.18792,0.36904999999999999,0.53017999999999998,0.45584999999999998
718.21825999999999,0.021180000000000001,0.019189999999999999,0.030669999999999999,0.07442,0.18837999999999999,0.36898999999999998,0.52829000000000004,0.45461000000000001
718.47083999999995,0.020629999999999999,0.018769999999999998,0.030800000000000001,0.074630000000000002,0.18778,0.36775000000000002,0.52844999999999998,0.45601000000000003
718.72342000000003,0.019310000000000001,0.019349999999999999,0.030460000000000001,0.075359999999999996,0.18795999999999999,0.36647000000000002,0.52693000000000001,0.45774999999999999
718.97598000000005,0.020029999999999999,0.019640000000000001,0.030429999999999999,0.075310000000000002,0.18587999999999999,0.36564999999999998,0.52741000000000005,0.45789999999999997
719.22852999999998,0.019380000000000001,0.020459999999999999,0.030609999999999998,0.074349999999999999,0.18634000000000001,0.36462,0.52900000000000003,0.45800000000000002
719.48107000000005,0.017899999999999999,0.020250000000000001,0.030790000000000001,0.074469999999999995,0.18595,0.36587999999999998,0.53215999999999997,0.45800000000000002
719.73361,0.01864,0.0195,0.03007,0.074690000000000006,0.18457000000000001,0.36586000000000002,0.53110000000000002,0.45894000000000001
719.98613,0.017739999999999999,0.020740000000000001,0.030620000000000001,0.073649999999999993,0.18545,0.36448999999999998,0.53061999999999998,0.45981
720.23865000000001,0.01583,0.020480000000000002,0.030530000000000002,0.073340000000000002,0.18493000000000001,0.36427999999999999,0.53210999999999997,0.46048
720.49114999999995,0.01265,0.02053,0.03049,0.073209999999999997,0.18254999999999999,0.36493999999999999,0.53034000000000003,0.45846999999999999
720.74365,0.014330000000000001,0.02103,0.03107,0.072959999999999997,0.18204000000000001,0.36484,0.52846000000000004,0.45712000000000003
720.99613999999997,0.016199999999999999,0.0206,0.030249999999999999,0.073359999999999995,0.18378,0.36337000000000003,0.52834000000000003,0.45704
721.24860999999999,0.016650000000000002,0.020789999999999999,0.03006,0.074179999999999996,0.18396999999999999,0.36176999999999998,0.52886999999999995,0.45993000000000001
721.50108,0.017299999999999999,0.021010000000000001,0.030120000000000001,0.073910000000000003,0.1835,0.36002000000000001,0.52805999999999997,0.46144000000000002
721.75354000000004,0.017399999999999999,0.02043,0.02954,0.072709999999999997,0.18271999999999999,0.36008000000000001,0.52914000000000005,0.46167000000000002
722.00599,0.01635,0.02036,0.03007,0.071620000000000003,0.18245,0.36032999999999998,0.52725,0.46103
722.25842999999998,0.015520000000000001,0.019449999999999999,0.030550000000000001,0.072010000000000005,0.18317,0.35955999999999999,0.52510999999999997,0.46044000000000002
722.51085999999998,0.016160000000000001,0.018589999999999999,0.02911,0.071970000000000006,0.18251999999999999,0.35848999999999998,0.52707000000000004,0.46218999999999999
722.76328999999998,0.01635,0.01882,0.02784,0.070559999999999998,0.18224000000000001,0.35937999999999998,0.52429000000000003,0.46239999999999998
723.01570000000004,0.014319999999999999,0.02035,0.0286,0.071499999999999994,0.18174000000000001,0.35815999999999998,0.52393000000000001,0.46332000000000001
723.2681,0.014149999999999999,0.018720000000000001,0.028139999999999998,0.072950000000000001,0.18149999999999999,0.35730000000000001,0.52490999999999999,0.46264
723.52049999999997,0.01592,0.01661,0.028060000000000002,0.0717,0.18095,0.35816999999999999,0.52359,0.46353
723.77287999999999,0.01636,0.016590000000000001,0.028209999999999999,0.070199999999999999,0.18026,0.35919000000000001,0.52361999999999997,0.46290999999999999
724.02526,0.01796,0.016029999999999999,0.02911,0.070999999999999994,0.18106,0.35833999999999999,0.52483999999999997,0.46242
724.27761999999996,0.017680000000000001,0.016299999999999999,0.029530000000000001,0.070660000000000001,0.17979000000000001,0.35755999999999999,0.52397000000000005,0.46226
724.52998000000002,0.0161,0.01712,0.029239999999999999,0.070069999999999993,0.17874999999999999,0.35579,0.52471999999999996,0.46195000000000003
724.78233,0.01481,0.019550000000000001,0.029329999999999998,0.070309999999999997,0.17971999999999999,0.35391,0.52281999999999995,0.46299000000000001
725.03466000000003,0.01627,0.019859999999999999,0.028819999999999998,0.07084,0.17935000000000001,0.35304000000000002,0.52334000000000003,0.46389000000000002
725.28698999999995,0.01678,0.02002,0.028660000000000001,0.070760000000000003,0.17907000000000001,0.35376000000000002,0.52510000000000001,0.46361999999999998
725.53931,0.017500000000000002,0.020809999999999999,0.0293,0.06948,0.17857000000000001,0.35103000000000001,0.52442999999999995,0.46466000000000002
725.79161999999997,0.016109999999999999,0.021749999999999999,0.02904,0.070290000000000005,0.17888000000000001,0.35228999999999999,0.52298999999999995,0.46527000000000002
726.04391999999996,0.014670000000000001,0.022679999999999999,0.027480000000000001,0.070760000000000003,0.17918999999999999,0.35311999999999999,0.52486999999999995,0.46601999999999999
726.29620999999997,0.01542,0.023230000000000001,0.02724,0.068680000000000005,0.17751,0.35087000000000002,0.52397000000000005,0.46578999999999998
726.54849999999999,0.01796,0.022800000000000001,0.02775,0.069489999999999996,0.17602999999999999,0.35169,0.52485999999999999,0.46501999999999999
726.80077000000006,0.01728,0.02171,0.027650000000000001,0.070010000000000003,0.17731,0.35121000000000002,0.52554999999999996,0.46303
727.05303000000004,0.01558,0.022159999999999999,0.026919999999999999,0.070370000000000002,0.17743999999999999,0.35083999999999999,0.52524000000000004,0.46510000000000001
727.30529000000001,0.01592,0.019640000000000001,0.027109999999999999,0.069019999999999998,0.17638000000000001,0.35074,0.52481,0.46755999999999998
727.55753000000004,0.01593,0.018700000000000001,0.027300000000000001,0.069260000000000002,0.17541999999999999,0.35000999999999999,0.52395000000000003,0.46712999999999999
727.80976999999996,0.016559999999999998,0.01839,0.02792,0.06966,0.17498,0.34910000000000002,0.52341000000000004,0.46494000000000002
728.06199000000004,0.016,0.018360000000000001,0.027060000000000001,0.068690000000000001,0.17466999999999999,0.35089999999999999,0.52468000000000004,0.46578999999999998
728.31421,0.015910000000000001,0.016879999999999999,0.027060000000000001,0.068260000000000001,0.17423,0.34773999999999999,0.52480000000000004,0.46556999999999998
728.56641999999999,0.016129999999999999,0.017899999999999999,0.027570000000000001,0.06787,0.17419999999999999,0.34653,0.52071000000000001,0.46679999999999999
728.81861000000004,0.015520000000000001,0.02036,0.028590000000000001,0.068250000000000005,0.17471,0.34673999999999999,0.52041000000000004,0.46705000000000002
729.07079999999996,0.015350000000000001,0.021930000000000002,0.028289999999999999,0.068949999999999997,0.17379,0.34444000000000002,0.52002999999999999,0.46633999999999998
729.32298000000003,0.01653,0.019599999999999999,0.027130000000000001,0.069080000000000003,0.17471,0.34603,0.51807000000000003,0.46916999999999998
729.57515000000001,0.01593,0.018630000000000001,0.02717,0.067680000000000004,0.17347000000000001,0.34522000000000003,0.51666999999999996,0.46779999999999999
729.82731000000001,0.01545,0.01763,0.02613,0.067019999999999996,0.17288000000000001,0.34401999999999999,0.51803999999999994,0.46876000000000001
730.07946000000004,0.016240000000000001,0.01537,0.026290000000000001,0.067229999999999998,0.17374999999999999,0.34301999999999999,0.51936000000000004,0.46742
730.33159999999998,0.01431,0.01333,0.026759999999999999,0.067269999999999996,0.17274999999999999,0.34327999999999997,0.51776999999999995,0.46697
730.58374000000003,0.014319999999999999,0.01358,0.026579999999999999,0.067049999999999998,0.17127000000000001,0.34348000000000001,0.51900000000000002,0.46662999999999999
730.83586000000003,0.014670000000000001,0.014330000000000001,0.026679999999999999,0.067199999999999996,0.17119000000000001,0.34222000000000002,0.51922999999999997,0.46810000000000002
731.08797000000004,0.01325,0.013639999999999999,0.02681,0.067070000000000005,0.17119000000000001,0.34195999999999999,0.51636000000000004,0.46971000000000002
731.34007999999994,0.01401,0.01205,0.026339999999999999,0.066830000000000001,0.17083000000000001,0.34100999999999998,0.51576,0.47092000000000001
731.59217000000001,0.01341,0.0138,0.027150000000000001,0.066629999999999995,0.17118,0.34093000000000001,0.51561000000000001,0.47225
731.84425999999996,0.01227,0.015509999999999999,0.026519999999999998,0.067059999999999995,0.1706,0.34097,0.51632,0.47073999999999999
732.09632999999997,0.012619999999999999,0.017489999999999999,0.026190000000000001,0.067309999999999995,0.17085,0.34111999999999998,0.51619999999999999,0.47066999999999998
732.34839999999997,0.011780000000000001,0.01721,0.027980000000000001,0.066489999999999994,0.17083999999999999,0.34032000000000001,0.51390999999999998,0.47158
732.60046,0.01082,0.016060000000000001,0.027130000000000001,0.066089999999999996,0.17127000000000001,0.33984999999999999,0.51424000000000003,0.47319
732.85251000000005,0.01077,0.015469999999999999,0.026370000000000001,0.065839999999999996,0.16989000000000001,0.33961999999999998,0.51444999999999996,0.47167999999999999
733.10455000000002,0.01308,0.01396,0.027810000000000001,0.065890000000000004,0.16880999999999999,0.34016000000000002,0.51422999999999996,0.47112999999999999
733.35658000000001,0.012670000000000001,0.01332,0.027119999999999998,0.066790000000000002,0.16871,0.33944000000000002,0.51304000000000005,0.47410000000000002
733.60860000000002,0.0112,0.012449999999999999,0.02605,0.065390000000000004,0.16850000000000001,0.33868999999999999,0.51266,0.47144000000000003
733.86060999999995,0.0090900000000000009,0.012460000000000001,0.025819999999999999,0.065049999999999997,0.16854,0.33661000000000002,0.51485000000000003,0.47260000000000002
734.11261000000002,0.01068,0.012239999999999999,0.025059999999999999,0.065009999999999998,0.16747000000000001,0.33676,0.51171,0.47237000000000001
734.3646,0.01397,0.01112,0.02555,0.065049999999999997,0.16905999999999999,0.33550999999999997,0.50832999999999995,0.47044000000000002
734.61658,0.01473,0.01226,0.025479999999999999,0.065140000000000003,0.16846,0.33438000000000001,0.51021000000000005,0.47267999999999999
734.86856,0.016969999999999999,0.0132,0.025690000000000001,0.064460000000000003,0.16664999999999999,0.33290999999999998,0.51132,0.47405999999999998
735.12052000000006,0.018669999999999999,0.014749999999999999,0.02453,0.063560000000000005,0.16711000000000001,0.33437,0.51309000000000005,0.47342000000000001
735.37248,0.019009999999999999,0.017049999999999999,0.02401,0.063799999999999996,0.16531000000000001,0.33476,0.51066999999999996,0.47348000000000001
735.62441999999999,0.015980000000000001,0.016590000000000001,0.024819999999999998,0.064390000000000003,0.1653,0.33367999999999998,0.50866,0.47363
735.87635999999998,0.01485,0.01555,0.025389999999999999,0.064600000000000005,0.16588,0.33323999999999998,0.50699000000000005,0.47569
736.12828000000002,0.015429999999999999,0.01634,0.026589999999999999,0.063780000000000003,0.16522999999999999,0.33235999999999999,0.50677000000000005,0.47571000000000002
736.38019999999995,0.01508,0.016469999999999999,0.026120000000000001,0.062179999999999999,0.16411999999999999,0.33289000000000002,0.50734999999999997,0.47427000000000002
736.63211000000001,0.015610000000000001,0.016809999999999999,0.025180000000000001,0.06234,0.16511000000000001,0.33112999999999998,0.50658000000000003,0.47505999999999998
736.88400999999999,0.016199999999999999,0.018530000000000001,0.024649999999999998,0.06198,0.16520000000000001,0.33078000000000002,0.50405,0.47644999999999998
737.13589999999999,0.016150000000000001,0.01711,0.024809999999999999,0.063259999999999997,0.16394,0.32945999999999998,0.50358999999999998,0.47569
737.38778000000002,0.015010000000000001,0.01653,0.026200000000000001,0.063689999999999997,0.16400999999999999,0.32846999999999998,0.50090999999999997,0.47467999999999999
737.63963999999999,0.0154,0.016709999999999999,0.024799999999999999,0.062570000000000001,0.16400999999999999,0.32993,0.50209000000000004,0.47593000000000002
737.89151000000004,0.01609,0.015820000000000001,0.024219999999999998,0.061379999999999997,0.16439999999999999,0.32906000000000002,0.50278999999999996,0.47463
738.14336000000003,0.01511,0.015789999999999998,0.024809999999999999,0.061719999999999997,0.16364999999999999,0.32784999999999997,0.50305,0.47694999999999999
738.39520000000005,0.016920000000000001,0.01619,0.02537,0.062799999999999995,0.16295999999999999,0.32769999999999999,0.50377000000000005,0.47585
738.64702999999997,0.01555,0.01473,0.025700000000000001,0.062390000000000001,0.16275999999999999,0.32843,0.50358999999999998,0.47497
738.89886000000001,0.016230000000000001,0.013939999999999999,0.026120000000000001,0.062230000000000001,0.16139000000000001,0.32612000000000002,0.50163999999999997,0.47420000000000001
739.15066999999999,0.01636,0.016109999999999999,0.025749999999999999,0.061839999999999999,0.16253000000000001,0.32538,0.50273000000000001,0.47522999999999999
739.40246999999999,0.015890000000000001,0.017510000000000001,0.0246,0.061679999999999999,0.16208,0.32563999999999999,0.50417000000000001,0.47602
739.65427,0.01721,0.019089999999999999,0.023990000000000001,0.062190000000000002,0.16220999999999999,0.32447999999999999,0.50468999999999997,0.47649000000000002
739.90606000000002,0.01636,0.020160000000000001,0.02494,0.06234,0.16258,0.32374999999999998,0.50485000000000002,0.47614000000000001
740.15782999999999,0.015709999999999998,0.022769999999999999,0.024889999999999999,0.06139,0.16256999999999999,0.32450000000000001,0.50487000000000004,0.47532000000000002
740.40959999999995,0.01444,0.026239999999999999,0.024760000000000001,0.061089999999999998,0.16139000000000001,0.32338,0.50280000000000002,0.47837000000000002
740.66135999999995,0.016979999999999999,0.028549999999999999,0.0247,0.062330000000000003,0.16141,0.32324000000000003,0.50129000000000001,0.47887999999999997
740.91309999999999,0.0206,0.026290000000000001,0.024719999999999999,0.06216,0.16106000000000001,0.32417000000000001,0.50229999999999997,0.47715000000000002
741.16484000000003,0.021090000000000001,0.024029999999999999,0.02452,0.06087,0.16089999999999999,0.32302999999999998,0.50488999999999995,0.47952
741.41656999999998,0.021409999999999998,0.023429999999999999,0.025510000000000001,0.062100000000000002,0.16017999999999999,0.32278000000000001,0.50226999999999999,0.47748000000000002
741.66828999999996,0.019709999999999998,0.024129999999999999,0.02579,0.061920000000000003,0.16019,0.32192999999999999,0.49945000000000001,0.47915999999999997
741.91999999999996,0.018419999999999999,0.023480000000000001,0.025239999999999999,0.061379999999999997,0.15901999999999999,0.32335000000000003,0.50134000000000001,0.47947000000000001
742.17170999999996,0.01745,0.01984,0.02401,0.061460000000000001,0.15883,0.32211000000000001,0.50197999999999998,0.48060000000000003
742.42340000000002,0.016459999999999999,0.018630000000000001,0.025000000000000001,0.059929999999999997,0.15831000000000001,0.32074999999999998,0.50260000000000005,0.48052
742.67507999999998,0.01448,0.018409999999999999,0.024400000000000002,0.059670000000000001,0.15823000000000001,0.32221,0.50044999999999995,0.47841
742.92674999999997,0.01329,0.018239999999999999,0.023460000000000002,0.06012,0.15851999999999999,0.32134000000000001,0.49884000000000001,0.47703000000000001
743.17841999999996,0.01481,0.017229999999999999,0.02334,0.06021,0.15869,0.32108999999999999,0.49621999999999999,0.47988999999999998
743.43007,0.013650000000000001,0.017770000000000001,0.023959999999999999,0.060449999999999997,0.15859999999999999,0.31942999999999999,0.49613000000000002,0.48168
743.68172000000004,0.01286,0.019470000000000001,0.02426,0.058619999999999998,0.15769,0.31913999999999998,0.49552000000000002,0.48093000000000002
743.93335000000002,0.014200000000000001,0.020080000000000001,0.024389999999999998,0.059249999999999997,0.15740000000000001,0.31979000000000002,0.49474000000000001,0.47761999999999999
744.18498,0.01226,0.020150000000000001,0.024490000000000001,0.058380000000000001,0.15687999999999999,0.31907000000000002,0.49763000000000002,0.47632999999999998
744.4366,0.01142,0.02222,0.0247,0.057750000000000003,0.15747,0.31759999999999999,0.49604999999999999,0.48069000000000001
744.68820000000005,0.012500000000000001,0.02375,0.023939999999999999,0.05747,0.15770999999999999,0.31617000000000001,0.49591000000000002,0.48252
744.93979999999999,0.01188,0.023199999999999998,0.02487,0.058950000000000002,0.15779000000000001,0.31812000000000001,0.49486999999999998,0.48044999999999999
745.19138999999996,0.011679999999999999,0.022710000000000001,0.024029999999999999,0.058409999999999997,0.15733,0.31694,0.49481999999999998,0.48141
745.44296999999995,0.01217,0.023769999999999999,0.023310000000000001,0.058630000000000002,0.15637000000000001,0.31562000000000001,0.49360999999999999,0.48218
745.69453999999996,0.013729999999999999,0.02249,0.024279999999999999,0.059830000000000001,0.15637000000000001,0.31540000000000001,0.49320999999999998,0.47865999999999997
745.9461,0.016310000000000002,0.02112,0.023959999999999999,0.060339999999999998,0.15676999999999999,0.315,0.49399999999999999,0.47782000000000002
746.19764999999995,0.016389999999999998,0.019470000000000001,0.023179999999999999,0.059740000000000001,0.15643000000000001,0.31485000000000002,0.49486999999999998,0.48037000000000002
746.44919000000004,0.01635,0.01823,0.022030000000000001,0.058590000000000003,0.15681999999999999,0.31368000000000001,0.49424000000000001,0.48096
746.70072000000005,0.017809999999999999,0.017489999999999999,0.022890000000000001,0.05919,0.15769,0.31213999999999997,0.49473,0.48024
746.95225000000005,0.016129999999999999,0.017420000000000001,0.023089999999999999,0.059049999999999998,0.15626000000000001,0.31331999999999999,0.49320000000000003,0.48016999999999999
747.20375999999999,0.015299999999999999,0.015129999999999999,0.023099999999999999,0.059639999999999999,0.15326000000000001,0.31236999999999998,0.49392000000000003,0.47989999999999999
747.45525999999995,0.015270000000000001,0.01319,0.024170000000000001,0.059229999999999998,0.15343000000000001,0.31137999999999999,0.49286999999999997,0.48096
747.70676000000003,0.015650000000000001,0.012070000000000001,0.022679999999999999,0.058959999999999999,0.15518999999999999,0.31120999999999999,0.49176999999999998,0.48302
747.95824000000005,0.013990000000000001,0.012800000000000001,0.022550000000000001,0.058700000000000002,0.15387999999999999,0.31123000000000001,0.49259999999999998,0.48257
748.20971999999995,0.01702,0.01401,0.023210000000000001,0.058360000000000002,0.15315000000000001,0.31032999999999999,0.49425000000000002,0.48146
748.46118999999999,0.019390000000000001,0.01721,0.024039999999999999,0.05774,0.15337999999999999,0.30808999999999997,0.49442999999999998,0.48236000000000001
748.71263999999996,0.020809999999999999,0.017999999999999999,0.02342,0.058130000000000001,0.15268000000000001,0.30895,0.49347999999999997,0.48365000000000002
748.96409000000006,0.021049999999999999,0.01426,0.024500000000000001,0.057579999999999999,0.15342,0.30946000000000001,0.49177999999999999,0.48274
749.21552999999994,0.02086,0.0106,0.02529,0.056009999999999997,0.15278,0.30929000000000001,0.49106,0.48521999999999998
749.46695999999997,0.020070000000000001,0.0071300000000000001,0.025090000000000001,0.05654,0.15262999999999999,0.30890000000000001,0.48998999999999998,0.4844
749.71838000000002,0.019230000000000001,0.0081399999999999997,0.0247,0.055879999999999999,0.15193999999999999,0.30829000000000001,0.48902000000000001,0.48363
749.96978999999999,0.020889999999999999,0.010120000000000001,0.023099999999999999,0.055570000000000001,0.15156,0.30839,0.48692000000000002,0.48348999999999998
750.22118999999998,0.021350000000000001,0.011950000000000001,0.022069999999999999,0.055690000000000003,0.15237000000000001,0.30669999999999997,0.48563000000000001,0.48475000000000001
750.47257999999999,0.021080000000000002,0.01357,0.023429999999999999,0.056169999999999998,0.15029000000000001,0.30768000000000001,0.48636000000000001,0.48432999999999998
750.72396000000003,0.01985,0.01336,0.02334,0.055690000000000003,0.14863000000000001,0.30626999999999999,0.48491000000000001,0.48235
750.97532999999999,0.018020000000000001,0.012330000000000001,0.023570000000000001,0.056550000000000003,0.14953,0.30621999999999999,0.48694999999999999,0.48127999999999999
751.22668999999996,0.018069999999999999,0.01027,0.023599999999999999,0.055390000000000002,0.15056,0.30556,0.48553000000000002,0.48243999999999998
751.47805000000005,0.018769999999999998,0.0083400000000000002,0.022769999999999999,0.056890000000000003,0.15168000000000001,0.30614000000000002,0.48587000000000002,0.48501
751.72938999999997,0.019230000000000001,0.0086599999999999993,0.022769999999999999,0.05706,0.15051999999999999,0.30523,0.48562,0.4864
751.98072999999999,0.019189999999999999,0.01142,0.024330000000000001,0.055840000000000001,0.15040000000000001,0.30480000000000002,0.48442000000000002,0.48671999999999999
752.23204999999996,0.018620000000000001,0.01299,0.0235,0.056399999999999999,0.15107999999999999,0.30480000000000002,0.48546,0.48701
752.48337000000004,0.01899,0.015559999999999999,0.024979999999999999,0.05552,0.14926,0.30478,0.4864,0.48504999999999998
752.73467000000005,0.016809999999999999,0.01823,0.024330000000000001,0.055190000000000003,0.14842,0.30558000000000002,0.48609999999999998,0.48842999999999998
752.98596999999995,0.018589999999999999,0.01882,0.022540000000000001,0.056189999999999997,0.14842,0.30242999999999998,0.48524,0.48804999999999998
753.23725999999999,0.01499,0.018319999999999999,0.023599999999999999,0.056070000000000002,0.14904999999999999,0.30212,0.48518,0.48780000000000001
753.48853999999994,0.014109999999999999,0.017559999999999999,0.022380000000000001,0.05586,0.14713000000000001,0.30245,0.48422999999999999,0.48826999999999998
753.73981000000003,0.01487,0.016650000000000002,0.02317,0.054879999999999998,0.14666999999999999,0.30097000000000002,0.48363,0.48976999999999998
753.99105999999995,0.01057,0.018599999999999998,0.023550000000000001,0.054429999999999999,0.14579,0.30076000000000003,0.48205999999999999,0.48916999999999999
754.24230999999997,0.0093799999999999994,0.02035,0.022519999999999998,0.054940000000000003,0.14641000000000001,0.30070000000000002,0.48076999999999998,0.48896000000000001
754.49355000000003,0.013809999999999999,0.019730000000000001,0.022179999999999998,0.054269999999999999,0.14748,0.30080000000000001,0.48115000000000002,0.48904999999999998
754.74477999999999,0.01485,0.0201,0.02146,0.053850000000000002,0.14749000000000001,0.30081999999999998,0.48046,0.48691000000000001
754.99600999999996,0.013899999999999999,0.019640000000000001,0.02129,0.054359999999999999,0.14724999999999999,0.29959000000000002,0.47985,0.48676999999999998
755.24721999999997,0.012409999999999999,0.018440000000000002,0.020580000000000001,0.054420000000000003,0.14657999999999999,0.30037999999999998,0.4773,0.48724000000000001
755.49842000000001,0.01328,0.017659999999999999,0.02205,0.055849999999999997,0.14695,0.29909999999999998,0.47986000000000001,0.48816999999999999
755.74960999999996,0.014019999999999999,0.017510000000000001,0.02266,0.053929999999999999,0.14491000000000001,0.29832999999999998,0.48148999999999997,0.48864999999999997
756.00080000000003,0.01669,0.01643,0.022169999999999999,0.052970000000000003,0.14610000000000001,0.29846,0.48110999999999998,0.48935000000000001
756.25197000000003,0.019189999999999999,0.01652,0.022679999999999999,0.052880000000000003,0.14568999999999999,0.29648999999999998,0.47954999999999998,0.48864999999999997
756.50314000000003,0.01617,0.016049999999999998,0.022429999999999999,0.054620000000000002,0.14530999999999999,0.29757,0.47794999999999999,0.48948999999999998
756.75428999999997,0.014120000000000001,0.01498,0.023539999999999998,0.054559999999999997,0.14407,0.29741000000000001,0.47760999999999998,0.48952000000000001
757.00544000000002,0.014189999999999999,0.014800000000000001,0.024240000000000001,0.053839999999999999,0.14394000000000001,0.29652000000000001,0.47815999999999997,0.49158000000000002
757.25657999999999,0.01204,0.01495,0.02358,0.052749999999999998,0.14512,0.29683999999999999,0.47836000000000001,0.49134
757.5077,0.01171,0.0135,0.022620000000000001,0.053830000000000003,0.14459,0.29570000000000002,0.47783999999999999,0.49218000000000001
757.75882000000001,0.01367,0.01383,0.02222,0.054710000000000002,0.14433000000000001,0.29541000000000001,0.47693000000000002,0.49170000000000003
758.00993000000005,0.01444,0.015910000000000001,0.022360000000000001,0.053330000000000002,0.14448,0.29518,0.47572999999999999,0.48964999999999997
758.26103000000001,0.012789999999999999,0.016789999999999999,0.022290000000000001,0.052470000000000003,0.14249999999999999,0.29443000000000003,0.47693000000000002,0.49020000000000002
758.51211999999998,0.01353,0.01495,0.022769999999999999,0.051450000000000003,0.14288000000000001,0.2944,0.47796,0.49081000000000002
758.76319999999998,0.01678,0.01439,0.021499999999999998,0.053109999999999997,0.14283000000000001,0.29429,0.47754000000000002,0.48857
759.01427000000001,0.016209999999999999,0.01316,0.02138,0.053760000000000002,0.14033000000000001,0.29335,0.47421999999999997,0.48959999999999998
759.26532999999995,0.0141,0.0137,0.022540000000000001,0.051729999999999998,0.14166999999999999,0.29124,0.47267999999999999,0.48929
759.51638000000003,0.012699999999999999,0.015900000000000001,0.021430000000000001,0.05185,0.14371999999999999,0.29087000000000002,0.47477999999999998,0.49032999999999999
759.76742000000002,0.01085,0.018630000000000001,0.02265,0.053010000000000002,0.14254,0.29260000000000003,0.47228999999999999,0.48999999999999999
760.01845000000003,0.0096500000000000006,0.020320000000000001,0.022349999999999998,0.052040000000000003,0.14247000000000001,0.29319000000000001,0.47038000000000002,0.48725000000000002
760.26948000000004,0.010670000000000001,0.021600000000000001,0.023179999999999999,0.051889999999999999,0.14180999999999999,0.29191,0.47415000000000002,0.48936000000000002
760.52049,0.01145,0.021739999999999999,0.021170000000000001,0.052929999999999998,0.14179,0.29100999999999999,0.47660999999999998,0.48837000000000003
760.77148999999997,0.01155,0.018380000000000001,0.02145,0.052389999999999999,0.14235999999999999,0.29004999999999997,0.47442000000000001,0.48910999999999999
761.02248999999995,0.010500000000000001,0.018069999999999999,0.021139999999999999,0.052519999999999997,0.13988999999999999,0.28958,0.47072999999999998,0.48993999999999999
761.27346999999997,0.01111,0.01866,0.021139999999999999,0.052749999999999998,0.13999,0.28789999999999999,0.47094999999999998,0.49154999999999999
761.52445,0.015180000000000001,0.018950000000000002,0.021399999999999999,0.052499999999999998,0.13986000000000001,0.28889999999999999,0.47211999999999998,0.49132999999999999
761.77542000000005,0.01482,0.01848,0.02196,0.05083,0.13935,0.28822999999999999,0.46942,0.49092000000000002
762.02637000000004,0.012619999999999999,0.01788,0.0206,0.050970000000000001,0.14001,0.28855999999999998,0.46657999999999999,0.49213000000000001
762.27732000000003,0.01308,0.018710000000000001,0.020420000000000001,0.0521,0.13944999999999999,0.28664000000000001,0.46705999999999998,0.49274000000000001
762.52826000000005,0.01286,0.01925,0.02034,0.05169,0.13850000000000001,0.28608,0.46653,0.49345
762.77918999999997,0.014460000000000001,0.019130000000000001,0.0201,0.050389999999999997,0.13969000000000001,0.28716999999999998,0.46539999999999998,0.48875999999999997
763.03011000000004,0.013270000000000001,0.01669,0.02129,0.051990000000000001,0.14030999999999999,0.28672999999999998,0.46672000000000002,0.48931999999999998
763.28102000000001,0.012500000000000001,0.016619999999999999,0.020990000000000002,0.052819999999999999,0.13875000000000001,0.28666000000000003,0.46708,0.49127999999999999
763.53192000000001,0.014250000000000001,0.01528,0.020799999999999999,0.052350000000000001,0.1368,0.28649999999999998,0.46600999999999998,0.49058000000000002
763.78281000000004,0.0129,0.012670000000000001,0.02077,0.052139999999999999,0.13753000000000001,0.28516999999999998,0.46583999999999998,0.49234
764.03368999999998,0.016029999999999999,0.011469999999999999,0.020840000000000001,0.051889999999999999,0.13847000000000001,0.28466999999999998,0.46686,0.49136000000000002
764.28456000000006,0.014590000000000001,0.01132,0.02061,0.051900000000000002,0.13763,0.28401999999999999,0.46745999999999999,0.49137999999999998
764.53543000000002,0.013270000000000001,0.01069,0.021069999999999998,0.052159999999999998,0.13674,0.28286,0.46809000000000001,0.49070999999999998
764.78628000000003,0.015769999999999999,0.0095899999999999996,0.02197,0.05237,0.13639000000000001,0.28183999999999998,0.46827999999999997,0.49196000000000001
765.03711999999996,0.015949999999999999,0.01136,0.020930000000000001,0.051429999999999997,0.13722000000000001,0.28254000000000001,0.46560000000000001,0.49167
765.28796,0.01686,0.01355,0.020129999999999999,0.050340000000000003,0.13821,0.28244999999999998,0.46498,0.49149999999999999
765.53877999999997,0.015299999999999999,0.01528,0.020129999999999999,0.050020000000000002,0.13772999999999999,0.28249999999999997,0.46675,0.49325999999999998
765.78958999999998,0.014030000000000001,0.016580000000000001,0.01984,0.050070000000000003,0.13641,0.28360999999999997,0.46445999999999998,0.49357000000000001
766.04039999999998,0.013480000000000001,0.0154,0.019879999999999998,0.049029999999999997,0.13641,0.28249000000000002,0.46245999999999998,0.49370000000000003
766.2912,0.01304,0.0138,0.020039999999999999,0.049079999999999999,0.13646,0.28204000000000001,0.46434999999999998,0.49509999999999998
766.54197999999997,0.015299999999999999,0.012760000000000001,0.019970000000000002,0.049970000000000001,0.13616,0.28238000000000002,0.46351999999999999,0.49552000000000002
766.79276000000004,0.015990000000000001,0.015049999999999999,0.021270000000000001,0.04972,0.13577,0.28222999999999998,0.46394000000000002,0.49363000000000001
767.04353000000003,0.016250000000000001,0.016150000000000001,0.021749999999999999,0.049790000000000001,0.13635,0.28282000000000002,0.46176,0.49302000000000001
767.29429000000005,0.017860000000000001,0.017659999999999999,0.019800000000000002,0.049599999999999998,0.13658000000000001,0.28111999999999998,0.46118999999999999,0.49465999999999999
767.54503999999997,0.018630000000000001,0.019199999999999998,0.01992,0.049910000000000003,0.13539000000000001,0.27905999999999997,0.46189000000000002,0.49596000000000001
767.79578000000004,0.016580000000000001,0.01847,0.021160000000000002,0.049140000000000003,0.13441,0.27916999999999997,0.46465000000000001,0.4955
768.04651000000001,0.01418,0.017829999999999999,0.020279999999999999,0.04972,0.13455,0.27955999999999998,0.46593000000000001,0.49536999999999998
768.29723000000001,0.01626,0.018190000000000001,0.020140000000000002,0.051659999999999998,0.13403999999999999,0.2797,0.46461999999999998,0.49440000000000001
768.54794000000004,0.0161,0.017260000000000001,0.020129999999999999,0.05169,0.13386999999999999,0.27822000000000002,0.46322000000000002,0.495
768.79863999999998,0.01435,0.01507,0.01915,0.050090000000000003,0.13461000000000001,0.27768999999999999,0.46333999999999997,0.49618000000000001
769.04933000000005,0.012529999999999999,0.01495,0.018159999999999999,0.048480000000000002,0.13514000000000001,0.27587,0.46333000000000002,0.49554999999999999
769.30001000000004,0.01261,0.016840000000000001,0.020279999999999999,0.047539999999999999,0.13378999999999999,0.27661999999999998,0.46409,0.49447999999999998
769.55069000000003,0.015559999999999999,0.017229999999999999,0.02103,0.047,0.13356000000000001,0.27612999999999999,0.46278999999999998,0.49515999999999999
769.80134999999996,0.01487,0.016799999999999999,0.020299999999999999,0.047829999999999998,0.13422999999999999,0.27581,0.46002999999999999,0.49671999999999999
770.05200000000002,0.01336,0.01719,0.019699999999999999,0.047910000000000001,0.13299,0.27648,0.45907999999999999,0.49381999999999998
770.30264999999997,0.013559999999999999,0.01533,0.020310000000000002,0.048860000000000001,0.13253000000000001,0.27549000000000001,0.45859,0.49184
770.55327999999997,0.01485,0.013769999999999999,0.02043,0.049579999999999999,0.13159999999999999,0.27560000000000001,0.46050999999999997,0.49470999999999998
770.80390999999997,0.015650000000000001,0.01189,0.020549999999999999,0.048680000000000001,0.13175000000000001,0.27522000000000002,0.45734000000000002,0.49408000000000002
771.05453,0.01545,0.01163,0.021499999999999998,0.04895,0.13011,0.27559,0.45822000000000002,0.49314999999999998
771.30512999999996,0.014449999999999999,0.01238,0.021190000000000001,0.047190000000000003,0.12989000000000001,0.27572000000000002,0.45831,0.49414000000000002
771.55573000000004,0.014800000000000001,0.012279999999999999,0.02128,0.047449999999999999,0.13192000000000001,0.27400999999999998,0.45650000000000002,0.49213000000000001
771.80632000000003,0.014019999999999999,0.01197,0.021000000000000001,0.048309999999999999,0.13197999999999999,0.27243000000000001,0.45511000000000001,0.49376999999999999
772.05690000000004,0.01504,0.01201,0.019990000000000001,0.047629999999999999,0.13108,0.27281,0.45335999999999999,0.49658000000000002
772.30745999999999,0.01554,0.012880000000000001,0.019810000000000001,0.046929999999999999,0.13150000000000001,0.27322000000000002,0.45152999999999999,0.49808999999999998
772.55802000000006,0.016650000000000002,0.01464,0.019619999999999999,0.047219999999999998,0.13311999999999999,0.27088000000000001,0.45379000000000003,0.49640000000000001
772.80857000000003,0.01562,0.01422,0.020590000000000001,0.04761,0.13178999999999999,0.27044000000000001,0.45273999999999998,0.49608000000000002
773.05911000000003,0.01554,0.011849999999999999,0.02085,0.048430000000000001,0.13088,0.27304,0.45256000000000002,0.49469999999999997
773.30963999999994,0.016199999999999999,0.01154,0.02044,0.047669999999999997,0.13059000000000001,0.27238000000000001,0.45167000000000002,0.49493999999999999
773.56016,0.015469999999999999,0.011679999999999999,0.018839999999999999,0.047309999999999998,0.12923000000000001,0.27173999999999998,0.45179000000000002,0.49707000000000001
773.81068000000005,0.014160000000000001,0.010999999999999999,0.018689999999999998,0.047840000000000001,0.12912999999999999,0.27139999999999997,0.45011000000000001,0.49679000000000001
774.06118000000004,0.014630000000000001,0.01251,0.019359999999999999,0.04761,0.12917000000000001,0.27145000000000002,0.44883000000000001,0.49569000000000002
774.31167000000005,0.013559999999999999,0.015049999999999999,0.018880000000000001,0.047359999999999999,0.12895000000000001,0.26985999999999999,0.44791999999999998,0.49765999999999999
774.56215999999995,0.01052,0.01546,0.0206,0.049029999999999997,0.12883,0.26973000000000003,0.4491,0.50022
774.81263000000001,0.01004,0.016420000000000001,0.02172,0.047129999999999998,0.12767000000000001,0.26911000000000002,0.44653999999999999,0.49924000000000002
775.06308999999999,0.012279999999999999,0.018370000000000001,0.020500000000000001,0.045679999999999998,0.12664,0.26761000000000001,0.44599,0.49893999999999999
775.31354999999996,0.01278,0.017500000000000002,0.020709999999999999,0.046269999999999999,0.12792000000000001,0.26748,0.44636999999999999,0.50022
775.56398999999999,0.012290000000000001,0.017590000000000001,0.019890000000000001,0.0458,0.12767000000000001,0.26923000000000002,0.44629999999999997,0.49970999999999999
775.81443000000002,0.016750000000000001,0.017749999999999998,0.01985,0.046050000000000001,0.12715000000000001,0.26765,0.44530999999999998,0.50017
776.06485999999995,0.016639999999999999,0.018610000000000002,0.019099999999999999,0.044900000000000002,0.12783,0.26861000000000002,0.44516,0.49773000000000001
776.31527000000006,0.013220000000000001,0.018610000000000002,0.020619999999999999,0.045010000000000001,0.12827,0.26837,0.44408999999999998,0.49665999999999999
776.56568000000004,0.014500000000000001,0.01874,0.021440000000000001,0.044830000000000002,0.12794,0.26679000000000003,0.44701999999999997,0.49639
776.81608000000006,0.018249999999999999,0.01967,0.020160000000000001,0.04453,0.12851000000000001,0.26534999999999997,0.44846000000000003,0.49723000000000001
777.06646999999998,0.01873,0.018849999999999999,0.019400000000000001,0.046670000000000003,0.12963,0.26413999999999999,0.44681999999999999,0.49830999999999998
777.31685000000004,0.016650000000000002,0.018780000000000002,0.020109999999999999,0.047480000000000001,0.12717000000000001,0.26534000000000002,0.44244,0.49842999999999998
777.56722000000002,0.014239999999999999,0.019470000000000001,0.019910000000000001,0.046330000000000003,0.12740000000000001,0.26579000000000003,0.44268999999999997,0.49798999999999999
777.81758000000002,0.018069999999999999,0.01821,0.019599999999999999,0.044760000000000001,0.12867000000000001,0.26436999999999999,0.44619999999999999,0.49546000000000001
778.06791999999996,0.01857,0.017639999999999999,0.020330000000000001,0.046589999999999999,0.12647,0.26402999999999999,0.44873000000000002,0.49785000000000001
778.31826999999998,0.01976,0.017239999999999998,0.019349999999999999,0.047140000000000001,0.12565000000000001,0.26311000000000001,0.44696999999999998,0.49919999999999998
778.56859999999995,0.019230000000000001,0.0161,0.019029999999999998,0.046170000000000003,0.12597,0.26257999999999998,0.44724999999999998,0.49709999999999999
778.81892000000005,0.019140000000000001,0.016070000000000001,0.019470000000000001,0.045240000000000002,0.12622,0.26178000000000001,0.44409999999999999,0.49568000000000001
779.06922999999995,0.020889999999999999,0.01562,0.018759999999999999,0.045010000000000001,0.12770999999999999,0.26264999999999999,0.44546000000000002,0.49670999999999998
779.31952999999999,0.01941,0.0147,0.018280000000000001,0.04582,0.12586,0.26267000000000001,0.44535999999999998,0.49834000000000001
779.56983000000002,0.0183,0.014999999999999999,0.01899,0.045960000000000001,0.12645000000000001,0.26178000000000001,0.44352000000000003,0.49808000000000002
779.82011,0.017999999999999999,0.015089999999999999,0.01941,0.046510000000000003,0.12469,0.26023000000000002,0.44155,0.49636000000000002
780.07038999999997,0.014959999999999999,0.015389999999999999,0.019820000000000001,0.046949999999999999,0.12339,0.26055,0.44123000000000001,0.49828
780.32065,0.01434,0.01537,0.018870000000000001,0.045490000000000003,0.12442,0.26090000000000002,0.44368999999999997,0.49819999999999998
780.57091000000003,0.014789999999999999,0.014370000000000001,0.020310000000000002,0.043810000000000002,0.12531,0.26111000000000001,0.44301000000000001,0.49581999999999998
780.82114999999999,0.01473,0.012540000000000001,0.020459999999999999,0.043380000000000002,0.12259,0.25950000000000001,0.44055,0.49720999999999999
781.07138999999995,0.01421,0.0099500000000000005,0.019599999999999999,0.044450000000000003,0.12277,0.25951999999999997,0.44120999999999999,0.49986000000000003
781.32160999999996,0.01295,0.0082900000000000005,0.020230000000000001,0.043400000000000001,0.12313,0.25902999999999998,0.44081999999999999,0.49939
781.57182999999998,0.012540000000000001,0.0079100000000000004,0.0206,0.043189999999999999,0.12293,0.25813000000000003,0.43998999999999999,0.49976999999999999
781.82204000000002,0.01401,0.0073099999999999997,0.019810000000000001,0.042689999999999999,0.1227,0.25683,0.44105,0.49968000000000001
782.07223999999997,0.015299999999999999,0.0068199999999999997,0.018960000000000001,0.044560000000000002,0.12227,0.25752999999999998,0.43890000000000001,0.49726999999999999
782.32243000000005,0.01355,0.0065500000000000003,0.019429999999999999,0.045580000000000002,0.12361,0.25718000000000002,0.43876999999999999,0.50149999999999995
782.57259999999997,0.012630000000000001,0.0054400000000000004,0.019400000000000001,0.044420000000000001,0.12324,0.25852999999999998,0.43462000000000001,0.50122
782.82276999999999,0.01332,0.0044099999999999999,0.019890000000000001,0.042590000000000003,0.12132999999999999,0.25835999999999998,0.43330999999999997,0.50070000000000003
783.07294000000002,0.012160000000000001,0.0051799999999999997,0.018589999999999999,0.04351,0.12105,0.25668000000000002,0.43296000000000001,0.4995
783.32308,0.01515,0.0063200000000000001,0.017770000000000001,0.043520000000000003,0.12236,0.25739000000000001,0.43426999999999999,0.50100999999999996
783.57322999999997,0.0152,0.0082799999999999992,0.019300000000000001,0.042220000000000001,0.12121999999999999,0.25657000000000002,0.43308999999999997,0.50044999999999995
783.82335999999998,0.012869999999999999,0.0074400000000000004,0.018030000000000001,0.04122,0.12189999999999999,0.25749,0.43087999999999999,0.49741000000000002
784.07348000000002,0.01206,0.00777,0.018550000000000001,0.04172,0.12279,0.25772,0.43248999999999999,0.49776999999999999
784.32358999999997,0.012630000000000001,0.0091599999999999997,0.019990000000000001,0.042270000000000002,0.12232999999999999,0.25652999999999998,0.43285000000000001,0.49972
784.57370000000003,0.01506,0.0089700000000000005,0.020639999999999999,0.04231,0.12186,0.25584000000000001,0.43226999999999999,0.49956
784.82379000000003,0.01333,0.0083499999999999998,0.019359999999999999,0.044089999999999997,0.12034,0.25629999999999997,0.43141000000000002,0.49992999999999999
785.07387000000006,0.01545,0.01021,0.0172,0.044499999999999998,0.12056,0.25542999999999999,0.43236999999999998,0.49725000000000003
785.32394999999997,0.015820000000000001,0.010959999999999999,0.01797,0.043720000000000002,0.12016,0.25457999999999997,0.43484,0.497
785.57401000000004,0.014999999999999999,0.01009,0.01883,0.041860000000000001,0.11941,0.25394,0.43539,0.49815999999999999
785.82407000000001,0.01349,0.0095600000000000008,0.020150000000000001,0.04172,0.12082,0.25366,0.43353999999999998,0.49895
786.07411000000002,0.01157,0.01052,0.02009,0.04333,0.12063,0.25414999999999999,0.43331999999999998,0.50102999999999998
786.32415000000003,0.011259999999999999,0.01391,0.01924,0.043929999999999997,0.12063,0.25430999999999998,0.43236999999999998,0.50187000000000004
786.57417999999996,0.013220000000000001,0.015640000000000001,0.018859999999999998,0.042700000000000002,0.11976000000000001,0.25424000000000002,0.43264999999999998,0.50156000000000001
786.82419000000004,0.01417,0.015980000000000001,0.019259999999999999,0.042520000000000002,0.11935999999999999,0.25446999999999997,0.43303999999999998,0.50192999999999999
787.07420000000002,0.014109999999999999,0.016959999999999999,0.020140000000000002,0.043490000000000001,0.11899999999999999,0.25379000000000002,0.43347999999999998,0.50058000000000002
787.32420000000002,0.01291,0.014619999999999999,0.018550000000000001,0.043249999999999997,0.11935,0.25159999999999999,0.43110999999999999,0.49885000000000002
787.57419000000004,0.015769999999999999,0.014999999999999999,0.017319999999999999,0.044699999999999997,0.11905,0.25211,0.43010999999999999,0.49935000000000002
787.82416999999998,0.01434,0.01545,0.01899,0.044760000000000001,0.1195,0.25028,0.42886000000000002,0.49928
788.07414000000006,0.013169999999999999,0.01346,0.019599999999999999,0.044339999999999997,0.11772000000000001,0.25065999999999999,0.42864999999999998,0.49953999999999998
788.32410000000004,0.01359,0.013050000000000001,0.01968,0.042279999999999998,0.11733,0.25020999999999999,0.42948999999999998,0.50195999999999996
788.57405000000006,0.01346,0.013299999999999999,0.019369999999999998,0.041849999999999998,0.11838,0.24915000000000001,0.43157000000000001,0.50146000000000002
788.82398999999998,0.01082,0.011429999999999999,0.018839999999999999,0.042520000000000002,0.11799999999999999,0.24906,0.42664999999999997,0.49953999999999998
789.07392000000004,0.01175,0.0097699999999999992,0.018689999999999998,0.042279999999999998,0.11662,0.24861,0.42625000000000002,0.49802999999999997
789.32384000000002,0.01383,0.010120000000000001,0.017649999999999999,0.042070000000000003,0.11629,0.25017,0.42862,0.49948999999999999
789.57375000000002,0.01423,0.0090699999999999999,0.01805,0.041579999999999999,0.11798,0.24887999999999999,0.42529,0.50199000000000005
789.82366000000002,0.01389,0.0095700000000000004,0.018409999999999999,0.041140000000000003,0.11572,0.24857000000000001,0.42465000000000003,0.49940000000000001
790.07354999999995,0.01264,0.01035,0.019,0.041610000000000001,0.11715,0.24840999999999999,0.42632999999999999,0.49994
790.32343000000003,0.013650000000000001,0.011339999999999999,0.018270000000000002,0.041680000000000002,0.11735,0.24840999999999999,0.42663000000000001,0.50327
790.57330999999999,0.017010000000000001,0.011599999999999999,0.017829999999999999,0.041770000000000002,0.11756,0.24687000000000001,0.42320000000000002,0.50417999999999996
790.82317,0.014930000000000001,0.0095300000000000003,0.017520000000000001,0.042540000000000001,0.11802,0.24645,0.4234,0.50410999999999995
791.07303000000002,0.01179,0.0086899999999999998,0.018370000000000001,0.041919999999999999,0.11608,0.24639,0.42305999999999999,0.50236000000000003
791.32286999999997,0.01061,0.0103,0.018020000000000001,0.040730000000000002,0.11602,0.24623999999999999,0.42021999999999998,0.49991999999999998
791.57271000000003,0.014149999999999999,0.0103,0.017670000000000002,0.0402,0.11735,0.24748999999999999,0.41881000000000002,0.49913000000000002
791.82253000000003,0.016389999999999998,0.0081499999999999993,0.017399999999999999,0.041450000000000001,0.11586,0.24695,0.41852,0.50060000000000004
792.07235000000003,0.0161,0.0077400000000000004,0.018380000000000001,0.042290000000000001,0.11544,0.24646000000000001,0.42258000000000001,0.49954999999999999
792.32216000000005,0.01512,0.0072300000000000003,0.019650000000000001,0.042079999999999999,0.11586,0.24768999999999999,0.42275000000000001,0.50051000000000001
792.57195000000002,0.01661,0.0069499999999999996,0.018460000000000001,0.041119999999999997,0.11441,0.24587999999999999,0.42081000000000002,0.50238000000000005
792.82173999999998,0.017340000000000001,0.0054400000000000004,0.017649999999999999,0.041829999999999999,0.11513,0.24611,0.41927999999999999,0.50207000000000002
793.07151999999996,0.015789999999999998,0.0049100000000000003,0.016490000000000001,0.041919999999999999,0.11679,0.24448,0.41765000000000002,0.50448999999999999
793.32128999999998,0.015720000000000001,0.0052700000000000004,0.016590000000000001,0.041140000000000003,0.11661000000000001,0.24501999999999999,0.41803000000000001,0.50456999999999996
793.57105000000001,0.01451,0.0045799999999999999,0.017649999999999999,0.04018,0.11636000000000001,0.24475,0.41720000000000002,0.50160000000000005
793.82079999999996,0.012749999999999999,0.0052599999999999999,0.017979999999999999,0.039669999999999997,0.11466,0.24185000000000001,0.41818,0.50288999999999995
794.07054000000005,0.01414,0.0037299999999999998,0.017430000000000001,0.040500000000000001,0.11268,0.24163000000000001,0.41799999999999998,0.50244
794.32027000000005,0.01478,0.0043200000000000001,0.017340000000000001,0.040759999999999998,0.11452,0.24349000000000001,0.41902,0.50258000000000003
794.56998999999996,0.01805,0.0067099999999999998,0.018180000000000002,0.040739999999999998,0.11484999999999999,0.24403,0.42107,0.50470999999999999
794.81970000000001,0.01865,0.0083899999999999999,0.017840000000000002,0.040640000000000003,0.11436,0.24232999999999999,0.41966999999999999,0.50256999999999996
795.06940999999995,0.01763,0.0087200000000000003,0.01738,0.038929999999999999,0.11446000000000001,0.24257000000000001,0.41876999999999998,0.50268000000000002
795.31910000000005,0.017350000000000001,0.0077999999999999996,0.018440000000000002,0.037909999999999999,0.1143,0.24443000000000001,0.41982999999999998,0.50407999999999997
795.56877999999995,0.017260000000000001,0.0066100000000000004,0.016979999999999999,0.038170000000000003,0.11421000000000001,0.24413000000000001,0.41825000000000001,0.50627999999999995
795.81844999999998,0.018270000000000002,0.0057800000000000004,0.016840000000000001,0.040189999999999997,0.11189,0.24265999999999999,0.41546,0.50505999999999995
796.06812000000002,0.01489,0.0087600000000000004,0.016299999999999999,0.04027,0.11214,0.24215999999999999,0.41486000000000001,0.50416000000000005
796.31777,0.01464,0.0097099999999999999,0.015429999999999999,0.039039999999999998,0.11072,0.24252000000000001,0.41509000000000001,0.50216000000000005
796.56741999999997,0.01311,0.011520000000000001,0.01737,0.039300000000000002,0.11175,0.24176,0.41361999999999999,0.50370999999999999
796.81704999999999,0.014149999999999999,0.01242,0.017430000000000001,0.040039999999999999,0.11353000000000001,0.23988000000000001,0.41253000000000001,0.50214999999999999
797.06668000000002,0.016500000000000001,0.01201,0.015869999999999999,0.041149999999999999,0.11371000000000001,0.23909,0.41287000000000001,0.50204000000000004
797.31628999999998,0.017409999999999998,0.010710000000000001,0.017510000000000001,0.039739999999999998,0.11257,0.23910999999999999,0.41316999999999998,0.50355000000000005
797.56590000000006,0.01823,0.01102,0.019,0.04018,0.11151999999999999,0.23805999999999999,0.41047,0.50356999999999996
797.81550000000004,0.017299999999999999,0.01116,0.019359999999999999,0.039359999999999999,0.11161,0.23871000000000001,0.40982000000000002,0.50422999999999996
798.06507999999997,0.0183,0.011379999999999999,0.018069999999999999,0.038269999999999998,0.11,0.23849000000000001,0.41204000000000002,0.50424000000000002
798.31466,0.019230000000000001,0.01366,0.01678,0.039320000000000001,0.11175,0.23874999999999999,0.41206999999999999,0.50483999999999996
798.56422999999995,0.017100000000000001,0.01264,0.01678,0.040329999999999998,0.11323999999999999,0.24098,0.41064000000000001,0.50304000000000004
798.81379000000004,0.01678,0.01289,0.01797,0.039809999999999998,0.11224000000000001,0.24082000000000001,0.40973999999999999,0.50087999999999999
799.06334000000004,0.01583,0.013979999999999999,0.01788,0.040039999999999999,0.11058,0.23799000000000001,0.41049000000000002,0.50151000000000001
799.31287999999995,0.01529,0.01363,0.0172,0.039449999999999999,0.11123,0.23646,0.40811999999999998,0.50146999999999997
799.56241,0.01447,0.013520000000000001,0.01736,0.039469999999999998,0.1106,0.23583000000000001,0.40827000000000002,0.50141000000000002
799.81192999999996,0.015259999999999999,0.014279999999999999,0.01703,0.039719999999999998,0.11114,0.23669000000000001,0.40706999999999999,0.50173000000000001
800.06143999999995,0.017590000000000001,0.01469,0.018069999999999999,0.040039999999999999,0.10922,0.23666999999999999,0.40579999999999999,0.50221000000000005
800.31093999999996,0.017659999999999999,0.01374,0.01814,0.039039999999999998,0.10872,0.23601,0.40790999999999999,0.50317000000000001
800.56043,0.0161,0.01278,0.016889999999999999,0.03857,0.10989,0.23497999999999999,0.40500999999999998,0.50492999999999999
800.80990999999995,0.01303,0.0134,0.01521,0.039320000000000001,0.1087,0.23425000000000001,0.40414,0.50668999999999997
801.05939000000001,0.01332,0.014330000000000001,0.015509999999999999,0.039539999999999999,0.10774,0.23455999999999999,0.40788000000000002,0.50441999999999998
801.30885000000001,0.01323,0.01255,0.0166,0.040129999999999999,0.10853,0.23424,0.40806999999999999,0.50358000000000003
801.55830000000003,0.01191,0.012659999999999999,0.015570000000000001,0.04054,0.10967,0.23526,0.40715000000000001,0.50422
801.80775000000006,0.011379999999999999,0.01332,0.01719,0.040230000000000002,0.11073,0.23491999999999999,0.40655000000000002,0.50446999999999997
802.05718000000002,0.0095300000000000003,0.01448,0.015820000000000001,0.039780000000000003,0.11082,0.23343,0.40722999999999998,0.50395000000000001
802.3066,0.0075599999999999999,0.016119999999999999,0.015769999999999999,0.040289999999999999,0.10917,0.23104,0.40756999999999999,0.50092999999999999
802.55601999999999,0.0064400000000000004,0.016619999999999999,0.01559,0.039190000000000003,0.10804999999999999,0.23085,0.40858,0.50380000000000003
802.80543,0.00743,0.01525,0.016129999999999999,0.037449999999999997,0.10773000000000001,0.23294999999999999,0.40797,0.50675000000000003
803.05481999999995,0.0077499999999999999,0.013860000000000001,0.016140000000000002,0.037339999999999998,0.10859000000000001,0.2326,0.40816000000000002,0.50280999999999998
803.30421000000001,0.010059999999999999,0.01268,0.01627,0.038679999999999999,0.10777,0.22847999999999999,0.40994999999999998,0.50143000000000004
803.55358000000001,0.01268,0.01197,0.01502,0.0378,0.106,0.22822999999999999,0.40949999999999998,0.50185999999999997
803.80295000000001,0.011679999999999999,0.01226,0.016080000000000001,0.03789,0.10724,0.22980999999999999,0.40651999999999999,0.50326000000000004
804.05231000000003,0.01044,0.01401,0.015879999999999998,0.039,0.10730000000000001,0.23094999999999999,0.40248,0.50277000000000005
804.30165,0.011310000000000001,0.01355,0.017180000000000001,0.038550000000000001,0.10698000000000001,0.23121,0.40072000000000002,0.50288999999999995
804.55098999999996,0.01295,0.01523,0.017229999999999999,0.03739,0.10667,0.23003000000000001,0.40199000000000001,0.50251999999999997
804.80032000000006,0.01516,0.01702,0.017350000000000001,0.037620000000000001,0.10707999999999999,0.23064999999999999,0.40144999999999997,0.50394000000000005
805.04963999999995,0.0161,0.01719,0.016990000000000002,0.03737,0.10704,0.23069999999999999,0.39945000000000003,0.50378000000000001
805.29894999999999,0.015469999999999999,0.018790000000000001,0.017500000000000002,0.035490000000000001,0.1061,0.23053000000000001,0.39881,0.50234000000000001
805.54825000000005,0.01302,0.018599999999999998,0.017399999999999999,0.036650000000000002,0.10706,0.23103000000000001,0.39945000000000003,0.50212999999999997
805.79754000000003,0.012409999999999999,0.018689999999999998,0.018370000000000001,0.039109999999999999,0.10836,0.22933999999999999,0.39978000000000002,0.50172000000000005
806.04682000000003,0.010059999999999999,0.01685,0.018169999999999999,0.037969999999999997,0.1077,0.22897999999999999,0.40000000000000002,0.50138000000000005
806.29609000000005,0.0083700000000000007,0.016830000000000001,0.016469999999999999,0.036260000000000001,0.10632999999999999,0.22971,0.39867999999999998,0.50434999999999997
806.54534999999998,0.0061900000000000002,0.01533,0.01559,0.037229999999999999,0.10595,0.22946,0.39988000000000001,0.50333000000000006
806.79461000000003,0.0080199999999999994,0.01537,0.015709999999999998,0.037620000000000001,0.10706,0.22883000000000001,0.39834000000000003,0.50187000000000004
807.04385000000002,0.0097400000000000004,0.014370000000000001,0.017340000000000001,0.037969999999999997,0.10700999999999999,0.22714000000000001,0.39766000000000001,0.50390999999999997
807.29308000000003,0.010659999999999999,0.014149999999999999,0.01712,0.037690000000000001,0.1079,0.22611000000000001,0.39760000000000001,0.50541000000000003
807.54229999999995,0.0126,0.01193,0.017610000000000001,0.03805,0.10746,0.22767000000000001,0.39723000000000003,0.50563999999999998
807.79151999999999,0.012760000000000001,0.0096799999999999994,0.01805,0.037280000000000001,0.1066,0.22853000000000001,0.39506000000000002,0.50485000000000002
808.04071999999996,0.010829999999999999,0.0088100000000000001,0.01738,0.038350000000000002,0.10474,0.22775999999999999,0.3967,0.50446000000000002
808.28990999999996,0.0090600000000000003,0.0098600000000000007,0.017260000000000001,0.037269999999999998,0.10462,0.22631999999999999,0.39616000000000001,0.50434000000000001
808.53909999999996,0.010460000000000001,0.01005,0.015709999999999998,0.036729999999999999,0.10417999999999999,0.22739000000000001,0.39433000000000001,0.50466999999999995
808.78827999999999,0.01372,0.0086199999999999992,0.015310000000000001,0.03594,0.10364,0.22777,0.39288000000000001,0.50453999999999999
809.03743999999995,0.014290000000000001,0.0088400000000000006,0.01602,0.037260000000000001,0.1036,0.22706000000000001,0.39328999999999997,0.50336000000000003
809.28660000000002,0.01529,0.0087100000000000007,0.017670000000000002,0.03737,0.10424,0.22667999999999999,0.39432,0.50421000000000005
809.53574000000003,0.01541,0.011209999999999999,0.01797,0.036040000000000003,0.10378,0.22545999999999999,0.39678999999999998,0.50380000000000003
809.78488000000004,0.014290000000000001,0.013390000000000001,0.018800000000000001,0.035749999999999997,0.10375,0.22417999999999999,0.39418999999999998,0.50324999999999998
810.03400999999997,0.01324,0.013480000000000001,0.016240000000000001,0.034470000000000001,0.10377,0.22459999999999999,0.39318999999999998,0.50202999999999998
810.28312000000005,0.0147,0.01278,0.01549,0.03569,0.10392999999999999,0.22669,0.39444000000000001,0.50651999999999997
810.53223000000003,0.017399999999999999,0.011509999999999999,0.01533,0.036110000000000003,0.10195,0.22692999999999999,0.39424999999999999,0.50361999999999996
810.78133000000003,0.01609,0.01171,0.01592,0.034169999999999999,0.10322000000000001,0.22398000000000001,0.39572000000000002,0.50190000000000001
811.03042000000005,0.015789999999999998,0.011379999999999999,0.016549999999999999,0.034279999999999998,0.10416,0.22564999999999999,0.39346999999999999,0.50304000000000004
811.27949999999998,0.016760000000000001,0.01256,0.017950000000000001,0.035529999999999999,0.10313,0.22511999999999999,0.39439999999999997,0.50473999999999997
811.52856999999995,0.01529,0.012760000000000001,0.017739999999999999,0.03755,0.10443,0.22413,0.39718999999999999,0.50541999999999998
811.77763000000004,0.018790000000000001,0.01163,0.01448,0.035790000000000002,0.10342999999999999,0.22267000000000001,0.39530999999999999,0.50509000000000004
812.02668000000006,0.02188,0.011010000000000001,0.01341,0.035749999999999997,0.10265000000000001,0.22212999999999999,0.39439000000000002,0.50307999999999997
812.27571999999998,0.021239999999999998,0.0098200000000000006,0.014590000000000001,0.036549999999999999,0.10353999999999999,0.22220000000000001,0.39294000000000001,0.50026999999999999
812.52475000000004,0.017600000000000001,0.0089700000000000005,0.01503,0.03678,0.10254000000000001,0.22037000000000001,0.39446999999999999,0.49976999999999999
812.77377000000001,0.01472,0.0101,0.017100000000000001,0.036339999999999997,0.10118000000000001,0.22061,0.39440999999999998,0.50109000000000004
813.02278000000001,0.016809999999999999,0.01166,0.015599999999999999,0.035299999999999998,0.10106,0.22123000000000001,0.39080999999999999,0.50280000000000002
813.27178000000004,0.018079999999999999,0.01354,0.016330000000000001,0.03415,0.10152,0.22042999999999999,0.38733000000000001,0.50214999999999999
813.52076999999997,0.018010000000000002,0.014279999999999999,0.016590000000000001,0.034389999999999997,0.10173,0.22147,0.38793,0.50075000000000003
813.76976000000002,0.01473,0.01374,0.01653,0.034299999999999997,0.10074,0.22223999999999999,0.38769999999999999,0.49986999999999998
814.01873000000001,0.012540000000000001,0.012529999999999999,0.015429999999999999,0.033579999999999999,0.10202,0.21954000000000001,0.38501999999999997,0.50056999999999996
814.26769999999999,0.015129999999999999,0.01146,0.015429999999999999,0.034959999999999998,0.10385,0.21992999999999999,0.38551999999999997,0.50097999999999998
814.51665000000003,0.016639999999999999,0.0092999999999999992,0.016840000000000001,0.037429999999999998,0.10265000000000001,0.22201000000000001,0.38717000000000001,0.49933
814.76558999999997,0.01593,0.0080800000000000004,0.01636,0.036749999999999998,0.10119,0.22042,0.38585000000000003,0.50241999999999998
815.01453000000004,0.01468,0.011089999999999999,0.016240000000000001,0.034700000000000002,0.10081,0.21837000000000001,0.38399,0.50016000000000005
815.26345000000003,0.014970000000000001,0.01353,0.01504,0.034180000000000002,0.10193000000000001,0.21954000000000001,0.38483000000000001,0.49729000000000001
815.51237000000003,0.016310000000000002,0.012239999999999999,0.015140000000000001,0.033360000000000001,0.10186000000000001,0.21970000000000001,0.38174999999999998,0.49901000000000001
815.76126999999997,0.015769999999999999,0.01106,0.01712,0.033959999999999997,0.10009999999999999,0.22026000000000001,0.38401999999999997,0.49587999999999999
816.01017000000002,0.01822,0.01082,0.01644,0.034819999999999997,0.1003,0.21815999999999999,0.38417000000000001,0.50004999999999999
816.25905999999998,0.017059999999999999,0.011039999999999999,0.0167,0.035159999999999997,0.099379999999999996,0.21723999999999999,0.38183,0.50312000000000001
816.50792999999999,0.0152,0.0124,0.016310000000000002,0.034660000000000003,0.10024,0.21831999999999999,0.38117000000000001,0.50105
816.7568,0.01452,0.01187,0.01821,0.036560000000000002,0.10106999999999999,0.21773999999999999,0.37996000000000002,0.49906
817.00566000000003,0.015949999999999999,0.0117,0.018960000000000001,0.03551,0.10002999999999999,0.21704000000000001,0.38096000000000002,0.49837999999999999
817.25450999999998,0.016160000000000001,0.01124,0.016719999999999999,0.035790000000000002,0.099400000000000002,0.21703,0.38128000000000001,0.49986000000000003
817.50333999999998,0.01507,0.0097900000000000001,0.014409999999999999,0.035549999999999998,0.09851,0.21546999999999999,0.38249,0.50200999999999996
817.75216999999998,0.018089999999999998,0.0083800000000000003,0.015570000000000001,0.035700000000000003,0.10093000000000001,0.21515999999999999,0.38207000000000002,0.49997999999999998
818.00099,0.022179999999999998,0.0098799999999999999,0.0146,0.034540000000000001,0.10014000000000001,0.21276999999999999,0.38473000000000002,0.50104000000000004
818.24980000000005,0.02273,0.01044,0.01643,0.032680000000000001,0.099070000000000005,0.21475,0.38593,0.49896000000000001
818.49860000000001,0.01891,0.010160000000000001,0.01721,0.032190000000000003,0.10052,0.21698000000000001,0.38166,0.50160000000000005
818.74739,0.018180000000000002,0.01048,0.016639999999999999,0.032599999999999997,0.099110000000000004,0.21629999999999999,0.38080000000000003,0.50209999999999999
818.99617000000001,0.016310000000000002,0.010149999999999999,0.01521,0.033489999999999999,0.098269999999999996,0.21299999999999999,0.38022,0.50422999999999996
819.24494000000004,0.01549,0.0083899999999999999,0.01746,0.033849999999999998,0.098930000000000004,0.21462000000000001,0.37924999999999998,0.50238000000000005
819.49369999999999,0.01503,0.0080099999999999998,0.016539999999999999,0.034540000000000001,0.099390000000000006,0.21417,0.38033,0.50236000000000003
819.74246000000005,0.01635,0.0071000000000000004,0.01461,0.032399999999999998,0.099140000000000006,0.2142,0.37774999999999997,0.50360000000000005
819.99120000000005,0.016129999999999999,0.0064599999999999996,0.01397,0.031759999999999997,0.098239999999999994,0.21401000000000001,0.37646000000000002,0.50195000000000001
820.23992999999996,0.011259999999999999,0.00398,0.014319999999999999,0.032219999999999999,0.097610000000000002,0.2122,0.37646000000000002,0.50126000000000004
820.48865000000001,0.01338,0.0056100000000000004,0.016279999999999999,0.032509999999999997,0.098350000000000007,0.21124999999999999,0.37716,0.49974000000000002
820.73737000000006,0.01372,0.0058399999999999997,0.015689999999999999,0.034090000000000002,0.097860000000000003,0.21290000000000001,0.3785,0.50024999999999997
820.98607000000004,0.014970000000000001,0.0058399999999999997,0.01549,0.032829999999999998,0.099070000000000005,0.21218000000000001,0.37763999999999998,0.50134999999999996
821.23476000000005,0.01516,0.0072899999999999996,0.015219999999999999,0.030810000000000001,0.099519999999999997,0.21251999999999999,0.379,0.50082000000000004
821.48344999999995,0.01494,0.0089499999999999996,0.015259999999999999,0.02998,0.097780000000000006,0.21264,0.37953999999999999,0.49885000000000002
821.73212000000001,0.017010000000000001,0.0087600000000000004,0.016109999999999999,0.032579999999999998,0.097040000000000001,0.21163999999999999,0.37708999999999998,0.50034000000000001
821.98078999999996,0.016250000000000001,0.01106,0.016150000000000001,0.033300000000000003,0.096540000000000001,0.21124000000000001,0.37680000000000002,0.50039999999999996
822.22943999999995,0.016590000000000001,0.01206,0.015949999999999999,0.0304,0.09665,0.21132999999999999,0.37879000000000002,0.49963000000000002
822.47808999999995,0.01401,0.0096600000000000002,0.015740000000000001,0.02928,0.096430000000000002,0.21027999999999999,0.37994,0.49647999999999998
822.72672,0.013100000000000001,0.0099000000000000008,0.015180000000000001,0.030419999999999999,0.097479999999999997,0.20968999999999999,0.37959999999999999,0.496
822.97535000000005,0.014420000000000001,0.01107,0.014,0.032099999999999997,0.098100000000000007,0.20934,0.37742999999999999,0.49996000000000002
823.22397000000001,0.01506,0.01273,0.014279999999999999,0.034680000000000002,0.09715,0.20873,0.37322,0.49913000000000002
823.47257000000002,0.01489,0.01508,0.0172,0.034169999999999999,0.096320000000000003,0.20984,0.37533,0.50019000000000002
823.72117000000003,0.01146,0.01506,0.017350000000000001,0.033270000000000001,0.096479999999999996,0.20899999999999999,0.37237999999999999,0.49953999999999998
823.96975999999995,0.0078100000000000001,0.014319999999999999,0.016080000000000001,0.032559999999999999,0.0964,0.21016000000000001,0.37190000000000001,0.50033000000000005
824.21834000000001,0.01103,0.010880000000000001,0.01651,0.03175,0.096360000000000001,0.20885999999999999,0.36947999999999998,0.50114999999999998
824.46690999999998,0.01362,0.010319999999999999,0.01477,0.031609999999999999,0.095180000000000001,0.20768,0.36873,0.50021000000000004
824.71546000000001,0.01294,0.01005,0.016320000000000001,0.03422,0.097059999999999994,0.20729,0.37217,0.49986999999999998
824.96401000000003,0.01413,0.011509999999999999,0.016250000000000001,0.031870000000000002,0.097059999999999994,0.20852999999999999,0.37307000000000001,0.50166999999999995
825.21254999999996,0.01418,0.014160000000000001,0.015570000000000001,0.031119999999999998,0.094939999999999997,0.2102,0.37073,0.49948999999999999
825.46108000000004,0.013729999999999999,0.01338,0.014540000000000001,0.0315,0.093520000000000006,0.20763000000000001,0.36986999999999998,0.49756
825.70960000000002,0.013849999999999999,0.01162,0.01521,0.032480000000000002,0.092869999999999994,0.20446,0.37054999999999999,0.50000999999999995
825.95811000000003,0.01281,0.0098600000000000007,0.01566,0.031899999999999998,0.092259999999999995,0.20637,0.37090000000000001,0.49769000000000002
826.20660999999996,0.01519,0.011350000000000001,0.016029999999999999,0.033509999999999998,0.093770000000000006,0.20641999999999999,0.37008000000000002,0.49571999999999999
826.45510000000002,0.01529,0.01192,0.01558,0.033210000000000003,0.093700000000000006,0.20594000000000001,0.36880000000000002,0.49828
826.70357999999999,0.01384,0.01116,0.015890000000000001,0.033160000000000002,0.093469999999999998,0.20652000000000001,0.36853999999999998,0.49969000000000002
826.95205999999996,0.011979999999999999,0.01264,0.01575,0.032779999999999997,0.093399999999999997,0.20693,0.36943999999999999,0.49880000000000002
827.20051999999998,0.011769999999999999,0.01409,0.015769999999999999,0.030970000000000001,0.092679999999999998,0.20669000000000001,0.37037999999999999,0.50234000000000001
827.44897000000003,0.01391,0.01452,0.01473,0.032070000000000001,0.093039999999999998,0.20363000000000001,0.36841000000000002,0.50080000000000002
827.69740999999999,0.016639999999999999,0.01332,0.01487,0.032910000000000002,0.094320000000000001,0.20513999999999999,0.36914000000000002,0.50029000000000001
827.94584999999995,0.01529,0.013350000000000001,0.015010000000000001,0.03295,0.09425,0.20469000000000001,0.36785000000000001,0.49624000000000001
828.19426999999996,0.018020000000000001,0.015640000000000001,0.01516,0.032890000000000003,0.093439999999999995,0.20571,0.36720000000000003,0.49470999999999998
828.44268,0.018610000000000002,0.01436,0.016,0.031179999999999999,0.094119999999999995,0.20554,0.36987999999999999,0.50007000000000001
828.69109000000003,0.01711,0.014080000000000001,0.01636,0.032689999999999997,0.09325,0.20648,0.36732999999999999,0.50253999999999999
828.93948,0.017080000000000001,0.01521,0.01453,0.03295,0.092630000000000004,0.20491000000000001,0.36493999999999999,0.50034000000000001
829.18786999999998,0.01695,0.01474,0.01325,0.032039999999999999,0.094710000000000003,0.20447000000000001,0.36291000000000001,0.50136000000000003
829.43624,0.01653,0.01519,0.01308,0.032230000000000002,0.092759999999999995,0.20605000000000001,0.36231999999999998,0.49919000000000002
829.68461000000002,0.018350000000000002,0.016420000000000001,0.01302,0.032050000000000002,0.091429999999999997,0.20326,0.36152000000000001,0.49687999999999999
829.93295999999998,0.018169999999999999,0.01651,0.01389,0.03304,0.092539999999999997,0.20265,0.36079,0.49845
830.18131000000005,0.018960000000000001,0.01983,0.014189999999999999,0.031220000000000001,0.093289999999999998,0.20282,0.36262,0.50065000000000004
830.42965000000004,0.021069999999999998,0.02104,0.0146,0.03022,0.092410000000000006,0.20558999999999999,0.36236000000000002,0.49836000000000003
830.67796999999996,0.017399999999999999,0.01932,0.014619999999999999,0.032009999999999997,0.092179999999999998,0.20487,0.36022999999999999,0.49881999999999999
830.92628999999999,0.016209999999999999,0.017639999999999999,0.014630000000000001,0.033619999999999997,0.092660000000000006,0.20250000000000001,0.35988999999999999,0.50302000000000002
831.17460000000005,0.018030000000000001,0.017250000000000001,0.013610000000000001,0.033779999999999998,0.091189999999999993,0.20030999999999999,0.36138999999999999,0.50277000000000005
831.42290000000003,0.016660000000000001,0.016160000000000001,0.017049999999999999,0.032509999999999997,0.090910000000000005,0.20136999999999999,0.36303999999999997,0.50604000000000005
831.67118000000005,0.017479999999999999,0.016240000000000001,0.016230000000000001,0.032259999999999997,0.089590000000000003,0.20143,0.36225000000000002,0.50395000000000001
831.91945999999996,0.01627,0.01516,0.01282,0.032559999999999999,0.090370000000000006,0.20216999999999999,0.35987000000000002,0.49969000000000002
832.16773000000001,0.014880000000000001,0.013050000000000001,0.01325,0.031060000000000001,0.092020000000000005,0.20322999999999999,0.35963000000000001,0.49919000000000002
832.41598999999997,0.013899999999999999,0.01068,0.01502,0.031669999999999997,0.091749999999999998,0.20316999999999999,0.36012,0.50053999999999998
832.66423999999995,0.010919999999999999,0.0095300000000000003,0.01609,0.031850000000000003,0.090939999999999993,0.20047000000000001,0.35998999999999998,0.50380000000000003
832.91247999999996,0.01204,0.0088900000000000003,0.017749999999999998,0.031379999999999998,0.091569999999999999,0.19900000000000001,0.35799999999999998,0.50058999999999998
833.16070999999999,0.01213,0.0099900000000000006,0.014919999999999999,0.030939999999999999,0.091740000000000002,0.19914999999999999,0.35535,0.49720999999999999
833.40893000000005,0.011950000000000001,0.01251,0.01634,0.030460000000000001,0.09085,0.20107,0.35326999999999997,0.49791000000000002
833.65714000000003,0.01044,0.01174,0.016820000000000002,0.031220000000000001,0.090990000000000001,0.19983000000000001,0.35202,0.49790000000000001
833.90534000000002,0.00726,0.01123,0.015129999999999999,0.03168,0.08924,0.19794999999999999,0.35177000000000003,0.49590000000000001
834.15353000000005,0.010059999999999999,0.010489999999999999,0.01465,0.032329999999999998,0.087910000000000002,0.19842000000000001,0.35235,0.49765999999999999
834.40170999999998,0.010710000000000001,0.01184,0.01512,0.033799999999999997,0.087590000000000001,0.19855999999999999,0.35153000000000001,0.49787999999999999
834.64988000000005,0.0088599999999999998,0.01068,0.01555,0.032649999999999998,0.088300000000000003,0.20057,0.35292000000000001,0.49653000000000003
834.89805000000001,0.0097199999999999995,0.01077,0.01541,0.030849999999999999,0.090240000000000001,0.19899,0.35304999999999997,0.49803999999999998
835.14620000000002,0.0098300000000000002,0.0097699999999999992,0.016820000000000002,0.031399999999999997,0.090679999999999997,0.19788,0.35586000000000001,0.49776999999999999
835.39434000000006,0.00958,0.0063699999999999998,0.017729999999999999,0.03261,0.090310000000000001,0.19803000000000001,0.35847000000000001,0.49558999999999997
835.64247,0.0080599999999999995,0.0065399999999999998,0.01566,0.032469999999999999,0.089770000000000003,0.19616,0.35332000000000002,0.49620999999999998
835.89059999999995,0.0062500000000000003,0.0070699999999999999,0.01434,0.029819999999999999,0.089270000000000002,0.19625999999999999,0.35419,0.49492000000000003
836.13870999999995,0.0040699999999999998,0.0092599999999999991,0.015389999999999999,0.029080000000000002,0.090679999999999997,0.19653999999999999,0.35293000000000002,0.49795
836.38680999999997,0.0081399999999999997,0.0094199999999999996,0.01453,0.030939999999999999,0.090200000000000002,0.19708999999999999,0.35238000000000003,0.49902000000000002
836.63490999999999,0.0094599999999999997,0.01038,0.015010000000000001,0.031600000000000003,0.090380000000000002,0.19683,0.35635,0.49562
836.88298999999995,0.0097599999999999996,0.0099000000000000008,0.01533,0.030269999999999998,0.088520000000000001,0.19666,0.35505999999999999,0.49435000000000001
837.13107000000002,0.01252,0.0075100000000000002,0.01736,0.030929999999999999,0.088679999999999995,0.19700999999999999,0.35354999999999998,0.49691000000000002
837.37913000000003,0.01206,0.0052399999999999999,0.01702,0.02971,0.090709999999999999,0.19714999999999999,0.35354999999999998,0.49647999999999998
837.62719000000004,0.012449999999999999,0.0055999999999999999,0.01452,0.03007,0.088739999999999999,0.19827,0.35343999999999998,0.49513000000000001
837.87522999999999,0.010449999999999999,0.0044900000000000001,0.014409999999999999,0.030550000000000001,0.089580000000000007,0.19742000000000001,0.35648999999999997,0.49814000000000003
838.12327000000005,0.011599999999999999,0.0030500000000000002,0.01244,0.03031,0.088289999999999993,0.19753000000000001,0.35519000000000001,0.49667
838.37130000000002,0.01234,0.0033899999999999998,0.01243,0.029399999999999999,0.085610000000000006,0.19384999999999999,0.35471999999999998,0.49482999999999999
838.61931000000004,0.01238,0.0048700000000000002,0.015180000000000001,0.029250000000000002,0.084699999999999998,0.19388,0.35121000000000002,0.49665999999999999
838.86731999999995,0.013220000000000001,0.0078200000000000006,0.01444,0.030329999999999999,0.086199999999999999,0.19639000000000001,0.35072999999999999,0.49478
839.11532,0.012880000000000001,0.01042,0.014030000000000001,0.031140000000000001,0.088279999999999997,0.19575000000000001,0.35002,0.49756
839.36329999999998,0.0091699999999999993,0.011310000000000001,0.01499,0.030159999999999999,0.088830000000000006,0.19388,0.34799999999999998,0.49628
839.61127999999997,0.0084399999999999996,0.01158,0.015740000000000001,0.030790000000000001,0.089580000000000007,0.19411,0.34850999999999999,0.49391000000000002
839.85924999999997,0.0099699999999999997,0.0103,0.01489,0.030380000000000001,0.088650000000000007,0.19314000000000001,0.34654000000000001,0.49858999999999998
840.10721000000001,0.01078,0.010359999999999999,0.016490000000000001,0.030550000000000001,0.087620000000000003,0.1923,0.34572000000000003,0.49854999999999999
840.35515999999996,0.0055799999999999999,0.0117,0.01418,0.02913,0.087800000000000003,0.19372,0.34484999999999999,0.49595
840.60310000000004,0.0058700000000000002,0.010800000000000001,0.013140000000000001,0.028830000000000001,0.088270000000000001,0.19491,0.34444000000000002,0.49630999999999997
840.85103000000004,0.0067600000000000004,0.01065,0.014460000000000001,0.029590000000000002,0.088340000000000002,0.19461000000000001,0.34501999999999999,0.4975
841.09893999999997,0.0083000000000000001,0.01217,0.01406,0.031140000000000001,0.086629999999999999,0.19428000000000001,0.34353,0.49614999999999998
841.34685999999999,0.011480000000000001,0.012070000000000001,0.01546,0.031300000000000001,0.086150000000000004,0.19436,0.34322999999999998,0.49454999999999999
841.59474999999998,0.010030000000000001,0.011429999999999999,0.017219999999999999,0.031050000000000001,0.087110000000000007,0.19248000000000001,0.34355000000000002,0.49485000000000001
841.84265000000005,0.0087799999999999996,0.0093799999999999994,0.015299999999999999,0.031199999999999999,0.086430000000000007,0.19225999999999999,0.34050000000000002,0.49487999999999999
842.09052999999994,0.011690000000000001,0.0088800000000000007,0.013729999999999999,0.03073,0.086720000000000005,0.19212000000000001,0.34137000000000001,0.49476999999999999
842.33839999999998,0.0096799999999999994,0.0082500000000000004,0.01418,0.028729999999999999,0.088599999999999998,0.19134999999999999,0.34372999999999998,0.49419999999999997
842.58626000000004,0.0092599999999999991,0.01209,0.014540000000000001,0.029430000000000001,0.085680000000000006,0.18998999999999999,0.34157999999999999,0.49489
842.83411000000001,0.0087500000000000008,0.01159,0.015469999999999999,0.028320000000000001,0.083650000000000002,0.18983,0.34164,0.49304999999999999
843.08195000000001,0.0096799999999999994,0.010529999999999999,0.014030000000000001,0.029069999999999999,0.084739999999999996,0.19098999999999999,0.34205000000000002,0.49711
843.32978000000003,0.01115,0.01273,0.014200000000000001,0.028389999999999999,0.08541,0.18939,0.34451999999999999,0.49922
843.57761000000005,0.010749999999999999,0.01388,0.014930000000000001,0.028889999999999999,0.084690000000000001,0.19091,0.34538999999999997,0.49957000000000001
843.82542000000001,0.01,0.01593,0.014789999999999999,0.029950000000000001,0.08498,0.19156000000000001,0.34694999999999998,0.49786000000000002
844.07321999999999,0.01103,0.016840000000000001,0.01545,0.028809999999999999,0.086260000000000003,0.19047,0.34549999999999997,0.49825999999999998
844.32101999999998,0.01082,0.016119999999999999,0.01481,0.028490000000000001,0.086290000000000006,0.18978999999999999,0.34234999999999999,0.49797000000000002
844.56880000000001,0.0124,0.016549999999999999,0.01345,0.028639999999999999,0.085669999999999996,0.18876999999999999,0.34046999999999999,0.49831999999999999
844.81656999999996,0.016049999999999998,0.017569999999999999,0.016109999999999999,0.028400000000000002,0.086569999999999994,0.18765000000000001,0.34144000000000002,0.49580999999999997
845.06434000000002,0.013899999999999999,0.01915,0.014619999999999999,0.0293,0.086239999999999997,0.19016,0.34294000000000002,0.49676999999999999
845.31209000000001,0.01325,0.015789999999999998,0.013440000000000001,0.029960000000000001,0.085699999999999998,0.18779999999999999,0.33961999999999998,0.49748999999999999
845.55984000000001,0.011259999999999999,0.012489999999999999,0.01405,0.028899999999999999,0.08473,0.18564,0.34053,0.49541000000000002
845.80757000000006,0.010279999999999999,0.011129999999999999,0.014239999999999999,0.029090000000000001,0.084140000000000006,0.18754999999999999,0.34000000000000002,0.49517
846.05529999999999,0.0099500000000000005,0.01155,0.01273,0.028539999999999999,0.082530000000000006,0.18714,0.33964,0.49758000000000002
846.30300999999997,0.0147,0.01038,0.01357,0.02836,0.082159999999999997,0.18784000000000001,0.3392,0.49647000000000002
846.55071999999996,0.01172,0.01081,0.015270000000000001,0.028080000000000001,0.084989999999999996,0.18901999999999999,0.33972000000000002,0.49480000000000002
846.79840999999999,0.01133,0.0095700000000000004,0.01421,0.029899999999999999,0.085040000000000004,0.18539,0.33976000000000001,0.49463000000000001
847.04610000000002,0.013809999999999999,0.0096299999999999997,0.012999999999999999,0.029590000000000002,0.083970000000000003,0.187,0.33809,0.49165999999999999
847.29377999999997,0.014829999999999999,0.0092399999999999999,0.01409,0.028379999999999999,0.085999999999999993,0.18834000000000001,0.34099000000000002,0.49270000000000003
847.54143999999997,0.01333,0.0097300000000000008,0.01474,0.027699999999999999,0.084489999999999996,0.18648000000000001,0.33764,0.49082999999999999
847.78909999999996,0.011440000000000001,0.0089099999999999995,0.01448,0.028459999999999999,0.083820000000000006,0.18764,0.33911999999999998,0.49032999999999999
848.03674999999998,0.01325,0.0064400000000000004,0.01414,0.028670000000000001,0.085519999999999999,0.1857,0.34092,0.49369000000000002
848.28439000000003,0.012409999999999999,0.0045100000000000001,0.01342,0.027830000000000001,0.083640000000000006,0.18551000000000001,0.33894999999999997,0.49439
848.53201000000001,0.013780000000000001,0.0044600000000000004,0.015810000000000001,0.02852,0.084140000000000006,0.18498000000000001,0.33783000000000002,0.49271999999999999
848.77963,0.01593,0.0061500000000000001,0.017239999999999998,0.029950000000000001,0.083460000000000006,0.18532999999999999,0.33996999999999999,0.48981000000000002
849.02724000000001,0.019060000000000001,0.0062700000000000004,0.017520000000000001,0.026980000000000001,0.082110000000000002,0.18456,0.33951999999999999,0.48920000000000002
849.27484000000004,0.019290000000000002,0.0059800000000000001,0.017090000000000001,0.027570000000000001,0.082820000000000005,0.18611,0.33595999999999998,0.49192000000000002
849.52242999999999,0.01959,0.0058799999999999998,0.01576,0.027539999999999999,0.082119999999999999,0.18515999999999999,0.33834999999999998,0.49230000000000002
849.77000999999996,0.017510000000000001,0.0071700000000000002,0.014420000000000001,0.02835,0.082600000000000007,0.18515999999999999,0.33571000000000001,0.49353000000000002
850.01757999999995,0.01474,0.0061399999999999996,0.015869999999999999,0.02656,0.081199999999999994,0.18726999999999999,0.33185999999999999,0.49434
850.26513999999997,0.01635,0.00347,0.016060000000000001,0.027740000000000001,0.081540000000000001,0.18754999999999999,0.33295999999999998,0.49151
850.51269000000002,0.016979999999999999,0.0016900000000000001,0.016930000000000001,0.028850000000000001,0.083220000000000002,0.18587999999999999,0.33389999999999997,0.48903000000000002
850.76022999999998,0.018450000000000001,0.0026800000000000001,0.016389999999999998,0.028039999999999999,0.082600000000000007,0.18543000000000001,0.33522000000000002,0.49056
851.00775999999996,0.01546,0.00158,0.01438,0.02776,0.080000000000000002,0.18415999999999999,0.33621000000000001,0.48927999999999999
851.25527999999997,0.01737,-0.00018200000000000001,0.01392,0.029989999999999999,0.077740000000000004,0.18174000000000001,0.33450999999999997,0.48773
851.50279,0.020809999999999999,0.0010200000000000001,0.014149999999999999,0.030509999999999999,0.07775,0.18346000000000001,0.33626,0.48980000000000001
851.75028999999995,0.02034,0.0038700000000000002,0.01448,0.028049999999999999,0.078270000000000006,0.18293999999999999,0.33484999999999998,0.4914
851.99778000000003,0.01813,0.00364,0.014489999999999999,0.026069999999999999,0.079890000000000003,0.18279000000000001,0.33278999999999997,0.49138999999999999
852.24526000000003,0.019740000000000001,0.0043600000000000002,0.01562,0.025700000000000001,0.080600000000000005,0.18254999999999999,0.33118999999999998,0.49049999999999999
852.49274000000003,0.01839,0.0047800000000000004,0.01499,0.026669999999999999,0.079490000000000005,0.18362999999999999,0.32640000000000002,0.49088999999999999
852.74019999999996,0.019539999999999998,0.0046899999999999997,0.01421,0.028910000000000002,0.079979999999999996,0.18071999999999999,0.32601999999999998,0.49168000000000001
852.98765000000003,0.018849999999999999,0.00413,0.013650000000000001,0.02691,0.079530000000000003,0.17943999999999999,0.32686999999999999,0.4914
853.23509000000001,0.017080000000000001,0.0035799999999999998,0.014500000000000001,0.024750000000000001,0.080130000000000007,0.17948,0.32778000000000002,0.49109000000000003
853.48253,0.016580000000000001,0.0044400000000000004,0.014370000000000001,0.02682,0.08004,0.18164,0.32800000000000001,0.49320000000000003
853.72995000000003,0.016369999999999999,0.0032200000000000002,0.01482,0.027660000000000001,0.077630000000000005,0.17932999999999999,0.32849,0.49152000000000001
853.97735999999998,0.015100000000000001,0.0019400000000000001,0.01255,0.02724,0.078030000000000002,0.17795,0.32702999999999999,0.48892999999999998
854.22477000000003,0.013509999999999999,0.0041200000000000004,0.01189,0.026689999999999998,0.082430000000000003,0.1794,0.33177000000000001,0.49115999999999999
854.47216000000003,0.01256,0.0081399999999999997,0.01413,0.02597,0.082430000000000003,0.17877000000000001,0.33055000000000001,0.49312
854.71955000000003,0.01323,0.0076400000000000001,0.014149999999999999,0.027009999999999999,0.080420000000000005,0.1794,0.33017999999999997,0.49259999999999998
854.96691999999996,0.015630000000000002,0.0068100000000000001,0.014789999999999999,0.027320000000000001,0.080570000000000003,0.17971999999999999,0.32890999999999998,0.48992000000000002
855.21428000000003,0.01575,0.0074000000000000003,0.014760000000000001,0.026169999999999999,0.078770000000000007,0.17868000000000001,0.32618999999999998,0.49276999999999999
855.46163999999999,0.01506,0.0061900000000000002,0.01256,0.027369999999999998,0.077509999999999996,0.17913999999999999,0.32574999999999998,0.49247000000000002
855.70898,0.017170000000000001,0.0042900000000000004,0.01423,0.02836,0.080769999999999995,0.18079999999999999,0.32657999999999998,0.49153000000000002
855.95632000000001,0.015049999999999999,0.0043600000000000002,0.01332,0.027879999999999999,0.079810000000000006,0.18079000000000001,0.32644000000000001,0.49209000000000003
856.20365000000004,0.016660000000000001,0.0084499999999999992,0.012970000000000001,0.026419999999999999,0.079850000000000004,0.18042,0.32373000000000002,0.49049999999999999
856.45096000000001,0.019619999999999999,0.01027,0.014189999999999999,0.024979999999999999,0.077460000000000001,0.17723,0.32473999999999997,0.49120999999999998
856.69826999999998,0.021669999999999998,0.012109999999999999,0.015520000000000001,0.027060000000000001,0.080390000000000003,0.17710999999999999,0.32366,0.49220000000000003
856.94556,0.023029999999999998,0.013769999999999999,0.015599999999999999,0.028680000000000001,0.081240000000000007,0.17816000000000001,0.32246999999999998,0.49234
857.19285000000002,0.02257,0.016469999999999999,0.013849999999999999,0.026970000000000001,0.079799999999999996,0.17776,0.32353999999999999,0.48810999999999999
857.44012999999995,0.020789999999999999,0.01495,0.013610000000000001,0.025590000000000002,0.081229999999999997,0.17999999999999999,0.32291999999999998,0.48653000000000002
857.68740000000003,0.019189999999999999,0.01538,0.015350000000000001,0.02647,0.080600000000000005,0.17857999999999999,0.32250000000000001,0.48802000000000001
857.93465000000003,0.01788,0.01554,0.01405,0.02547,0.079170000000000004,0.17737,0.32383000000000001,0.48398999999999998
858.18190000000004,0.01619,0.013429999999999999,0.01533,0.026610000000000002,0.078539999999999999,0.17715,0.32401000000000002,0.48953000000000002
858.42913999999996,0.015789999999999998,0.01315,0.01397,0.027369999999999998,0.077770000000000006,0.17801,0.32191999999999998,0.49051
858.67637000000002,0.016230000000000001,0.01234,0.01444,0.025180000000000001,0.078310000000000005,0.17763999999999999,0.3196,0.48726000000000003
858.92358000000002,0.016789999999999999,0.01008,0.015949999999999999,0.02419,0.077079999999999996,0.17851,0.31963000000000003,0.48897000000000002
859.17079000000001,0.01387,0.0096900000000000007,0.015180000000000001,0.026599999999999999,0.077770000000000006,0.17613000000000001,0.32101000000000002,0.49025999999999997
859.41799000000003,0.018010000000000002,0.01098,0.01238,0.02674,0.079149999999999998,0.17385999999999999,0.31889000000000001,0.4879
859.66517999999996,0.01609,0.01149,0.01247,0.027220000000000001,0.076749999999999999,0.17435999999999999,0.32002999999999998,0.48787999999999998
859.91236000000004,0.01306,0.01057,0.013679999999999999,0.02836,0.078710000000000002,0.17383999999999999,0.32125999999999999,0.48520999999999997
860.15953000000002,0.015440000000000001,0.0099799999999999993,0.01289,0.026780000000000002,0.078399999999999997,0.17280999999999999,0.31775999999999999,0.48694999999999999
860.40669000000003,0.01405,0.01146,0.0138,0.027,0.075950000000000004,0.17230999999999999,0.31619000000000003,0.48752000000000001
860.65383999999995,0.01508,0.013390000000000001,0.01391,0.026890000000000001,0.075289999999999996,0.17358000000000001,0.31707000000000002,0.48870000000000002
860.90098,0.01652,0.01205,0.0143,0.028230000000000002,0.075550000000000006,0.1777,0.31474999999999997,0.49130000000000001
861.14810999999997,0.01439,0.013610000000000001,0.01345,0.027650000000000001,0.078509999999999996,0.1777,0.31458999999999998,0.49097000000000002
861.39522999999997,0.016629999999999999,0.01528,0.013270000000000001,0.026360000000000001,0.077640000000000001,0.17596999999999999,0.31685000000000002,0.48433999999999999
861.64233999999999,0.01796,0.013270000000000001,0.014749999999999999,0.025669999999999998,0.076359999999999997,0.17423,0.31805,0.48551
861.88944000000004,0.014540000000000001,0.012619999999999999,0.015129999999999999,0.02613,0.076840000000000006,0.17552999999999999,0.31880999999999998,0.48642000000000002
862.13652999999999,0.01306,0.01311,0.014619999999999999,0.026710000000000001,0.078009999999999996,0.17568,0.31903999999999999,0.48670000000000002
862.38360999999998,0.01494,0.010659999999999999,0.01392,0.02613,0.076799999999999993,0.17484,0.31903999999999999,0.48314000000000001
862.63068999999996,0.01448,0.01068,0.014460000000000001,0.026370000000000001,0.075340000000000004,0.17452000000000001,0.31869999999999998,0.48466999999999999
862.87774999999999,0.01221,0.0099299999999999996,0.01243,0.02784,0.076009999999999994,0.17638000000000001,0.31757999999999997,0.48371999999999998
863.12480000000005,0.0144,0.010240000000000001,0.01056,0.028199999999999999,0.076310000000000003,0.17530000000000001,0.31578000000000001,0.48381000000000002
863.37184000000002,0.01278,0.0090900000000000009,0.014160000000000001,0.027869999999999999,0.076939999999999995,0.17285,0.31292999999999999,0.48110999999999998
863.61887999999999,0.0117,0.01072,0.01486,0.029010000000000001,0.076630000000000004,0.17493,0.31824999999999998,0.48381999999999997
863.86590000000001,0.01291,0.01302,0.01376,0.027609999999999999,0.076350000000000001,0.17437,0.31901000000000002,0.48448000000000002
864.11291000000006,0.01678,0.01223,0.01422,0.026249999999999999,0.076799999999999993,0.17135,0.31731999999999999,0.48518
864.35991999999999,0.01806,0.01005,0.013520000000000001,0.024930000000000001,0.077410000000000007,0.17000000000000001,0.31495000000000001,0.48677999999999999
864.60690999999997,0.017639999999999999,0.00877,0.013599999999999999,0.023980000000000001,0.075889999999999999,0.17163999999999999,0.31352999999999998,0.48214000000000001
864.85388999999998,0.019429999999999999,0.0070000000000000001,0.012529999999999999,0.026610000000000002,0.074219999999999994,0.17233000000000001,0.31613999999999998,0.48318
865.10086999999999,0.01847,0.00481,0.013270000000000001,0.028570000000000002,0.073580000000000007,0.17343,0.31967000000000001,0.48237000000000002
865.34783000000004,0.020109999999999999,0.00141,0.0137,0.028340000000000001,0.072169999999999998,0.17196,0.31907999999999997,0.48192000000000002
865.59478000000001,0.019900000000000001,0.00198,0.015910000000000001,0.024899999999999999,0.07485,0.17107,0.31462000000000001,0.48430000000000001
865.84172999999998,0.017420000000000001,0.0045599999999999998,0.01376,0.023550000000000001,0.074270000000000003,0.17182,0.31381999999999999,0.48351
866.08866,0.01643,0.0025000000000000001,0.01431,0.02477,0.076179999999999998,0.1736,0.31064999999999998,0.48137999999999997
866.33559000000002,0.015990000000000001,0.00447,0.016500000000000001,0.025520000000000001,0.076050000000000006,0.17002,0.31191000000000002,0.48365999999999998
866.58249999999998,0.01491,0.0045100000000000001,0.01291,0.024199999999999999,0.075870000000000007,0.17029,0.30958999999999998,0.48674000000000001
866.82941000000005,0.018970000000000001,0.0035400000000000002,0.014149999999999999,0.02401,0.076560000000000003,0.16997000000000001,0.30909999999999999,0.48171999999999998
867.07629999999995,0.01976,0.00528,0.01371,0.024910000000000002,0.074359999999999996,0.17016999999999999,0.31030999999999997,0.48133999999999999
867.32318999999995,0.019959999999999999,0.0084799999999999997,0.0149,0.027189999999999999,0.075980000000000006,0.16994999999999999,0.31012000000000001,0.48453000000000002
867.57006999999999,0.02001,0.0097199999999999995,0.012449999999999999,0.028649999999999998,0.074319999999999997,0.16933999999999999,0.31147000000000002,0.48559000000000002
867.81692999999996,0.017160000000000002,0.011339999999999999,0.013440000000000001,0.026339999999999999,0.072580000000000006,0.17099,0.31425999999999998,0.48515999999999998
868.06379000000004,0.017579999999999998,0.01042,0.014579999999999999,0.02656,0.074469999999999995,0.16855999999999999,0.31417,0.48198000000000002
868.31064000000003,0.01406,0.0091199999999999996,0.01359,0.026610000000000002,0.073609999999999995,0.16567999999999999,0.31295000000000001,0.48177999999999999
868.55746999999997,0.015049999999999999,0.01187,0.014500000000000001,0.025829999999999999,0.071639999999999995,0.16905000000000001,0.30993999999999999,0.48107
868.80430000000001,0.01329,0.013339999999999999,0.012189999999999999,0.02631,0.070690000000000003,0.16744999999999999,0.31008000000000002,0.48261999999999999
869.05111999999997,0.0063899999999999998,0.012749999999999999,0.010330000000000001,0.028490000000000001,0.069839999999999999,0.16774,0.31042999999999998,0.48088999999999998
869.29791999999998,0.0076499999999999997,0.01537,0.010970000000000001,0.027199999999999998,0.073039999999999994,0.16897999999999999,0.30781999999999998,0.47685
869.54471999999998,0.011769999999999999,0.01555,0.01291,0.024479999999999998,0.075579999999999994,0.16641,0.31040000000000001,0.47595999999999999
869.79151000000002,0.011610000000000001,0.016930000000000001,0.01274,0.023269999999999999,0.073069999999999996,0.16458,0.30773,0.47788000000000003
870.03828999999996,0.00662,0.01753,0.01204,0.024230000000000002,0.073599999999999999,0.16672999999999999,0.30918000000000001,0.47893999999999998
870.28506000000004,0.010529999999999999,0.016799999999999999,0.012789999999999999,0.02777,0.074789999999999995,0.16481000000000001,0.30936000000000002,0.48031000000000001
870.53180999999995,0.01521,0.01486,0.016140000000000002,0.025430000000000001,0.074060000000000001,0.16516,0.312,0.48264000000000001
870.77855999999997,0.016830000000000001,0.013610000000000001,0.01524,0.02334,0.071800000000000003,0.16683000000000001,0.30758999999999997,0.48433999999999999
871.02530000000002,0.019900000000000001,0.01584,0.014120000000000001,0.02513,0.070550000000000002,0.16763,0.30778,0.47987000000000002
871.27202999999997,0.018620000000000001,0.01383,0.012959999999999999,0.026159999999999999,0.072319999999999995,0.16589999999999999,0.31314999999999998,0.48348000000000002
871.51874999999995,0.015709999999999998,0.015810000000000001,0.013849999999999999,0.0263,0.073959999999999998,0.16742000000000001,0.31117,0.48091
871.76545999999996,0.014460000000000001,0.016830000000000001,0.01362,0.025569999999999999,0.074230000000000004,0.16625000000000001,0.30962000000000001,0.47810999999999998
872.01215999999999,0.018550000000000001,0.01481,0.012319999999999999,0.02469,0.072370000000000004,0.16686000000000001,0.30531999999999998,0.47849000000000003
872.25885000000005,0.017100000000000001,0.01576,0.01225,0.025149999999999999,0.07059,0.16744000000000001,0.30591000000000002,0.47782999999999998
872.50553000000002,0.01559,0.01457,0.013390000000000001,0.024979999999999999,0.070150000000000004,0.16719999999999999,0.30851000000000001,0.47763
872.75220000000002,0.015520000000000001,0.013259999999999999,0.012489999999999999,0.024660000000000001,0.069989999999999997,0.16453999999999999,0.30532999999999999,0.48038999999999998
872.99886000000004,0.019570000000000001,0.0088500000000000002,0.01337,0.023800000000000002,0.071110000000000007,0.16436000000000001,0.30610999999999999,0.48157
873.24550999999997,0.017510000000000001,0.0069699999999999996,0.01456,0.023939999999999999,0.071859999999999993,0.16458999999999999,0.30714000000000002,0.48074
873.49215000000004,0.01635,0.0068500000000000002,0.01533,0.026530000000000001,0.074469999999999995,0.16492999999999999,0.30558999999999997,0.47782999999999998
873.73878000000002,0.016789999999999999,0.0071799999999999998,0.01295,0.024039999999999999,0.074679999999999996,0.16472999999999999,0.30569000000000002,0.47876000000000002
873.98540000000003,0.016150000000000001,0.0075900000000000004,0.012200000000000001,0.02664,0.073349999999999999,0.1628,0.30620999999999998,0.47788000000000003
874.23200999999995,0.01636,0.010030000000000001,0.01261,0.024240000000000001,0.072789999999999994,0.16345000000000001,0.30195,0.47741
874.47861,0.015879999999999998,0.01072,0.014930000000000001,0.02265,0.071779999999999997,0.16545000000000001,0.30370000000000003,0.47227000000000002
874.72519999999997,0.01324,0.01004,0.015570000000000001,0.024400000000000002,0.072279999999999997,0.16345000000000001,0.30047000000000001,0.47353000000000001
874.97177999999997,0.018010000000000002,0.01172,0.01282,0.02707,0.071779999999999997,0.16333,0.29805999999999999,0.47449999999999998
875.21835999999996,0.017569999999999999,0.011780000000000001,0.01206,0.025489999999999999,0.072389999999999996,0.16420000000000001,0.30248999999999998,0.47702
875.46492000000001,0.017670000000000002,0.01319,0.01391,0.023990000000000001,0.069309999999999997,0.16122,0.30091000000000001,0.47685
875.71146999999996,0.01583,0.01541,0.015219999999999999,0.024299999999999999,0.069250000000000006,0.15895999999999999,0.30327999999999999,0.47938999999999998
875.95800999999994,0.016029999999999999,0.01354,0.01278,0.0229,0.069989999999999997,0.16014999999999999,0.29931999999999997,0.47685
876.20455000000004,0.010619999999999999,0.01089,0.0124,0.024879999999999999,0.071529999999999996,0.15937000000000001,0.30098000000000003,0.47586000000000001
876.45106999999996,0.015980000000000001,0.00762,0.01206,0.02596,0.071290000000000006,0.16419,0.30197000000000002,0.47600999999999999
876.69758000000002,0.015339999999999999,0.01153,0.011780000000000001,0.025389999999999999,0.071379999999999999,0.16527,0.30209000000000003,0.47232000000000002
876.94407999999999,0.014160000000000001,0.01095,0.01298,0.026179999999999998,0.071999999999999995,0.16467000000000001,0.30234,0.47303000000000001
877.19057999999995,0.011299999999999999,0.01192,0.01265,0.025600000000000001,0.069970000000000004,0.16356000000000001,0.29953000000000002,0.47598000000000001
877.43705999999997,0.013650000000000001,0.011849999999999999,0.013990000000000001,0.023980000000000001,0.070970000000000005,0.16367000000000001,0.29827999999999999,0.47495999999999999
877.68353999999999,0.01303,0.012109999999999999,0.011429999999999999,0.025489999999999999,0.071569999999999995,0.16352,0.30148999999999998,0.47210999999999997
877.92999999999995,0.01321,0.01057,0.010999999999999999,0.024070000000000001,0.071010000000000004,0.16359000000000001,0.3029,0.47838000000000003
878.17645000000005,0.01243,0.0093399999999999993,0.012840000000000001,0.0229,0.070309999999999997,0.16458999999999999,0.30488999999999999,0.47693999999999998
878.42290000000003,0.01184,0.01031,0.011180000000000001,0.024469999999999999,0.070900000000000005,0.16261,0.29847000000000001,0.47981000000000001
878.66932999999995,0.01251,0.01039,0.01106,0.02495,0.071279999999999996,0.16053000000000001,0.29873,0.47486
878.91575999999998,0.01328,0.01257,0.01112,0.024369999999999999,0.070309999999999997,0.16055,0.29359000000000002,0.47236
879.16216999999995,0.013100000000000001,0.014370000000000001,0.0117,0.0241,0.069370000000000001,0.16058,0.29509000000000002,0.47332000000000002
879.40858000000003,0.016219999999999998,0.01874,0.0099600000000000001,0.025690000000000001,0.066489999999999994,0.15823999999999999,0.29807,0.47305999999999998
879.65497000000005,0.015559999999999999,0.018450000000000001,0.01303,0.025559999999999999,0.068390000000000006,0.15779000000000001,0.29166999999999998,0.47522999999999999
879.90134999999998,0.01436,0.019009999999999999,0.0141,0.025139999999999999,0.067400000000000002,0.16039999999999999,0.29255999999999999,0.47513
880.14773000000002,0.01099,0.01502,0.014449999999999999,0.024979999999999999,0.067919999999999994,0.1595,0.29648999999999998,0.47364000000000001
880.39409999999998,0.01417,0.01337,0.01367,0.02435,0.068640000000000007,0.15828999999999999,0.29668,0.47155000000000002
880.64044999999999,0.013429999999999999,0.0147,0.01355,0.02445,0.068870000000000001,0.15869,0.29543000000000003,0.47521000000000002
880.88679999999999,0.013480000000000001,0.013979999999999999,0.01264,0.023310000000000001,0.070680000000000007,0.15734999999999999,0.29543999999999998,0.48069000000000001
881.13313000000005,0.016809999999999999,0.01652,0.01227,0.022720000000000001,0.069620000000000001,0.15775,0.29547000000000001,0.47687000000000002
881.37945999999999,0.0124,0.018499999999999999,0.01374,0.02317,0.068589999999999998,0.16036,0.29413,0.47721999999999998
881.62576999999999,0.01078,0.020809999999999999,0.01434,0.024320000000000001,0.06837,0.16003999999999999,0.29398000000000002,0.48113
881.87207999999998,0.01223,0.021489999999999999,0.014160000000000001,0.022790000000000001,0.068589999999999998,0.15947,0.29335,0.47996
882.11838,0.013259999999999999,0.018720000000000001,0.01404,0.02393,0.067510000000000001,0.15709000000000001,0.29525000000000001,0.47438999999999998
882.36465999999996,0.012930000000000001,0.019470000000000001,0.01272,0.024320000000000001,0.067900000000000002,0.15708,0.29303000000000001,0.47459000000000001
882.61094000000003,0.01259,0.018489999999999999,0.012659999999999999,0.025350000000000001,0.071980000000000002,0.15894,0.29144999999999999,0.47164
882.85721000000001,0.01141,0.016820000000000002,0.012290000000000001,0.025870000000000001,0.069629999999999997,0.15939999999999999,0.29357,0.47441
883.10347000000002,0.01456,0.01779,0.01166,0.02368,0.06898,0.15776000000000001,0.29393999999999998,0.47382999999999997
883.34970999999996,0.01695,0.01934,0.01259,0.024490000000000001,0.067599999999999993,0.15712000000000001,0.29348000000000002,0.47600999999999999
883.59595000000002,0.016219999999999998,0.01993,0.01197,0.02401,0.066629999999999995,0.15665000000000001,0.29166999999999998,0.47055999999999998
883.84217999999998,0.01464,0.019089999999999999,0.011050000000000001,0.023709999999999998,0.067320000000000005,0.15565000000000001,0.29003000000000001,0.47160999999999997
884.08839999999998,0.012290000000000001,0.01789,0.01389,0.02435,0.067640000000000006,0.15462999999999999,0.28949000000000003,0.47544999999999998
884.33460000000002,0.0096900000000000007,0.016459999999999999,0.0144,0.024740000000000002,0.065720000000000001,0.15492,0.29069,0.47736000000000001
884.58079999999995,0.00958,0.016209999999999999,0.016119999999999999,0.023529999999999999,0.068970000000000004,0.15711,0.29237000000000002,0.47153
884.82699000000002,0.010019999999999999,0.015520000000000001,0.016410000000000001,0.025499999999999998,0.068930000000000005,0.15389,0.29100999999999999,0.46969
885.07317,0.015010000000000001,0.018239999999999999,0.013780000000000001,0.022349999999999998,0.067110000000000003,0.15406,0.29141,0.47211999999999998
885.31934000000001,0.01174,0.016990000000000002,0.012370000000000001,0.024559999999999998,0.066100000000000006,0.15526000000000001,0.28744999999999998,0.47599999999999998
885.56550000000004,0.0087899999999999992,0.01319,0.014630000000000001,0.02649,0.069290000000000004,0.15598999999999999,0.28702,0.47627999999999998
885.81164000000001,0.01061,0.01187,0.01627,0.024,0.069370000000000001,0.15317,0.28753000000000001,0.47164
886.05777999999998,0.01239,0.0089499999999999996,0.014970000000000001,0.021999999999999999,0.067760000000000001,0.15323999999999999,0.28694999999999998,0.46990999999999999
886.30390999999997,0.011220000000000001,0.01179,0.0144,0.02299,0.066229999999999997,0.15371000000000001,0.28802,0.47032000000000002
886.55002999999999,0.0073600000000000002,0.01311,0.01142,0.020750000000000001,0.066589999999999996,0.15476999999999999,0.28832000000000002,0.47542000000000001
886.79614000000004,0.0087500000000000008,0.01102,0.01137,0.020199999999999999,0.068489999999999995,0.15482000000000001,0.28633999999999998,0.47091
887.04223999999999,0.00628,0.01244,0.01268,0.02325,0.066659999999999997,0.15359999999999999,0.28569,0.46643000000000001
887.28832999999997,0.0079799999999999992,0.0132,0.01346,0.022620000000000001,0.066839999999999997,0.15601000000000001,0.28211999999999998,0.46778999999999998
887.53440999999998,0.0103,0.011129999999999999,0.01342,0.023439999999999999,0.066140000000000004,0.15482000000000001,0.28471000000000002,0.47009000000000001
887.78048000000001,0.013950000000000001,0.01069,0.01452,0.022370000000000001,0.067220000000000002,0.1555,0.28362999999999999,0.46766999999999997
888.02653999999995,0.01196,0.01038,0.01268,0.021309999999999999,0.065890000000000004,0.15814,0.28162999999999999,0.46733999999999998
888.27259000000004,0.01171,0.0087600000000000004,0.012959999999999999,0.02103,0.064030000000000004,0.15576000000000001,0.28032000000000001,0.46777999999999997
888.51863000000003,0.0077299999999999999,0.0086099999999999996,0.012919999999999999,0.019990000000000001,0.066549999999999998,0.15376999999999999,0.28244000000000002,0.47003
888.76466000000005,0.0077000000000000002,0.01013,0.01274,0.021219999999999999,0.067809999999999995,0.15451000000000001,0.27959000000000001,0.46549000000000001
889.01067999999998,0.01472,0.010070000000000001,0.012869999999999999,0.02154,0.062890000000000001,0.15454999999999999,0.27966999999999997,0.46711999999999998
889.25669000000005,0.017409999999999998,0.0080599999999999995,0.01137,0.02121,0.064149999999999999,0.15422,0.28250999999999998,0.4657
889.50269000000003,0.01532,0.0071700000000000002,0.01221,0.023720000000000001,0.066919999999999993,0.15776999999999999,0.28432000000000002,0.46578000000000003
889.74868000000004,0.01643,0.0061799999999999997,0.0124,0.023429999999999999,0.065629999999999994,0.15606999999999999,0.28288000000000002,0.46767999999999998
889.99467000000004,0.016959999999999999,0.0040699999999999998,0.011849999999999999,0.020750000000000001,0.064990000000000006,0.15332000000000001,0.28293000000000001,0.46919
890.24063999999998,0.018669999999999999,0.0027699999999999999,0.01226,0.021319999999999999,0.064460000000000003,0.15634999999999999,0.28347,0.46777999999999997
890.48659999999995,0.015259999999999999,0.0037799999999999999,0.010800000000000001,0.020039999999999999,0.066530000000000006,0.15473999999999999,0.28454000000000002,0.47003
890.73254999999995,0.012019999999999999,0.0064599999999999996,0.01158,0.01787,0.068430000000000005,0.15176000000000001,0.27848000000000001,0.46781
890.97848999999997,0.01338,0.00643,0.01153,0.019550000000000001,0.068279999999999993,0.15160999999999999,0.27672999999999998,0.46426000000000001
891.22442000000001,0.01065,0.0050600000000000003,0.01393,0.022280000000000001,0.062899999999999998,0.15282000000000001,0.28148000000000001,0.46784999999999999
891.47033999999996,0.0094500000000000001,0.0088100000000000001,0.01559,0.024760000000000001,0.064579999999999999,0.15065999999999999,0.28369,0.47426000000000001
891.71626000000003,0.0098499999999999994,0.01176,0.016500000000000001,0.02546,0.061879999999999998,0.14943999999999999,0.28048000000000001,0.47273999999999999
891.96216000000004,0.0090799999999999995,0.013610000000000001,0.013220000000000001,0.025499999999999998,0.061400000000000003,0.15146000000000001,0.27999000000000002,0.47243000000000002
892.20804999999996,0.0094999999999999998,0.013599999999999999,0.010619999999999999,0.021010000000000001,0.064269999999999994,0.15048,0.28155999999999998,0.46615000000000001
892.45393000000001,0.014420000000000001,0.015859999999999999,0.0096299999999999997,0.019380000000000001,0.064430000000000001,0.14979000000000001,0.28095999999999999,0.4647
892.69979999999998,0.01525,0.0126,0.010659999999999999,0.02189,0.064899999999999999,0.15092,0.28062999999999999,0.46361999999999998
892.94566999999995,0.011350000000000001,0.0097000000000000003,0.01099,0.021000000000000001,0.066360000000000002,0.15042,0.28143000000000001,0.46550999999999998
893.19151999999997,0.01406,0.0080999999999999996,0.012659999999999999,0.02147,0.066680000000000003,0.15039,0.27964,0.46787000000000001
893.43736000000001,0.01687,0.0068399999999999997,0.01277,0.022780000000000002,0.064850000000000005,0.15054000000000001,0.27918999999999999,0.46645999999999999
893.68320000000006,0.015270000000000001,0.0051999999999999998,0.00958,0.022040000000000001,0.065629999999999994,0.14666999999999999,0.27784999999999999,0.46597
893.92902000000004,0.01234,0.0028400000000000001,0.01073,0.021170000000000001,0.064769999999999994,0.14774000000000001,0.27759,0.46298
894.17483000000004,0.01112,0.00216,0.01286,0.02239,0.064399999999999999,0.15032000000000001,0.27910000000000001,0.46407999999999999
894.42064000000005,0.0132,0.0043,0.011950000000000001,0.023179999999999999,0.06522,0.1507,0.27733999999999998,0.46233999999999997
894.66642999999999,0.01213,0.0045799999999999999,0.012529999999999999,0.02495,0.0625,0.14887,0.28003,0.46061000000000002
894.91220999999996,0.01506,0.0046800000000000001,0.012319999999999999,0.021649999999999999,0.06447,0.15028,0.27889000000000003,0.46461000000000002
895.15799000000004,0.010970000000000001,0.0030999999999999999,0.011679999999999999,0.01908,0.064549999999999996,0.14976999999999999,0.28017999999999998,0.46427000000000002
895.40374999999995,0.0066699999999999997,0.0051700000000000001,0.0097800000000000005,0.021190000000000001,0.063219999999999998,0.14954000000000001,0.27762999999999999,0.46648000000000001
895.64949999999999,0.0066100000000000004,0.0063,0.01268,0.02018,0.064240000000000005,0.15114,0.27715000000000001,0.46316000000000002
895.89525000000003,0.00777,0.0051200000000000004,0.012930000000000001,0.019789999999999999,0.066220000000000001,0.1477,0.27865000000000001,0.46243000000000001
896.14098000000001,0.01031,0.0040600000000000002,0.01,0.020650000000000002,0.0625,0.14960999999999999,0.28125,0.46531
896.38670999999999,0.0096399999999999993,0.0029099999999999998,0.010449999999999999,0.021100000000000001,0.063159999999999994,0.15017,0.28004000000000001,0.47161999999999998
896.63242000000002,0.0074700000000000001,0.00296,0.01123,0.017950000000000001,0.06522,0.14549999999999999,0.27703,0.47273999999999999
896.87811999999997,0.01005,0.0051799999999999997,0.01338,0.0189,0.063960000000000003,0.14433000000000001,0.27666000000000002,0.46644000000000002
897.12382000000002,0.01435,0.0047600000000000003,0.012919999999999999,0.02154,0.062649999999999997,0.14893000000000001,0.27371000000000001,0.46261000000000002
897.36950000000002,0.012370000000000001,0.0062500000000000003,0.015810000000000001,0.020750000000000001,0.064189999999999997,0.15176000000000001,0.27492,0.46367999999999998
897.61518000000001,0.01076,0.0061799999999999997,0.013820000000000001,0.019879999999999998,0.065600000000000006,0.14845,0.27012999999999998,0.46568999999999999
897.86084000000005,0.014330000000000001,0.0059100000000000003,0.01057,0.020140000000000002,0.064659999999999995,0.14743999999999999,0.27295000000000003,0.45974999999999999
898.10649999999998,0.011480000000000001,0.0079500000000000005,0.01052,0.020209999999999999,0.063600000000000004,0.14551,0.27442,0.45862999999999998
898.35213999999996,0.01013,0.0096699999999999998,0.01183,0.020920000000000001,0.062440000000000002,0.14601,0.27373999999999998,0.46151999999999999
898.59777999999994,0.0124,0.0097000000000000003,0.013780000000000001,0.020889999999999999,0.061969999999999997,0.14629,0.27177000000000001,0.45995000000000003
898.84339999999997,0.013899999999999999,0.010500000000000001,0.01312,0.021229999999999999,0.062780000000000002,0.14579,0.27409,0.46246999999999999
899.08902,0.010670000000000001,0.01014,0.016,0.022339999999999999,0.063759999999999997,0.14815999999999999,0.27567000000000003,0.46533999999999998
899.33461999999997,0.01234,0.010749999999999999,0.014659999999999999,0.021819999999999999,0.06368,0.14624000000000001,0.27265,0.46428999999999998
899.58022000000005,0.013520000000000001,0.012030000000000001,0.01155,0.02214,0.062590000000000007,0.14499999999999999,0.27431,0.46189000000000002
899.82581000000005,0.0138,0.011679999999999999,0.011979999999999999,0.019449999999999999,0.061429999999999998,0.14663000000000001,0.27661999999999998,0.46011000000000002
900.07137999999998,0.0135,0.01106,0.011039999999999999,0.02087,0.060569999999999999,0.14688000000000001,0.27538000000000001,0.46211999999999998
900.31695000000002,0.01078,0.01265,0.0104,0.023449999999999999,0.062469999999999998,0.14682999999999999,0.27584999999999998,0.45945999999999998
900.5625,0.0073899999999999999,0.01268,0.011679999999999999,0.024559999999999998,0.062710000000000002,0.14596999999999999,0.27517000000000003,0.46296999999999999
900.80804999999998,0.0054599999999999996,0.012699999999999999,0.0132,0.023189999999999999,0.061519999999999998,0.14273,0.27476,0.46503
901.05358999999999,0.0023600000000000001,0.0114,0.01367,0.023359999999999999,0.0625,0.14141999999999999,0.27246999999999999,0.46272999999999997
901.29911000000004,0.0032599999999999999,0.01358,0.012409999999999999,0.021149999999999999,0.062449999999999999,0.14260999999999999,0.27290999999999999,0.46172999999999997
901.54462999999998,0.0076,0.013270000000000001,0.01095,0.018550000000000001,0.063390000000000002,0.14243,0.27261000000000002,0.46146999999999999
901.79012999999998,0.0094599999999999997,0.015740000000000001,0.011270000000000001,0.02103,0.062979999999999994,0.14219000000000001,0.27461000000000002,0.45643
902.03562999999997,0.0085900000000000004,0.021090000000000001,0.0091400000000000006,0.022100000000000002,0.060389999999999999,0.14274000000000001,0.27385999999999999,0.45871000000000001
902.28111999999999,0.0040800000000000003,0.019869999999999999,0.01238,0.019539999999999998,0.061589999999999999,0.14494000000000001,0.26974999999999999,0.45956999999999998
902.52659000000006,0.0042500000000000003,0.019300000000000001,0.013440000000000001,0.02155,0.058130000000000001,0.14191000000000001,0.26932,0.45871000000000001
902.77206000000001,0.0046499999999999996,0.01602,0.014630000000000001,0.022040000000000001,0.061400000000000003,0.14177999999999999,0.27032,0.45776
903.01751999999999,0.0081099999999999992,0.016650000000000002,0.0149,0.021899999999999999,0.062759999999999996,0.14136000000000001,0.27082000000000001,0.45995000000000003
903.26296000000002,0.0087500000000000008,0.016459999999999999,0.01452,0.020209999999999999,0.063229999999999995,0.14202000000000001,0.27161999999999997,0.45950000000000002
903.50840000000005,0.011509999999999999,0.01519,0.01516,0.016889999999999999,0.060470000000000003,0.14244999999999999,0.27048,0.45639999999999997
903.75382999999999,0.01061,0.014489999999999999,0.011990000000000001,0.020389999999999998,0.060920000000000002,0.14398,0.27015,0.45678000000000002
903.99924999999996,0.0096200000000000001,0.016410000000000001,0.01082,0.024129999999999999,0.059970000000000002,0.14165,0.27151999999999998,0.45234000000000002
904.24464999999998,0.0091699999999999993,0.01779,0.01312,0.02112,0.062489999999999997,0.13971,0.26954,0.45251999999999998
904.49005,0.0095300000000000003,0.014659999999999999,0.013100000000000001,0.018190000000000001,0.060839999999999998,0.13904,0.26837,0.45546999999999999
904.73544000000004,0.0084499999999999992,0.014109999999999999,0.011979999999999999,0.021000000000000001,0.064750000000000002,0.14163000000000001,0.26784999999999998,0.45394000000000001
904.98081999999999,0.0094000000000000004,0.0166,0.0098200000000000006,0.02283,0.064030000000000004,0.14294000000000001,0.26730999999999999,0.45684000000000002
905.22618,0.0064099999999999999,0.016129999999999999,0.01004,0.019369999999999998,0.061830000000000003,0.14358000000000001,0.26651999999999998,0.45881
905.47154,0.0076600000000000001,0.016240000000000001,0.01051,0.019300000000000001,0.061679999999999999,0.14371999999999999,0.26468000000000003,0.45948
905.71689000000003,0.0091400000000000006,0.016230000000000001,0.012149999999999999,0.021860000000000001,0.061920000000000003,0.14329,0.26585999999999999,0.45700000000000002
905.96222999999998,0.0058799999999999998,0.015559999999999999,0.01073,0.021420000000000002,0.059150000000000001,0.14136000000000001,0.26684999999999998,0.45523000000000002
906.20754999999997,0.011639999999999999,0.01695,0.01,0.02213,0.056169999999999998,0.14172000000000001,0.26527000000000001,0.45710000000000001
906.45286999999996,0.01155,0.0143,0.0118,0.021059999999999999,0.05781,0.14094999999999999,0.26103999999999999,0.45645999999999998
906.69817999999998,0.0051999999999999998,0.014319999999999999,0.01312,0.018970000000000001,0.058270000000000002,0.14085,0.25939000000000001,0.45317000000000002
906.94348000000002,0.0066499999999999997,0.01353,0.01001,0.021069999999999998,0.05994,0.13936999999999999,0.26106000000000001,0.45441999999999999
907.18876999999998,0.0092200000000000008,0.01487,0.01223,0.01975,0.06053,0.14238999999999999,0.26534999999999997,0.45235999999999998
907.43403999999998,0.0047999999999999996,0.01448,0.01435,0.019349999999999999,0.061940000000000002,0.13991999999999999,0.26706999999999997,0.4511
907.67930999999999,0.0034499999999999999,0.01516,0.013599999999999999,0.020619999999999999,0.060130000000000003,0.14255000000000001,0.26273999999999997,0.45411000000000001
907.92457000000002,0.0011299999999999999,0.01346,0.014919999999999999,0.020920000000000001,0.057709999999999997,0.14229,0.26180999999999999,0.45528000000000002
908.16981999999996,0.0038899999999999998,0.013679999999999999,0.016559999999999998,0.01806,0.060510000000000001,0.13946,0.26312999999999998,0.45093
908.41506000000004,0.0088999999999999999,0.01298,0.01559,0.016889999999999999,0.062089999999999999,0.14041999999999999,0.26121,0.45039000000000001
908.66029000000003,0.01409,0.012800000000000001,0.0094699999999999993,0.01983,0.060299999999999999,0.13733999999999999,0.26172000000000001,0.44999
908.90551000000005,0.01166,0.01353,0.01166,0.019259999999999999,0.060220000000000003,0.13727,0.26351999999999998,0.45319999999999999
909.15071,0.01218,0.01226,0.01183,0.019019999999999999,0.060290000000000003,0.13678999999999999,0.26883000000000001,0.45872000000000002
909.39590999999996,0.01269,0.01218,0.01074,0.017780000000000001,0.058889999999999998,0.13544999999999999,0.26928999999999997,0.45772000000000002
909.64110000000005,0.01448,0.0090200000000000002,0.01225,0.019800000000000002,0.061210000000000001,0.13800999999999999,0.26640999999999998,0.45213999999999999
909.88628000000006,0.015259999999999999,0.010019999999999999,0.01444,0.02273,0.059959999999999999,0.14036000000000001,0.26691999999999999,0.45035999999999998
910.13144999999997,0.01359,0.0092099999999999994,0.01157,0.02034,0.057360000000000001,0.13888,0.26515,0.45689000000000002
910.37661000000003,0.01223,0.01175,0.011299999999999999,0.017809999999999999,0.057889999999999997,0.13936999999999999,0.26386999999999999,0.44962999999999997
910.62175999999999,0.0097099999999999999,0.0112,0.011310000000000001,0.01796,0.056439999999999997,0.13888,0.26415,0.44527
910.86689999999999,0.0065799999999999999,0.0088400000000000006,0.011480000000000001,0.019890000000000001,0.058169999999999999,0.13747000000000001,0.26482,0.45545000000000002
911.11203,0.0065399999999999998,0.01064,0.011520000000000001,0.01908,0.058029999999999998,0.13588,0.26379999999999998,0.45427000000000001
911.35715000000005,0.0072500000000000004,0.013429999999999999,0.010659999999999999,0.019040000000000001,0.057140000000000003,0.13897000000000001,0.26404,0.45604
911.60226,0.01265,0.01065,0.0086999999999999994,0.02197,0.055789999999999999,0.13769000000000001,0.26911000000000002,0.45671
911.84735000000001,0.015089999999999999,0.0086099999999999996,0.0091299999999999992,0.020469999999999999,0.054080000000000003,0.13655999999999999,0.27009,0.45347999999999999
912.09244000000001,0.013899999999999999,0.01191,0.0090799999999999995,0.019349999999999999,0.055539999999999999,0.13555,0.26218999999999998,0.4516
912.33752000000004,0.0088500000000000002,0.0096600000000000002,0.01269,0.017649999999999999,0.056959999999999997,0.13625000000000001,0.25842999999999999,0.45100000000000001
912.58258999999998,0.012,0.0091199999999999996,0.014540000000000001,0.016799999999999999,0.058810000000000001,0.13758999999999999,0.26225999999999999,0.44417000000000001
912.82764999999995,0.010999999999999999,0.0096799999999999994,0.013440000000000001,0.016760000000000001,0.058479999999999997,0.1376,0.25975999999999999,0.44757999999999998
913.07270000000005,0.01285,0.01183,0.01299,0.017229999999999999,0.057779999999999998,0.13567000000000001,0.25685000000000002,0.45379000000000003
913.31773999999996,0.011390000000000001,0.0096500000000000006,0.01298,0.01627,0.056910000000000002,0.13492000000000001,0.26056000000000001,0.45205000000000001
913.56277,0.010290000000000001,0.011270000000000001,0.0094400000000000005,0.01788,0.057910000000000003,0.13439999999999999,0.25886999999999999,0.44929999999999998
913.80778999999995,0.0084899999999999993,0.010869999999999999,0.0098600000000000007,0.01813,0.057680000000000002,0.13519999999999999,0.25757999999999998,0.44396999999999998
914.05280000000005,0.01081,0.0076400000000000001,0.01115,0.0212,0.05706,0.13652,0.26000000000000001,0.44850000000000001
914.29780000000005,0.0097599999999999996,0.0095200000000000007,0.01489,0.020619999999999999,0.056919999999999998,0.13683999999999999,0.25768999999999997,0.44536999999999999
914.54278999999997,0.01107,0.0097199999999999995,0.016240000000000001,0.022179999999999998,0.062140000000000001,0.13780000000000001,0.25846000000000002,0.45285999999999998
914.78777000000002,0.0090399999999999994,0.0071799999999999998,0.01243,0.021170000000000001,0.061100000000000002,0.13811999999999999,0.25800000000000001,0.45550000000000002
915.03273999999999,0.00662,0.0072899999999999996,0.0089599999999999992,0.01874,0.056739999999999999,0.13707,0.2576,0.45289000000000001
915.27769999999998,0.01453,0.0051700000000000001,0.011169999999999999,0.019539999999999998,0.057669999999999999,0.13786000000000001,0.26000000000000001,0.44803999999999999
915.52265,0.01359,0.0034099999999999998,0.0089499999999999996,0.01856,0.059310000000000002,0.1356,0.25306000000000001,0.44851000000000002
915.76759000000004,0.0078499999999999993,0.0070600000000000003,0.0080700000000000008,0.01831,0.059270000000000003,0.13317999999999999,0.25395000000000001,0.4536
916.01251999999999,0.0073400000000000002,0.011780000000000001,0.0090200000000000002,0.020969999999999999,0.060600000000000001,0.13333999999999999,0.25369000000000003,0.44874000000000003
916.25743999999997,0.0086599999999999993,0.01329,0.01061,0.021479999999999999,0.059209999999999999,0.13289999999999999,0.25670999999999999,0.45419999999999999
916.50234999999998,0.0089899999999999997,0.013610000000000001,0.0087299999999999999,0.021530000000000001,0.059909999999999998,0.13233,0.25405,0.44922000000000001
916.74725000000001,0.01372,0.01372,0.0092800000000000001,0.0247,0.055980000000000002,0.1333,0.25004999999999999,0.44718000000000002
916.99215000000004,0.0141,0.01342,0.01,0.02239,0.056079999999999998,0.13572999999999999,0.24907000000000001,0.44373000000000001
917.23703,0.014200000000000001,0.012330000000000001,0.011180000000000001,0.016910000000000001,0.056279999999999997,0.13388,0.25733,0.44656000000000001
917.4819,0.012189999999999999,0.0152,0.01319,0.01916,0.054899999999999997,0.13949,0.25375999999999999,0.45155000000000001
917.72676000000001,0.012959999999999999,0.015900000000000001,0.012659999999999999,0.018249999999999999,0.054960000000000002,0.13494999999999999,0.24936,0.45011000000000001
917.97161000000006,0.012970000000000001,0.01025,0.012460000000000001,0.018620000000000001,0.054089999999999999,0.13353999999999999,0.25397999999999998,0.44707000000000002
918.21645000000001,0.01257,0.0092599999999999991,0.012919999999999999,0.021090000000000001,0.058459999999999998,0.13320000000000001,0.25302999999999998,0.44669999999999999
918.46127999999999,0.015990000000000001,0.0098099999999999993,0.01074,0.020160000000000001,0.05765,0.12975,0.24873000000000001,0.44528000000000001
918.70609999999999,0.016449999999999999,0.01,0.0085900000000000004,0.020400000000000001,0.055509999999999997,0.13033,0.25247999999999998,0.44411
918.95091000000002,0.012880000000000001,0.0081499999999999993,0.010160000000000001,0.02248,0.055899999999999998,0.13532,0.25527,0.44381999999999999
919.19570999999996,0.016590000000000001,0.0072399999999999999,0.0117,0.019879999999999998,0.056849999999999998,0.13508999999999999,0.25358999999999998,0.44196999999999997
919.44050000000004,0.01738,0.0067200000000000003,0.01311,0.020490000000000001,0.055309999999999998,0.13428000000000001,0.25224999999999997,0.44136999999999998
919.68528000000003,0.01366,0.0067099999999999998,0.015180000000000001,0.017510000000000001,0.057570000000000003,0.13253999999999999,0.24923000000000001,0.44572000000000001
919.93005000000005,0.016039999999999999,0.0095399999999999999,0.01248,0.018110000000000001,0.056149999999999999,0.13145000000000001,0.25072,0.44499
920.17480999999998,0.01315,0.012999999999999999,0.0081099999999999992,0.017739999999999999,0.055359999999999999,0.12870000000000001,0.25353999999999999,0.44818000000000002
920.41957000000002,0.0090799999999999995,0.01426,0.0114,0.019390000000000001,0.054309999999999997,0.13583999999999999,0.25183,0.44628000000000001
920.66431,0.01022,0.01341,0.01302,0.01617,0.054149999999999997,0.13508000000000001,0.25235000000000002,0.44458999999999999
920.90904,0.0096799999999999994,0.01512,0.010449999999999999,0.017409999999999998,0.056329999999999998,0.13209000000000001,0.25317000000000001,0.44550000000000001
921.15376000000003,0.01196,0.014,0.0097900000000000001,0.020289999999999999,0.058520000000000003,0.13217000000000001,0.25120999999999999,0.44251000000000001
921.39846999999997,0.01209,0.013729999999999999,0.01201,0.023349999999999999,0.055739999999999998,0.12898000000000001,0.25167,0.43618000000000001
921.64317000000005,0.012239999999999999,0.01392,0.015650000000000001,0.020389999999999998,0.054030000000000002,0.13106000000000001,0.25222,0.44131999999999999
921.88786000000005,0.01473,0.01099,0.01281,0.016539999999999999,0.058099999999999999,0.13073000000000001,0.25192999999999999,0.43733
922.13253999999995,0.01221,0.010869999999999999,0.01502,0.01966,0.05586,0.12870000000000001,0.25186999999999998,0.44073000000000001
922.37720999999999,0.01209,0.01295,0.012699999999999999,0.021149999999999999,0.057750000000000003,0.13306000000000001,0.24822,0.44201000000000001
922.62188000000003,0.0085100000000000002,0.0099500000000000005,0.0095099999999999994,0.018079999999999999,0.058189999999999999,0.13435,0.24593000000000001,0.44047999999999998
922.86653000000001,0.0097999999999999997,0.011690000000000001,0.010059999999999999,0.018010000000000002,0.055509999999999997,0.13186,0.24360000000000001,0.4405
923.11117000000002,0.0073000000000000001,0.013690000000000001,0.0083999999999999995,0.017590000000000001,0.055359999999999999,0.12853999999999999,0.24199000000000001,0.44555
923.35580000000004,0.0065300000000000002,0.0111,0.0092700000000000005,0.021899999999999999,0.056750000000000002,0.12978000000000001,0.24288000000000001,0.44650000000000001
923.60041999999999,0.010999999999999999,0.010019999999999999,0.0079600000000000001,0.020840000000000001,0.057509999999999999,0.12726000000000001,0.24840999999999999,0.43846000000000002
923.84502999999995,0.0050000000000000001,0.0080199999999999994,0.0092099999999999994,0.017479999999999999,0.057029999999999997,0.128,0.25119000000000002,0.43997999999999998
924.08963000000006,0.0023800000000000002,0.012710000000000001,0.0062199999999999998,0.01545,0.05518,0.12656000000000001,0.24748000000000001,0.44229000000000002
924.33421999999996,0.0020200000000000001,0.01474,0.0078300000000000002,0.015129999999999999,0.055809999999999998,0.13059999999999999,0.24509,0.44418999999999997
924.5788,0.0036700000000000001,0.016480000000000002,0.01031,0.01644,0.055460000000000002,0.13092000000000001,0.24535000000000001,0.44074999999999998
924.82338000000004,0.0030100000000000001,0.01762,0.013809999999999999,0.02164,0.05423,0.12886,0.24379999999999999,0.44555
925.06794000000002,0.00613,0.01447,0.01538,0.02061,0.056689999999999997,0.12975999999999999,0.24651000000000001,0.44395000000000001
925.31249000000003,0.01457,0.014829999999999999,0.013990000000000001,0.021139999999999999,0.054629999999999998,0.12917999999999999,0.24623,0.44546999999999998
925.55703000000005,0.0039100000000000003,0.013100000000000001,0.0117,0.017690000000000001,0.051830000000000001,0.13042999999999999,0.24576999999999999,0.44224000000000002
925.80155999999999,0.0048199999999999996,0.0126,0.0096100000000000005,0.018610000000000002,0.052240000000000002,0.13161999999999999,0.24679999999999999,0.43974000000000002
926.04607999999996,0.0060899999999999999,0.0098799999999999999,0.01077,0.018100000000000002,0.054379999999999998,0.13163,0.24987999999999999,0.44122
926.29060000000004,0.0030300000000000001,0.01379,0.010869999999999999,0.01898,0.05185,0.12828999999999999,0.24762999999999999,0.44191999999999998
926.53510000000006,0.0062399999999999999,0.016119999999999999,0.01346,0.017770000000000001,0.05321,0.12898999999999999,0.24590000000000001,0.43725999999999998
926.77958999999998,0.0076,0.01549,0.0123,0.020389999999999998,0.054170000000000003,0.12969,0.24390999999999999,0.43547000000000002
927.02407000000005,0.0091800000000000007,0.01491,0.012070000000000001,0.01951,0.050410000000000003,0.13425000000000001,0.23905000000000001,0.43231000000000003
927.26854000000003,0.0073299999999999997,0.01256,0.01384,0.016750000000000001,0.053710000000000001,0.13406999999999999,0.24038000000000001,0.44057000000000002
927.51300000000003,0.01021,0.012659999999999999,0.01076,0.01857,0.054620000000000002,0.1305,0.24295,0.44290000000000002
927.75744999999995,0.0079299999999999995,0.0096500000000000006,0.013169999999999999,0.018610000000000002,0.05432,0.12927,0.24532999999999999,0.43874999999999997
928.00189,0.014670000000000001,0.0096799999999999994,0.01434,0.018589999999999999,0.054170000000000003,0.13136999999999999,0.24418000000000001,0.43458999999999998
928.24632999999994,0.017860000000000001,0.0086,0.01298,0.018409999999999999,0.054769999999999999,0.13084999999999999,0.24398,0.43441999999999997
928.49075000000005,0.017149999999999999,0.0082000000000000007,0.01051,0.015810000000000001,0.053499999999999999,0.13025999999999999,0.24357000000000001,0.43883
928.73515999999995,0.01532,0.0068900000000000003,0.01277,0.016320000000000001,0.052600000000000001,0.1273,0.23744000000000001,0.43609999999999999
928.97955999999999,0.014619999999999999,0.0045500000000000002,0.0088400000000000006,0.016539999999999999,0.053740000000000003,0.12368999999999999,0.23658000000000001,0.43606
929.22394999999995,0.019570000000000001,0.0077999999999999996,0.0090399999999999994,0.015959999999999998,0.051799999999999999,0.12689,0.23638999999999999,0.44009999999999999
929.46833000000004,0.020449999999999999,0.0055500000000000002,0.0095999999999999992,0.01789,0.051319999999999998,0.13077,0.23683999999999999,0.44174999999999998
929.71271000000002,0.01737,0.0026199999999999999,0.01192,0.016959999999999999,0.052159999999999998,0.12466000000000001,0.23558999999999999,0.43917
929.95707000000004,0.01431,0.0040499999999999998,0.0141,0.017139999999999999,0.053659999999999999,0.12472,0.23694000000000001,0.43851000000000001
930.20141999999998,0.01367,0.0083800000000000003,0.012959999999999999,0.01933,0.051610000000000003,0.12783,0.23979,0.43830000000000002
930.44575999999995,0.011169999999999999,0.0062599999999999999,0.01184,0.016230000000000001,0.053460000000000001,0.12766,0.24217,0.43043999999999999
930.69009000000005,0.01308,0.0058799999999999998,0.010030000000000001,0.01379,0.054050000000000001,0.12767999999999999,0.23758000000000001,0.43171999999999999
930.93440999999996,0.01444,0.0085000000000000006,0.011440000000000001,0.0161,0.056149999999999999,0.12725,0.23693,0.42999999999999999
931.17872,0.01,0.014710000000000001,0.010319999999999999,0.019619999999999999,0.05568,0.12359000000000001,0.23851,0.43586000000000003
931.42303000000004,0.0088599999999999998,0.016539999999999999,0.012930000000000001,0.016580000000000001,0.052510000000000001,0.12429,0.23755999999999999,0.43452000000000002
931.66732000000002,0.011950000000000001,0.014919999999999999,0.013690000000000001,0.015469999999999999,0.050729999999999997,0.12711,0.23923,0.43219000000000002
931.91160000000002,0.012880000000000001,0.016389999999999998,0.01312,0.018550000000000001,0.05212,0.12833,0.23680000000000001,0.42996000000000001
932.15587000000005,0.013339999999999999,0.017600000000000001,0.013610000000000001,0.017139999999999999,0.054690000000000003,0.12820999999999999,0.23688999999999999,0.43020999999999998
932.40012999999999,0.01461,0.014330000000000001,0.014319999999999999,0.02086,0.050099999999999999,0.1225,0.23771999999999999,0.43298999999999999
932.64437999999996,0.016160000000000001,0.013440000000000001,0.01328,0.023189999999999999,0.051220000000000002,0.12723999999999999,0.24121999999999999,0.42906
932.88861999999995,0.0086499999999999997,0.0183,0.01155,0.019560000000000001,0.054550000000000001,0.12719,0.23533000000000001,0.43003000000000002
933.13286000000005,0.00696,0.01728,0.010330000000000001,0.017420000000000001,0.05398,0.12717000000000001,0.23544000000000001,0.42675000000000002
933.37707999999998,0.0075599999999999999,0.017010000000000001,0.0065500000000000003,0.016990000000000002,0.053769999999999998,0.12551999999999999,0.23955000000000001,0.43669000000000002
933.62129000000004,0.015389999999999999,0.015100000000000001,0.010829999999999999,0.018350000000000002,0.052069999999999998,0.12300999999999999,0.23913999999999999,0.43197000000000002
933.86549000000002,0.013990000000000001,0.011429999999999999,0.0092499999999999995,0.016650000000000002,0.049950000000000001,0.12132,0.23727000000000001,0.43193999999999999
934.10968000000003,0.01057,0.0077000000000000002,0.0086999999999999994,0.018700000000000001,0.054370000000000002,0.12307,0.23623,0.43136999999999998
934.35386000000005,0.016930000000000001,0.01098,0.0086400000000000001,0.018440000000000002,0.054579999999999997,0.12217,0.23724000000000001,0.42442999999999997
934.59802999999999,0.010959999999999999,0.01017,0.012319999999999999,0.016809999999999999,0.054769999999999999,0.12302,0.23516000000000001,0.42942000000000002
934.84218999999996,0.01174,0.0055199999999999997,0.0080700000000000008,0.0201,0.056559999999999999,0.12665000000000001,0.23976,0.42981999999999998
935.08635000000004,0.01413,0.0039199999999999999,0.01074,0.019259999999999999,0.051830000000000001,0.12223000000000001,0.23580000000000001,0.43125999999999998
935.33049000000005,0.011560000000000001,0.0033899999999999998,0.013469999999999999,0.019980000000000001,0.050779999999999999,0.12078999999999999,0.24149999999999999,0.43519000000000002
935.57461999999998,0.0058300000000000001,0.0032200000000000002,0.012789999999999999,0.022249999999999999,0.053109999999999997,0.12451,0.23898,0.43591000000000002
935.81874000000005,0.00264,0.0035500000000000002,0.010710000000000001,0.02351,0.051659999999999998,0.12459000000000001,0.24077999999999999,0.43512000000000001
936.06285000000003,0.0084200000000000004,0.0063400000000000001,0.01323,0.01866,0.049399999999999999,0.1239,0.23619000000000001,0.43523000000000001
936.30695000000003,0.0065300000000000002,0.0069899999999999997,0.01354,0.019769999999999999,0.052319999999999998,0.12101000000000001,0.23352999999999999,0.43070000000000003
936.55103999999994,0.0075100000000000002,0.0066100000000000004,0.01221,0.017409999999999998,0.053400000000000003,0.11896,0.23469999999999999,0.42554999999999998
936.79512,0.0080099999999999998,0.0086700000000000006,0.01289,0.01562,0.050659999999999997,0.12124,0.23286999999999999,0.42024
937.03920000000005,0.00696,0.0074599999999999996,0.011140000000000001,0.015299999999999999,0.05212,0.12228,0.23487,0.42796000000000001
937.28326000000004,0.0066499999999999997,0.0071799999999999998,0.01376,0.014330000000000001,0.056090000000000001,0.12385,0.23501,0.43064000000000002
937.52731000000006,0.0058199999999999997,0.0094400000000000005,0.014489999999999999,0.01915,0.054309999999999997,0.11772000000000001,0.23759,0.42902000000000001
937.77134999999998,0.0083099999999999997,0.01239,0.01133,0.023279999999999999,0.04895,0.11952,0.23680000000000001,0.43346000000000001
938.01538000000005,0.01086,0.0095499999999999995,0.0085100000000000002,0.018159999999999999,0.046940000000000003,0.12074,0.22914999999999999,0.43490000000000001
938.25940000000003,0.0071000000000000004,0.0079699999999999997,0.0086899999999999998,0.01554,0.048719999999999999,0.12466000000000001,0.23316999999999999,0.43486000000000002
938.50341000000003,0.0095999999999999992,0.0070200000000000002,0.0098700000000000003,0.019970000000000002,0.052089999999999997,0.12683,0.23894000000000001,0.42891000000000001
938.74740999999995,0.013559999999999999,0.0075199999999999998,0.0088299999999999993,0.020449999999999999,0.053199999999999997,0.12218999999999999,0.23937,0.42648000000000003
938.9914,0.015169999999999999,0.0084499999999999992,0.01023,0.018700000000000001,0.05142,0.12453,0.23602999999999999,0.42484
939.23537999999996,0.012930000000000001,0.0079299999999999995,0.0115,0.017690000000000001,0.055440000000000003,0.12518000000000001,0.24204999999999999,0.43534
939.47936000000004,0.0097599999999999996,0.010749999999999999,0.011610000000000001,0.01797,0.050770000000000003,0.12441000000000001,0.23630000000000001,0.42996000000000001
939.72331999999994,0.0047200000000000002,0.016,0.01133,0.01983,0.049090000000000002,0.12726999999999999,0.23635,0.42673
939.96726999999998,0.0096699999999999998,0.012619999999999999,0.01146,0.01932,0.049880000000000001,0.12295,0.23474999999999999,0.43364000000000003
940.21121000000005,0.0104,0.01244,0.01312,0.020209999999999999,0.04861,0.12026000000000001,0.23544000000000001,0.42803999999999998
940.45514000000003,0.01175,0.0087299999999999999,0.010489999999999999,0.021999999999999999,0.047649999999999998,0.11921,0.23285,0.42536000000000002
940.69906000000003,0.01321,0.0071799999999999998,0.0090100000000000006,0.0172,0.050020000000000002,0.12259,0.22989000000000001,0.42109000000000002
940.94296999999995,0.011520000000000001,0.00445,0.0080300000000000007,0.019,0.053830000000000003,0.12411,0.2278,0.41970000000000002
941.18687,0.0064900000000000001,0.0094299999999999991,0.01822,0.017219999999999999,0.051670000000000001,0.1232,0.22792999999999999,0.41859000000000002
941.43075999999996,0.0077600000000000004,0.01119,0.019730000000000001,0.016080000000000001,0.055660000000000001,0.11552,0.22785,0.42802000000000001
941.67463999999995,0.0058999999999999999,0.011299999999999999,0.01472,0.016969999999999999,0.05296,0.11749,0.22364000000000001,0.43278
941.91850999999997,0.011010000000000001,0.01695,0.01472,0.018149999999999999,0.053019999999999998,0.11953,0.22275,0.43393999999999999
942.16237000000001,0.018689999999999998,0.0167,0.016310000000000002,0.015599999999999999,0.048129999999999999,0.12288,0.22758,0.43528
942.40621999999996,0.01464,0.018079999999999999,0.01487,0.014200000000000001,0.048640000000000003,0.12096,0.23355000000000001,0.43042000000000002
942.65006000000005,0.0084700000000000001,0.016230000000000001,0.0166,0.015640000000000001,0.052400000000000002,0.12202,0.23264000000000001,0.42363000000000001
942.89389000000006,0.01132,0.02111,0.015570000000000001,0.022089999999999999,0.050630000000000001,0.11899,0.22969999999999999,0.42064000000000001
943.13770999999997,0.0076099999999999996,0.020150000000000001,0.011860000000000001,0.019029999999999998,0.051490000000000001,0.11976000000000001,0.22314000000000001,0.42233999999999999
943.38152000000002,0.01498,0.01951,0.010959999999999999,0.017430000000000001,0.052830000000000002,0.12349,0.2248,0.42824000000000001
943.62531999999999,0.018610000000000002,0.020590000000000001,0.0092099999999999994,0.015520000000000001,0.055910000000000001,0.12142,0.22839000000000001,0.43195
943.86910999999998,0.018270000000000002,0.016219999999999998,0.0070699999999999999,0.018880000000000001,0.05289,0.11907,0.23558000000000001,0.42732999999999999
944.11288999999999,0.0114,0.0095999999999999992,0.0066499999999999997,0.0138,0.05058,0.11996,0.23116,0.42437999999999998
944.35666000000003,0.0080099999999999998,0.016060000000000001,0.0089599999999999992,0.01736,0.048460000000000003,0.12166,0.23363,0.42303000000000002
944.60041999999999,0.01281,0.01538,0.0095899999999999996,0.01652,0.048000000000000001,0.1193,0.22474,0.41607
944.84416999999996,0.019769999999999999,0.0091500000000000001,0.0086800000000000002,0.015970000000000002,0.050700000000000002,0.11944,0.22872999999999999,0.42544999999999999
945.08790999999997,0.014919999999999999,0.0138,0.0084600000000000005,0.018249999999999999,0.051189999999999999,0.11981,0.23325000000000001,0.42641000000000001
945.33163999999999,0.016449999999999999,0.012630000000000001,0.0090100000000000006,0.015769999999999999,0.051810000000000002,0.12268,0.22697000000000001,0.41186
945.57536000000005,0.0098300000000000002,0.0084899999999999993,0.011050000000000001,0.01619,0.052429999999999997,0.12111,0.22231999999999999,0.4158
945.81907000000001,0.00726,0.0081099999999999992,0.013050000000000001,0.013050000000000001,0.051979999999999998,0.11898,0.22595000000000001,0.41835
946.06277,0.0075599999999999999,0.010500000000000001,0.0117,0.0161,0.050680000000000003,0.11995,0.22875999999999999,0.42105999999999999
946.30646000000002,0.011259999999999999,0.0097199999999999995,0.015509999999999999,0.016830000000000001,0.05006,0.12052,0.22597999999999999,0.42118
946.55014000000006,0.017309999999999999,0.012189999999999999,0.0147,0.016920000000000001,0.0567,0.11836000000000001,0.22721,0.4239
946.79381000000001,0.010580000000000001,0.00894,0.011390000000000001,0.019619999999999999,0.048230000000000002,0.1169,0.22958000000000001,0.43136000000000002
947.03746999999998,0.00087100000000000003,0.0065399999999999998,0.0097599999999999996,0.021850000000000001,0.048809999999999999,0.11706999999999999,0.22966,0.42476000000000003
947.28111999999999,0.001,0.01133,0.011390000000000001,0.018849999999999999,0.05194,0.11237999999999999,0.23032,0.41572999999999999
947.52476000000001,0.0099900000000000006,0.0074599999999999996,0.01251,0.019480000000000001,0.049750000000000003,0.12131,0.22772000000000001,0.42255999999999999
947.76838999999995,0.01355,0.01061,0.01204,0.017469999999999999,0.048480000000000002,0.1207,0.22925000000000001,0.41865999999999998
948.01201000000003,0.0086999999999999994,0.01243,0.012200000000000001,0.014840000000000001,0.04768,0.114,0.22242000000000001,0.42066999999999999
948.25561000000005,0.00511,0.015480000000000001,0.01404,0.015890000000000001,0.049329999999999999,0.11481,0.22033,0.42226000000000002
948.49920999999995,0.01057,0.014019999999999999,0.016590000000000001,0.01413,0.046089999999999999,0.11461,0.22670999999999999,0.41625000000000001
948.74279999999999,0.0091999999999999998,0.01247,0.01171,0.0152,0.049630000000000001,0.11189,0.22634000000000001,0.42053000000000001
948.98638000000005,0.01444,0.01269,0.01119,0.01417,0.05212,0.11629,0.22558,0.4204
949.22995000000003,0.00877,0.017260000000000001,0.01095,0.01081,0.047750000000000001,0.12180000000000001,0.22276000000000001,0.42333999999999999
949.47351000000003,0.0088599999999999998,0.013429999999999999,0.01157,0.01643,0.05074,0.1202,0.22641,0.42436000000000001
949.71705999999995,-0.0026199999999999999,0.014959999999999999,0.013429999999999999,0.01486,0.04632,0.11592,0.22935,0.42559000000000002
949.9606,0.00199,0.023630000000000002,0.011350000000000001,0.017229999999999999,0.050470000000000001,0.11444,0.22320000000000001,0.41182000000000002
950.20411999999999,0.01413,0.019099999999999999,0.00958,0.016250000000000001,0.048649999999999999,0.11963,0.22486999999999999,0.41726000000000002
950.44763999999998,0.0098399999999999998,0.01661,0.011939999999999999,0.0149,0.050169999999999999,0.11873,0.22148999999999999,0.42096
950.69114999999999,0.0062599999999999999,0.01685,0.01533,0.01291,0.05058,0.11871,0.21421000000000001,0.41874
950.93465000000003,0.0081700000000000002,0.01346,0.016469999999999999,0.017049999999999999,0.048809999999999999,0.11393,0.21432000000000001,0.42432999999999998
951.17813999999998,0.01133,0.01076,0.01298,0.017739999999999999,0.048430000000000001,0.11489000000000001,0.22316,0.41879
951.42161999999996,0.011650000000000001,0.01311,0.014540000000000001,0.016639999999999999,0.051959999999999999,0.11747,0.22292000000000001,0.41205999999999998
951.66507999999999,0.01042,0.0132,0.0086099999999999996,0.01421,0.04895,0.11733,0.21507000000000001,0.42377999999999999
951.90854000000002,0.01244,0.01448,0.010460000000000001,0.01444,0.048460000000000003,0.11226999999999999,0.21656,0.42588999999999999
952.15198999999996,0.01065,0.00894,0.01389,0.013950000000000001,0.05321,0.11187,0.21676999999999999,0.42294999999999999
952.39543000000003,0.0074999999999999997,0.010200000000000001,0.0114,0.015810000000000001,0.050700000000000002,0.1114,0.21826000000000001,0.41139999999999999
952.63886000000002,0.0083899999999999999,0.0094199999999999996,0.0094800000000000006,0.017739999999999999,0.050200000000000002,0.11393,0.21942,0.41260000000000002
952.88226999999995,0.0084700000000000001,0.01281,0.013339999999999999,0.018360000000000001,0.047980000000000002,0.1139,0.22531999999999999,0.4269
953.12567999999999,0.01359,0.014019999999999999,0.015769999999999999,0.021049999999999999,0.047210000000000002,0.11601,0.22148999999999999,0.41825000000000001
953.36908000000005,0.0094500000000000001,0.01197,0.0095600000000000008,0.02086,0.054239999999999997,0.12132999999999999,0.22241,0.41854999999999998
953.61247000000003,0.0055799999999999999,0.012319999999999999,0.01227,0.018409999999999999,0.050119999999999998,0.11687,0.21809000000000001,0.42544999999999999
953.85583999999994,0.0083800000000000003,0.0096699999999999998,0.01375,0.016899999999999998,0.050029999999999998,0.11584999999999999,0.22226000000000001,0.42751
954.09920999999997,0.00564,0.01022,0.016060000000000001,0.015879999999999998,0.0487,0.11488,0.22234000000000001,0.42813000000000001
954.34257000000002,0.0055799999999999999,0.010330000000000001,0.0098600000000000007,0.018499999999999999,0.043569999999999998,0.11218,0.21940000000000001,0.42004000000000002
954.58591999999999,0.0094299999999999991,0.0088100000000000001,0.0060200000000000002,0.022239999999999999,0.045289999999999997,0.1154,0.22639000000000001,0.41637000000000002
954.82925,0.01487,0.0099000000000000008,0.013299999999999999,0.01797,0.049689999999999998,0.11749999999999999,0.21597,0.41692000000000001
955.07258000000002,0.01052,0.0048799999999999998,0.012370000000000001,0.0207,0.049369999999999997,0.11667,0.21318999999999999,0.40649000000000002
955.31588999999997,0.01694,0.0033700000000000002,0.01345,0.018839999999999999,0.050790000000000002,0.11491999999999999,0.21603,0.41491
955.55920000000003,0.018589999999999999,0.00282,0.0091199999999999996,0.016389999999999998,0.050889999999999998,0.11254,0.22167000000000001,0.42010999999999998
955.80250000000001,0.0167,0.000183,0.0065199999999999998,0.017389999999999999,0.047140000000000001,0.11658,0.21557999999999999,0.42307
956.04579000000001,0.01405,0.00046000000000000001,0.011010000000000001,0.0093799999999999994,0.050849999999999999,0.11952,0.21335000000000001,0.42002
956.28905999999995,0.01366,0.0042300000000000003,0.01321,0.010659999999999999,0.046929999999999999,0.11806,0.21798999999999999,0.41277000000000003
956.53233,0.010580000000000001,0.00076000000000000004,0.017899999999999999,0.01342,0.04743,0.11459,0.21493999999999999,0.41425000000000001
956.77557999999999,0.01294,-0.00056800000000000004,0.011440000000000001,0.01668,0.049230000000000003,0.11036,0.21226999999999999,0.41425000000000001
957.01882999999998,0.00762,-0.0027399999999999998,0.0085000000000000006,0.017510000000000001,0.047789999999999999,0.11107,0.22040999999999999,0.41149999999999998
957.26206999999999,0.0086400000000000001,0.0020300000000000001,0.016199999999999999,0.014319999999999999,0.047899999999999998,0.10961,0.21643999999999999,0.41277000000000003
957.50528999999995,0.0091999999999999998,0.00069399999999999996,0.0094199999999999996,0.011979999999999999,0.044859999999999997,0.10931,0.21822,0.40576000000000001
957.74851000000001,0.0026900000000000001,0.0038800000000000002,0.0090299999999999998,0.0098799999999999999,0.04573,0.11346000000000001,0.21953,0.41724
957.99171999999999,0.00089400000000000005,0.0051599999999999997,0.011169999999999999,0.013299999999999999,0.046640000000000001,0.11587,0.22047,0.41543000000000002
958.23491000000001,0.000126,0.0001,0.01022,0.01434,0.046989999999999997,0.12336999999999999,0.21210000000000001,0.40290999999999999
958.47810000000004,0.00579,0.0040200000000000001,0.010290000000000001,0.01485,0.05008,0.11715,0.21201999999999999,0.41148000000000001
958.72127,0.0095399999999999999,0.0049699999999999996,0.013639999999999999,0.016420000000000001,0.05083,0.11278000000000001,0.21587999999999999,0.41463
958.96443999999997,0.014540000000000001,0.0048500000000000001,0.0146,0.02137,0.048820000000000002,0.11952,0.21049000000000001,0.41805999999999999
959.20758999999998,0.0062899999999999996,0.00992,0.0097199999999999995,0.022089999999999999,0.047809999999999998,0.11373,0.22184999999999999,0.42179
959.45074,0.00464,0.013140000000000001,0.0084499999999999992,0.013599999999999999,0.046109999999999998,0.1162,0.21473999999999999,0.41860999999999998
959.69386999999995,0.0061700000000000001,0.016570000000000001,0.0077299999999999999,0.017129999999999999,0.04691,0.11523,0.21346999999999999,0.40928999999999999
959.93700000000001,0.0024399999999999999,0.016969999999999999,0.0060099999999999997,0.016379999999999999,0.049279999999999997,0.11477999999999999,0.21672,0.40981000000000001
960.18011000000001,0.0058700000000000002,0.0093100000000000006,0.0099100000000000004,0.01413,0.048759999999999998,0.11286,0.21163000000000001,0.40934999999999999
960.42322000000001,0.0038999999999999998,0.01277,0.0115,0.015339999999999999,0.047989999999999998,0.11204,0.21251,0.41289999999999999
960.66630999999995,0.0079299999999999995,0.014,0.018100000000000002,0.01354,0.047960000000000003,0.10535,0.21396000000000001,0.41710999999999998
960.90940000000001,0.010319999999999999,0.0112,0.0137,0.017760000000000001,0.050130000000000001,0.10865,0.21073,0.41138000000000002
961.15246999999999,0.0095999999999999992,0.015270000000000001,0.01159,0.0137,0.051799999999999999,0.11465,0.20529,0.40610000000000002
961.39553999999998,0.0028900000000000002,0.01983,0.01274,0.01281,0.04938,0.11466999999999999,0.21157999999999999,0.40673999999999999
961.63859000000002,0.0031800000000000001,0.01932,0.01155,0.014930000000000001,0.048329999999999998,0.11569,0.20866999999999999,0.40889999999999999
961.88163999999995,-0.00189,0.023519999999999999,0.0095499999999999995,0.01523,0.047410000000000001,0.11377,0.21117,0.40960999999999997
962.12467000000004,-0.00349,0.02138,0.013440000000000001,0.01504,0.045670000000000002,0.10846,0.21457000000000001,0.41458
962.36769000000004,0.0040200000000000001,0.02298,0.01103,0.018679999999999999,0.044490000000000002,0.10897,0.21440999999999999,0.40644000000000002
962.61071000000004,0.01189,0.01772,0.01076,0.018329999999999999,0.047350000000000003,0.11206000000000001,0.21077000000000001,0.40995999999999999
962.85370999999998,-0.0018600000000000001,0.021559999999999999,0.0117,0.01576,0.048379999999999999,0.11280999999999999,0.21093000000000001,0.40838000000000002
963.09671000000003,-0.0036099999999999999,0.024309999999999998,0.00777,0.018890000000000001,0.046829999999999997,0.11765,0.20354,0.40499000000000002
963.33969000000002,0.0067000000000000002,0.021139999999999999,0.0049899999999999996,0.01804,0.04777,0.11201999999999999,0.20863999999999999,0.41109000000000001
963.58266000000003,0.0033500000000000001,0.01814,0.0073099999999999997,0.011950000000000001,0.046030000000000001,0.11233,0.21157000000000001,0.41465999999999997
963.82563000000005,0.0040099999999999997,0.02307,0.0071799999999999998,0.01129,0.042509999999999999,0.10928,0.20660000000000001,0.41178999999999999
964.06858,0.012789999999999999,0.020500000000000001,0.01128,0.015689999999999999,0.040960000000000003,0.10758,0.21221999999999999,0.41313
964.31151999999997,0.01129,0.015630000000000002,0.01217,0.01259,0.042709999999999998,0.10482,0.21093999999999999,0.40795999999999999
964.55444999999997,0.01128,0.01259,0.010160000000000001,0.013820000000000001,0.044940000000000001,0.10467,0.21498999999999999,0.40505999999999998
964.79737999999998,-0.00042000000000000002,0.01372,0.0099900000000000006,0.014789999999999999,0.042259999999999999,0.11488,0.21143999999999999,0.41461999999999999
965.04029000000003,0.0031800000000000001,0.017569999999999999,0.011350000000000001,0.011900000000000001,0.046300000000000001,0.11466,0.20868,0.41399000000000002
965.28318999999999,0.0048700000000000002,0.019220000000000001,0.00992,0.017399999999999999,0.046589999999999999,0.1139,0.20574000000000001,0.41288000000000002
965.52608999999995,0.0049800000000000001,0.021909999999999999,0.0093799999999999994,0.020060000000000001,0.045170000000000002,0.10677,0.21145,0.40194999999999997
965.76896999999997,0.01311,0.023810000000000001,0.0078600000000000007,0.01634,0.04453,0.1062,0.20732,0.40265000000000001
966.01184000000001,0.013639999999999999,0.019900000000000001,0.0083499999999999998,0.016369999999999999,0.04632,0.11237999999999999,0.20943999999999999,0.40255999999999997
966.25469999999996,0.01393,0.014789999999999999,0.011679999999999999,0.017579999999999998,0.04795,0.11310000000000001,0.20407,0.40679999999999999
966.49756000000002,0.0050000000000000001,0.01524,0.011979999999999999,0.01436,0.04018,0.11344,0.20732999999999999,0.40828999999999999
966.74040000000002,0.0057299999999999999,0.01653,0.0085500000000000003,0.012279999999999999,0.045969999999999997,0.11085,0.21856999999999999,0.40065000000000001
966.98323000000005,0.01091,0.01447,0.0079299999999999995,0.01529,0.047210000000000002,0.11183999999999999,0.21009,0.40655999999999998
967.22604999999999,0.00069700000000000003,0.0097400000000000004,0.010970000000000001,0.01932,0.047969999999999999,0.11040999999999999,0.20935000000000001,0.40481
967.46885999999995,0.0011199999999999999,0.0081700000000000002,0.0044299999999999999,0.014370000000000001,0.047719999999999999,0.10256,0.20427000000000001,0.41332999999999998
967.71166000000005,0.0058700000000000002,0.0093500000000000007,0.010829999999999999,0.01155,0.04283,0.10609,0.20061000000000001,0.40326000000000001
967.95446000000004,0.012,0.0085199999999999998,0.01107,0.01336,0.042349999999999999,0.10511,0.20419000000000001,0.40028999999999998
968.19723999999997,0.0087200000000000003,0.015709999999999998,0.010840000000000001,0.01068,0.045220000000000003,0.11233,0.20277999999999999,0.39702999999999999
968.44001000000003,0.00058200000000000005,0.0132,0.01188,0.00958,0.043790000000000003,0.11164,0.1978,0.40273999999999999
968.68277,0.00613,0.01023,0.01278,0.0094400000000000005,0.045100000000000001,0.10889,0.20768,0.41382000000000002
968.92552000000001,-0.00085800000000000004,0.017590000000000001,0.01115,0.013769999999999999,0.043720000000000002,0.1094,0.21051,0.40442
969.16826000000003,0.0016000000000000001,0.019009999999999999,0.0095700000000000004,0.01363,0.045940000000000002,0.10897,0.20938999999999999,0.40364
969.41098999999997,0.0044299999999999999,0.020369999999999999,0.0114,0.01469,0.051130000000000002,0.11222,0.21006,0.41094999999999998
969.65371000000005,0.00809,0.019810000000000001,0.01374,0.01847,0.047739999999999998,0.10956,0.21054,0.41049000000000002
969.89642000000003,0.0018500000000000001,0.016230000000000001,0.013469999999999999,0.013350000000000001,0.045150000000000003,0.11147,0.19974,0.40772999999999998
970.13912000000005,0.00077800000000000005,0.0092499999999999995,0.011730000000000001,0.01059,0.044609999999999997,0.11443,0.19928000000000001,0.40550999999999998
970.38180999999997,0.0032499999999999999,0.010829999999999999,0.011050000000000001,0.0183,0.042169999999999999,0.11051999999999999,0.20194000000000001,0.39966000000000002
970.62449000000004,0.0063499999999999997,0.015389999999999999,0.0083899999999999999,0.021590000000000002,0.04104,0.10696,0.20324,0.40594000000000002
970.86716000000001,0.0068199999999999997,0.01507,0.0097199999999999995,0.0147,0.036659999999999998,0.11078,0.20599000000000001,0.41420000000000001
971.10982000000001,0.00062200000000000005,0.01142,0.0095700000000000004,0.017479999999999999,0.04138,0.11308,0.19977,0.41846
971.35247000000004,0.0060400000000000002,0.0085199999999999998,0.010540000000000001,0.017049999999999999,0.043470000000000002,0.11364,0.20079,0.40816999999999998
971.59510999999998,0.0089499999999999996,0.011900000000000001,0.0052700000000000004,0.01172,0.041919999999999999,0.11302,0.20998,0.41343000000000002
971.83774000000005,0.00031399999999999999,0.01027,0.0061700000000000001,0.013390000000000001,0.044760000000000001,0.11167000000000001,0.20779,0.40601999999999999
972.08036000000004,0.0078799999999999999,0.00611,0.01372,0.018599999999999998,0.042320000000000003,0.11261,0.19947000000000001,0.40561000000000003
972.32297000000005,0.0047000000000000002,0.0098300000000000002,0.0149,0.015740000000000001,0.040930000000000001,0.11011,0.20388999999999999,0.40092
972.56556,0.0041000000000000003,0.01609,0.011679999999999999,0.012749999999999999,0.041739999999999999,0.10988000000000001,0.20757999999999999,0.40150000000000002
972.80814999999996,0.00031599999999999998,0.023199999999999998,0.014069999999999999,0.01077,0.042020000000000002,0.10718,0.20244000000000001,0.40398000000000001
973.05073000000004,0.0083099999999999997,0.021069999999999998,0.00941,0.01359,0.047730000000000002,0.10845,0.20288,0.39667000000000002
973.29330000000004,-0.00189,0.01745,0.011939999999999999,0.0062300000000000003,0.050909999999999997,0.10711,0.20368,0.38957000000000003
973.53585999999996,0.000321,0.018710000000000001,0.015769999999999999,0.0042500000000000003,0.04931,0.10593,0.20412,0.39510000000000001
973.77841000000001,-0.0011100000000000001,0.021350000000000001,0.0099699999999999997,0.01515,0.047550000000000002,0.11283,0.20774999999999999,0.40317999999999998
974.02094,-0.00047399999999999997,0.016049999999999998,0.0047600000000000003,0.021250000000000002,0.049029999999999997,0.10936999999999999,0.20566000000000001,0.40094000000000002
974.26346999999998,0.0023500000000000001,0.010290000000000001,0.0057400000000000003,0.01754,0.046280000000000002,0.10861999999999999,0.20843,0.40955999999999998
974.50599,0.0043899999999999998,0.016410000000000001,0.01111,0.018790000000000001,0.04743,0.10634,0.19971,0.41281000000000001
974.74850000000004,0.00679,0.019640000000000001,0.01089,0.011169999999999999,0.048099999999999997,0.10561,0.19878000000000001,0.40148
974.99099000000001,0.0075599999999999999,0.023009999999999999,0.01157,0.017309999999999999,0.04795,0.10712000000000001,0.20757,0.39745999999999998
975.23347999999999,0.0071500000000000001,0.021180000000000001,0.0079000000000000008,0.016549999999999999,0.041549999999999997,0.10362,0.19989999999999999,0.39867999999999998
975.47595999999999,0.0097999999999999997,0.02112,0.010370000000000001,0.015089999999999999,0.045600000000000002,0.10402,0.20555000000000001,0.39311000000000001
975.71842000000004,0.01108,0.01754,0.01295,0.016619999999999999,0.043679999999999997,0.10287,0.20612,0.40275
975.96087999999997,0.016199999999999999,0.020719999999999999,0.01217,0.01349,0.039010000000000003,0.10435,0.19894999999999999,0.39755000000000001
976.20333000000005,0.010240000000000001,0.020389999999999998,0.0075100000000000002,0.016379999999999999,0.0378,0.10654,0.19131999999999999,0.39640999999999998
976.44575999999995,0.00016200000000000001,0.017059999999999999,0.01107,0.016150000000000001,0.040660000000000002,0.1045,0.20465,0.39606999999999998
976.68818999999996,0.0053600000000000002,0.015339999999999999,0.0076899999999999998,0.011679999999999999,0.044639999999999999,0.10826,0.20574000000000001,0.40055000000000002
976.93061,0.015939999999999999,0.015820000000000001,0.0079299999999999995,0.016369999999999999,0.042590000000000003,0.10272000000000001,0.19885,0.39377000000000001
977.17300999999998,0.01342,0.013780000000000001,0.011429999999999999,0.015980000000000001,0.039579999999999997,0.10444000000000001,0.19914000000000001,0.39911000000000002
977.41540999999995,0.0078399999999999997,0.01806,0.01158,0.01355,0.043880000000000002,0.10646,0.20316999999999999,0.39659
977.65778999999998,0.010240000000000001,0.01738,0.0091699999999999993,0.01189,0.045170000000000002,0.10549,0.20129,0.39293
977.90017,0.0054900000000000001,0.017979999999999999,0.01248,0.01323,0.045069999999999999,0.10451000000000001,0.19979,0.39026
978.14252999999997,0.01064,0.010959999999999999,0.011339999999999999,0.015310000000000001,0.044990000000000002,0.10637000000000001,0.19491,0.39330999999999999
978.38489000000004,0.0043,0.011039999999999999,0.0049199999999999999,0.0094800000000000006,0.043229999999999998,0.10191,0.19447,0.40205000000000002
978.62723000000005,0.0043,0.012489999999999999,0.0099500000000000005,0.013429999999999999,0.043209999999999998,0.1082,0.19228999999999999,0.39290000000000003
978.86956999999995,0.0041200000000000004,0.01504,0.011039999999999999,0.01389,0.046010000000000002,0.10656,0.19272,0.38885999999999998
979.11189000000002,0.0036800000000000001,0.0089599999999999992,0.00579,0.01315,0.049529999999999998,0.10469000000000001,0.19874,0.39656000000000002
979.35420999999997,0.012630000000000001,0.0096500000000000006,0.0084700000000000001,0.017010000000000001,0.041820000000000003,0.10451000000000001,0.19713,0.39207999999999998
979.59650999999997,0.0039100000000000003,0.019199999999999998,0.016830000000000001,0.018970000000000001,0.040009999999999997,0.11132,0.19309000000000001,0.39429999999999998
979.83879999999999,0.0053099999999999996,0.01567,0.011039999999999999,0.016320000000000001,0.042999999999999997,0.10410999999999999,0.19361,0.40379999999999999
980.08109000000002,0.01025,0.016459999999999999,0.00147,0.013849999999999999,0.044630000000000003,0.10156999999999999,0.20044999999999999,0.39308999999999999
980.32335999999998,0.0098499999999999994,0.02061,0.0093900000000000008,0.014619999999999999,0.04734,0.10176,0.19964000000000001,0.39301000000000003
980.56563000000006,0.0097400000000000004,0.018010000000000002,0.0088299999999999993,0.016279999999999999,0.045440000000000001,0.10284,0.20843999999999999,0.40079999999999999
980.80787999999995,0.00035100000000000002,0.01159,-0.00092900000000000003,0.014250000000000001,0.04437,0.10627,0.20194999999999999,0.39479999999999998
981.05011999999999,0.0060699999999999999,0.0144,0.0032699999999999999,0.01391,0.046559999999999997,0.099400000000000002,0.19794999999999999,0.38973000000000002
981.29236000000003,0.0086999999999999994,0.01559,0.01057,0.016150000000000001,0.048419999999999998,0.098369999999999999,0.18998999999999999,0.38774999999999998
981.53458000000001,0.0030400000000000002,0.014409999999999999,0.01197,0.01281,0.043389999999999998,0.10037,0.19545999999999999,0.38235000000000002
981.77679000000001,0.0094999999999999998,0.01567,0.010160000000000001,0.014489999999999999,0.038960000000000002,0.10679,0.19608,0.39899000000000001
982.01899000000003,0.0092499999999999995,0.011990000000000001,0.013899999999999999,0.01095,0.044830000000000002,0.10564,0.19955000000000001,0.39373000000000002
982.26119000000006,-0.0016900000000000001,0.01375,0.013769999999999999,0.00877,0.046359999999999998,0.10253,0.19928000000000001,0.38377
982.50337000000002,0.00056400000000000005,0.01257,0.0098799999999999999,0.015900000000000001,0.041160000000000002,0.10227,0.19381999999999999,0.39794000000000002
982.74554000000001,-0.00075799999999999999,0.01567,0.0092399999999999999,0.017729999999999999,0.037609999999999998,0.10228,0.19744,0.40166000000000002
982.98770000000002,0.0083999999999999995,0.012,0.01061,0.013440000000000001,0.042950000000000002,0.1019,0.19298000000000001,0.40290999999999999
983.22985000000006,0.00363,0.010070000000000001,0.00941,0.0112,0.037359999999999997,0.099089999999999998,0.19692000000000001,0.4027
983.47199000000001,0.00596,0.0048700000000000002,0.00826,0.01268,0.03671,0.10037,0.20454,0.39301000000000003
983.71412999999995,0.01302,0.01004,0.0073099999999999997,0.01321,0.045519999999999998,0.097710000000000005,0.19636000000000001,0.38030999999999998
983.95624999999995,0.0048799999999999998,0.0080800000000000004,0.00726,0.01091,0.044040000000000003,0.097739999999999994,0.19883999999999999,0.38391999999999998
984.19835999999998,-0.00139,0.016129999999999999,0.0076099999999999996,0.01225,0.045589999999999999,0.090730000000000005,0.19331000000000001,0.39662999999999998
984.44046000000003,0.0033800000000000002,0.020879999999999999,0.0020899999999999998,0.017260000000000001,0.043069999999999997,0.10008,0.19531999999999999,0.39734999999999998
984.68254999999999,0.00316,0.01821,0.0049100000000000003,0.01473,0.040230000000000002,0.10872,0.19084000000000001,0.39800000000000002
984.92462999999998,0.0028,0.019709999999999998,0.01274,0.01115,0.039910000000000001,0.1022,0.1928,0.38679999999999998
985.16669999999999,0.0016000000000000001,0.014409999999999999,0.0061700000000000001,0.013809999999999999,0.042799999999999998,0.10074,0.19489999999999999,0.39932000000000001
985.40876000000003,-0.0022100000000000002,0.01668,0.0088000000000000005,0.0087899999999999992,0.042259999999999999,0.10528,0.19661000000000001,0.39739000000000002
985.65080999999998,-0.0093900000000000008,0.014420000000000001,0.0062100000000000002,0.0083300000000000006,0.038539999999999998,0.1048,0.19853999999999999,0.39306999999999997
985.89284999999995,-0.0031099999999999999,0.01384,0.01172,0.010489999999999999,0.041489999999999999,0.10015,0.19514000000000001,0.39272000000000001
986.13487999999995,0.0094000000000000004,0.0143,0.0096799999999999994,0.01265,0.042970000000000001,0.098379999999999995,0.20232,0.39141999999999999
986.37689999999998,0.0018400000000000001,0.01652,0.0065500000000000003,0.0098300000000000002,0.042810000000000001,0.098610000000000003,0.20083999999999999,0.39132
986.61891000000003,0.0045100000000000001,0.022329999999999999,0.0038500000000000001,0.01039,0.050009999999999999,0.099250000000000005,0.20086000000000001,0.39494000000000001
986.86090999999999,0.0088800000000000007,0.01874,0.01078,0.01183,0.047,0.099299999999999999,0.19153999999999999,0.40781000000000001
987.10289,0.0059199999999999999,0.019210000000000001,0.0055999999999999999,0.01704,0.046510000000000003,0.099610000000000004,0.19095999999999999,0.39365
987.34487000000001,0.012409999999999999,0.01503,0.0063400000000000001,0.01585,0.044470000000000003,0.10611,0.19631000000000001,0.38947999999999999
987.58684000000005,-0.0043800000000000002,0.013129999999999999,0.01367,0.017319999999999999,0.045749999999999999,0.10299999999999999,0.19547999999999999,0.38597999999999999
987.8288,-0.0083000000000000001,0.024729999999999999,0.01485,0.014109999999999999,0.043659999999999997,0.10546999999999999,0.18812000000000001,0.38974999999999999
988.07074999999998,-0.0087399999999999995,0.02495,0.01512,0.01401,0.044830000000000002,0.099129999999999996,0.18912999999999999,0.39750000000000002
988.31268,-0.01294,0.02648,0.01042,0.01353,0.043700000000000003,0.099239999999999995,0.20391000000000001,0.38571
988.55461000000003,0.0015,0.023120000000000002,0.01443,0.015259999999999999,0.04367,0.094799999999999995,0.2021,0.39698
988.79652999999996,0.00314,0.02035,0.013440000000000001,0.0167,0.04614,0.095350000000000004,0.19184000000000001,0.40251999999999999
989.03844000000004,-0.0038400000000000001,0.022270000000000002,0.0076400000000000001,0.021950000000000001,0.046929999999999999,0.10593,0.18842,0.39129999999999998
989.28033000000005,-0.0134,0.01866,0.0067499999999999999,0.019359999999999999,0.047710000000000002,0.10211000000000001,0.18781999999999999,0.39513999999999999
989.52221999999995,-0.01238,0.017479999999999999,0.0046800000000000001,0.01685,0.046890000000000001,0.098470000000000002,0.18518000000000001,0.40087
989.76409999999998,-0.0097900000000000001,0.011950000000000001,0.0058399999999999997,0.0075700000000000003,0.041090000000000002,0.10537000000000001,0.19475999999999999,0.40016000000000002
990.00595999999996,-0.020400000000000001,0.014420000000000001,0.013310000000000001,0.00762,0.038539999999999998,0.10579,0.19031999999999999,0.38815
990.24782000000005,-0.0084600000000000005,0.019949999999999999,0.015570000000000001,0.013650000000000001,0.03875,0.098540000000000003,0.18362999999999999,0.39161000000000001
990.48965999999996,-0.0027299999999999998,0.021870000000000001,0.01106,0.02504,0.04129,0.1028,0.19242999999999999,0.39337
990.73149999999998,-0.01155,0.019709999999999998,0.01299,0.023300000000000001,0.038710000000000001,0.10126,0.19692000000000001,0.39721000000000001
990.97333000000003,-0.010149999999999999,0.01312,0.01515,0.018540000000000001,0.03832,0.099570000000000006,0.19733999999999999,0.39712999999999998
991.21514000000002,-0.019990000000000001,0.01367,0.01465,0.01214,0.0533,0.097879999999999995,0.20161000000000001,0.39649000000000001
991.45695000000001,-0.018950000000000002,0.0096399999999999993,0.010019999999999999,0.01806,0.04301,0.092710000000000001,0.19245000000000001,0.3947
991.69874000000004,-0.0076400000000000001,0.0092300000000000004,0.0044600000000000004,0.01702,0.042520000000000002,0.099180000000000004,0.20415,0.38200000000000001
991.94051999999999,-0.0028700000000000002,0.011390000000000001,0.0038,0.011820000000000001,0.042779999999999999,0.10403999999999999,0.20673,0.38569999999999999
992.18230000000005,-0.01091,0.01157,0.0041999999999999997,0.0172,0.040009999999999997,0.10095,0.20263,0.40214
992.42406000000005,-0.013129999999999999,0.013169999999999999,0.0084399999999999996,0.011379999999999999,0.039120000000000002,0.10205,0.19400999999999999,0.39330999999999999
992.66582000000005,-0.0085599999999999999,0.013299999999999999,0.00762,0.015890000000000001,0.034680000000000002,0.10405,0.19170000000000001,0.38968000000000003
992.90755999999999,-0.0104,0.0052700000000000004,0.0065599999999999999,0.01677,0.037629999999999997,0.098729999999999998,0.20224,0.39330999999999999
993.14930000000004,-0.0073299999999999997,0.0067999999999999996,0.0073899999999999999,0.01515,0.043249999999999997,0.10748000000000001,0.19409999999999999,0.39365
993.39102000000003,0.00024000000000000001,0.0017899999999999999,0.0076899999999999998,0.01358,0.040669999999999998,0.10353,0.19978000000000001,0.39576
993.63273000000004,-0.00048299999999999998,-3.6699999999999998e-05,0.0094800000000000006,0.0095200000000000007,0.050439999999999999,0.099690000000000001,0.19533,0.39245000000000002
993.87442999999996,-0.0046100000000000004,-0.0069800000000000001,0.01108,0.01461,0.039100000000000003,0.093759999999999996,0.19708999999999999,0.38588
994.11613,-0.0020999999999999999,-0.0057299999999999999,0.00843,0.013809999999999999,0.034439999999999998,0.09282,0.19424,0.39095000000000002
994.35780999999997,-0.0021199999999999999,0.0016900000000000001,0.01256,0.01485,0.03737,0.099739999999999995,0.19763,0.40088000000000001
994.59947999999997,-0.00191,0.0055100000000000001,0.014710000000000001,0.0037399999999999998,0.034790000000000001,0.10045999999999999,0.19151000000000001,0.37963000000000002
994.84114,0.0077000000000000002,0.0068999999999999999,0.01091,0.01119,0.039149999999999997,0.091999999999999998,0.19535,0.38397999999999999
995.08280000000002,0.0077999999999999996,0.00248,0.0093600000000000003,0.015610000000000001,0.038359999999999998,0.095439999999999997,0.19941999999999999,0.39252999999999999
995.32443999999998,-0.0024499999999999999,0.00090200000000000002,0.0058700000000000002,0.012749999999999999,0.034720000000000001,0.095909999999999995,0.18712000000000001,0.38984999999999997
995.56606999999997,-0.00049100000000000001,-0.0082799999999999992,0.0048500000000000001,0.0080400000000000003,0.041399999999999999,0.099839999999999998,0.19128999999999999,0.37690000000000001
995.80768999999998,-0.00124,-0.0045399999999999998,0.0044099999999999999,0.01528,0.044740000000000002,0.095229999999999995,0.18865000000000001,0.39156999999999997
996.04930000000002,-0.0078499999999999993,-0.0068300000000000001,0.0061599999999999997,0.01736,0.034040000000000001,0.097259999999999999,0.18163000000000001,0.39528999999999997
996.29089999999997,-0.00462,-0.0083800000000000003,0.01345,0.024639999999999999,0.038760000000000003,0.10312,0.18299000000000001,0.38521
996.53249000000005,-0.0017099999999999999,-0.00447,0.02102,0.01822,0.039100000000000003,0.10562000000000001,0.18017,0.38925999999999999
996.77407000000005,0.0064700000000000001,-0.0046600000000000001,0.014189999999999999,0.011299999999999999,0.044040000000000003,0.10403999999999999,0.19164,0.38046999999999997
997.01563999999996,-0.00175,-0.0027899999999999999,0.010919999999999999,0.0189,0.049630000000000001,0.097430000000000003,0.19233,0.37078
997.25720000000001,-0.0055999999999999999,0.0020600000000000002,0.0099299999999999996,0.013849999999999999,0.045999999999999999,0.099510000000000001,0.19225999999999999,0.36917
997.49874999999997,0.0082000000000000007,0.0010200000000000001,0.00364,0.01142,0.045609999999999998,0.094600000000000004,0.19639999999999999,0.37017
997.74028999999996,0.0086300000000000005,0.00116,0.0031199999999999999,0.011259999999999999,0.034779999999999998,0.10166,0.18304999999999999,0.37519999999999998
997.98181999999997,0.01059,0.0059300000000000004,0.0044600000000000004,0.0080599999999999995,0.03635,0.10807,0.18969,0.37014000000000002
998.22334000000001,0.0088599999999999998,0.0078200000000000006,0.01108,0.0103,0.036319999999999998,0.10546999999999999,0.19122,0.37578
998.46484999999996,-0.0045100000000000001,0.0028300000000000001,0.0088000000000000005,0.01093,0.037490000000000002,0.10598,0.18878,0.37196000000000001
998.70635000000004,-0.00496,0.00078299999999999995,0.01102,0.0087200000000000003,0.046309999999999997,0.099629999999999996,0.18295,0.38562999999999997
998.94784000000004,-0.00175,0.00096900000000000003,0.0096900000000000007,0.01372,0.046019999999999998,0.097409999999999997,0.17477000000000001,0.38403999999999999
999.18930999999998,-0.00076400000000000003,0.0072399999999999999,0.00743,0.019779999999999999,0.033610000000000001,0.10047,0.17916000000000001,0.38718000000000002
999.43078000000003,-0.00958,0.0049899999999999996,0.0076899999999999998,0.026960000000000001,0.034450000000000001,0.10352,0.18237,0.38163000000000002
999.67223999999999,0.0017799999999999999,-0.000513,0.0090299999999999998,0.016240000000000001,0.040980000000000003,0.098629999999999995,0.18840999999999999,0.38582
999.91368999999997,-0.0051399999999999996,-0.00057600000000000001,0.012070000000000001,0.014489999999999999,0.037569999999999999,0.10131999999999999,0.17601,0.39432
1000.15512,-0.0010499999999999999,-0.0032799999999999999,0.01345,0.0052100000000000002,0.039010000000000003,0.099680000000000005,0.18135000000000001,0.38500000000000001
1000.39655,-0.0097599999999999996,-0.0084100000000000008,0.0161,0.01223,0.052600000000000001,0.097049999999999997,0.19388,0.38369999999999999
1000.63797,-0.0012999999999999999,-0.011599999999999999,0.0093900000000000008,0.011469999999999999,0.041320000000000003,0.10199,0.18484,0.38847999999999999
1000.87937,0.0086899999999999998,-0.0012800000000000001,0.0068399999999999997,0.0144,0.038449999999999998,0.089690000000000006,0.17995,0.38168000000000002
1001.12077,0.0090699999999999999,0.0098899999999999995,0.0091000000000000004,0.0089599999999999992,0.038629999999999998,0.095229999999999995,0.18032000000000001,0.38590999999999998
1001.36216,-0.0013500000000000001,0.0038500000000000001,0.0038400000000000001,0.0095899999999999996,0.039969999999999999,0.098110000000000003,0.18118000000000001,0.37847999999999998
1001.60353,-0.0037299999999999998,0.0047299999999999998,0.0018,0.018440000000000002,0.039870000000000003,0.10652,0.18629000000000001,0.38791999999999999
1001.8449000000001,0.0042599999999999999,0.01031,0.0040800000000000003,0.0224,0.040559999999999999,0.10457,0.18557999999999999,0.38290999999999997
1002.0862499999999,-0.0016299999999999999,0.0074999999999999997,0.0089200000000000008,0.015859999999999999,0.041119999999999997,0.10068000000000001,0.19145000000000001,0.37957999999999997
1002.3276,-0.00054000000000000001,0.0097199999999999995,0.01231,0.01183,0.037690000000000001,0.0998,0.18153,0.36993999999999999
1002.56893,0.0048700000000000002,0.01021,0.013100000000000001,0.0062500000000000003,0.042689999999999999,0.095299999999999996,0.18182000000000001,0.37712000000000001
1002.81026,0.0064400000000000004,0.0041799999999999997,0.0068799999999999998,0.016279999999999999,0.040050000000000002,0.091749999999999998,0.18461,0.38690999999999998
1003.05157,0.00133,0.0011000000000000001,0.0068399999999999997,0.017319999999999999,0.041119999999999997,0.097089999999999996,0.18423999999999999,0.38697999999999999
1003.29287,0.01107,0.00413,0.0050899999999999999,0.01593,0.043220000000000001,0.097199999999999995,0.19564000000000001,0.37839
1003.53417,0.01166,0.00382,0.0067499999999999999,0.01384,0.044019999999999997,0.10419,0.18417,0.38451000000000002
1003.77545,0.01678,0.01108,0.0083099999999999997,0.017659999999999999,0.037990000000000003,0.10237,0.17433000000000001,0.37602000000000002
1004.01672,0.023480000000000001,0.0037699999999999999,0.0075199999999999998,0.0080400000000000003,0.049430000000000002,0.094539999999999999,0.18071999999999999,0.37936999999999999
1004.2579899999999,0.01255,-0.000126,0.01495,0.014460000000000001,0.053539999999999997,0.093460000000000001,0.18808,0.38433
1004.49924,0.0054400000000000004,0.0043,0.00059400000000000002,0.0030999999999999999,0.050700000000000002,0.094060000000000005,0.18471000000000001,0.37585000000000002
1004.74048,0.00141,0.0083000000000000001,0.0068599999999999998,0.0062500000000000003,0.045359999999999998,0.096610000000000001,0.19536000000000001,0.36641000000000001
1004.98171,-0.0064200000000000004,0.01191,0.0098899999999999995,0.011520000000000001,0.03381,0.096500000000000002,0.18651999999999999,0.37570999999999999
1005.22294,-0.0047600000000000003,0.013729999999999999,0.0075900000000000004,0.01736,0.035189999999999999,0.092899999999999996,0.18278,0.38151000000000002
1005.46415,0.0022799999999999999,0.01388,0.0058999999999999999,0.016109999999999999,0.029319999999999999,0.088169999999999998,0.17599999999999999,0.36853999999999998
1005.70535,0.00085700000000000001,0.012319999999999999,0.0038800000000000002,0.019720000000000001,0.036949999999999997,0.093890000000000001,0.17924999999999999,0.36775000000000002
1005.94654,0.0045300000000000002,0.0152,0.0071900000000000002,0.0144,0.043929999999999997,0.088160000000000002,0.17660999999999999,0.376
1006.18772,0.00175,0.012290000000000001,0.0096100000000000005,0.01379,0.042700000000000002,0.096290000000000001,0.1822,0.38446000000000002
1006.42889,-0.0070200000000000002,0.01498,0.01123,0.01546,0.04104,0.09597,0.18382000000000001,0.37352999999999997
1006.6700499999999,0.0027000000000000001,0.011769999999999999,0.01065,0.01652,0.04351,0.089319999999999997,0.1857,0.37179000000000001
1006.9112,-0.0085199999999999998,0.0058599999999999998,0.012699999999999999,0.012789999999999999,0.048370000000000003,0.083349999999999994,0.18382000000000001,0.36427999999999999
1007.15234,-0.00123,-0.00314,0.0058500000000000002,0.013849999999999999,0.050340000000000003,0.089609999999999995,0.16814000000000001,0.37034
1007.39347,-0.00030600000000000001,0.0071599999999999997,0.020410000000000001,0.02145,0.040309999999999999,0.090550000000000005,0.17385,0.37264999999999998
1007.63459,-0.012160000000000001,0.0090900000000000009,0.02359,0.0099799999999999993,0.035920000000000001,0.09103,0.17132,0.37228
1007.8757000000001,0.0015399999999999999,0.010670000000000001,0.0083599999999999994,0.0056600000000000001,0.034709999999999998,0.09715,0.18751000000000001,0.38177
1008.1168,0.0026700000000000001,0.012489999999999999,0.01111,0.014999999999999999,0.04095,0.093469999999999998,0.18643999999999999,0.37811
1008.35789,-0.014500000000000001,0.01204,0.01502,0.015610000000000001,0.04641,0.089620000000000005,0.19511000000000001,0.37425999999999998
1008.59897,-0.0069899999999999997,0.01261,0.016250000000000001,0.014120000000000001,0.040189999999999997,0.10896,0.18396000000000001,0.37276999999999999
1008.84003,0.0062399999999999999,0.00089099999999999997,0.012789999999999999,0.0067000000000000002,0.034119999999999998,0.094469999999999998,0.17413000000000001,0.35570000000000002
1009.08109,-0.0083700000000000007,0.0053299999999999997,0.01487,0.015730000000000001,0.031870000000000002,0.10213,0.17171,0.37587999999999999
1009.32214,-0.0096399999999999993,0.0071199999999999996,0.01244,0.016080000000000001,0.039140000000000001,0.094229999999999994,0.18096000000000001,0.36899999999999999
1009.56318,-0.0123,0.0090100000000000006,0.02181,0.012699999999999999,0.036319999999999998,0.087980000000000003,0.18581,0.37886999999999998
1009.8042,-0.0026099999999999999,0.0061999999999999998,0.015789999999999998,0.01187,0.043470000000000002,0.088349999999999998,0.18049000000000001,0.38191999999999998
1010.04522,0.0054999999999999997,0.012370000000000001,0.0064000000000000003,0.012999999999999999,0.043610000000000003,0.091389999999999999,0.17502999999999999,0.37877
1010.28623,-0.00165,0.01068,0.0059100000000000003,0.017340000000000001,0.037150000000000002,0.093280000000000002,0.16914999999999999,0.37858000000000003
1010.5272200000001,-0.0082199999999999999,0.016060000000000001,0.0067600000000000004,0.01376,0.034209999999999997,0.094729999999999995,0.17399000000000001,0.36503999999999998
1010.76821,-0.011900000000000001,0.01274,0.01465,0.0109,0.036889999999999999,0.099440000000000001,0.17924999999999999,0.38083
1011.00919,-0.01223,0.0097699999999999992,0.01039,0.016729999999999998,0.035049999999999998,0.098360000000000003,0.17659,0.40084999999999998
1011.25015,-0.0061700000000000001,0.0115,0.0123,0.0053099999999999996,0.031829999999999997,0.096729999999999997,0.19102,0.38786999999999999
1011.4911,0.00034200000000000002,0.0061500000000000001,0.010149999999999999,0.0019599999999999999,0.03218,0.10607999999999999,0.18068000000000001,0.36824000000000001
1011.73205,0.0069899999999999997,0.0094199999999999996,0.0085699999999999995,0.014959999999999999,0.033390000000000003,0.095519999999999994,0.17424999999999999,0.37775999999999998
1011.97298,0.0027799999999999999,0.0088699999999999994,0.01366,0.01439,0.037839999999999999,0.093659999999999993,0.17355999999999999,0.35966999999999999
1012.2139100000001,-0.01145,0.025819999999999999,0.01328,-0.0020500000000000002,0.031519999999999999,0.08906,0.16694000000000001,0.35126000000000002
1012.45482,-0.01367,0.029760000000000002,0.017600000000000001,0.012760000000000001,0.037659999999999999,0.092880000000000004,0.18049000000000001,0.37454999999999999
1012.69573,-0.019210000000000001,0.02623,0.012370000000000001,0.012370000000000001,0.042549999999999998,0.088539999999999994,0.17948,0.35593999999999998
1012.9366199999999,-0.0010399999999999999,0.025049999999999999,0.01272,0.01447,0.047120000000000002,0.089520000000000002,0.18734000000000001,0.37664999999999998
1013.1775,0.018149999999999999,0.025659999999999999,0.01549,0.0049699999999999996,0.033439999999999998,0.086419999999999997,0.18085000000000001,0.38643
1013.41838,-0.0063400000000000001,0.019980000000000001,0.016289999999999999,0.0053899999999999998,0.03261,0.10868,0.17566000000000001,0.37540000000000001
1013.65924,-0.014800000000000001,0.019300000000000001,0.01155,0.0011000000000000001,0.041320000000000003,0.097909999999999997,0.17576,0.36391000000000001
1013.90009,-0.019859999999999999,0.029860000000000001,0.0097199999999999995,0.0045799999999999999,0.047890000000000002,0.095070000000000002,0.17706,0.37226999999999999
1014.14093,-0.01797,0.023449999999999999,0.0064400000000000004,0.01376,0.043889999999999998,0.09894,0.18012,0.36553999999999998
1014.38177,-0.014540000000000001,0.02462,0.0091900000000000003,0.0056600000000000001,0.033390000000000003,0.095829999999999999,0.18015999999999999,0.36364000000000002
1014.6225899999999,0.0056299999999999996,0.02215,0.0068500000000000002,0.0071300000000000001,0.034759999999999999,0.10031,0.18568000000000001,0.37958999999999998
1014.8634,0.0071900000000000002,0.019709999999999998,0.00743,0.016140000000000002,0.037359999999999997,0.093380000000000005,0.16608000000000001,0.36595
1015.1042,-0.0084799999999999997,0.022849999999999999,0.0044099999999999999,0.0172,0.039870000000000003,0.088319999999999996,0.1794,0.38884999999999997
1015.3449900000001,-0.0077499999999999999,0.017680000000000001,0.010410000000000001,0.02085,0.036929999999999998,0.086319999999999994,0.18984000000000001,0.37881999999999999
1015.58577,0.0098099999999999993,0.0064799999999999996,0,0.018919999999999999,0.04292,0.10248,0.18829000000000001,0.38280999999999998
1015.82654,0.0064099999999999999,0.00613,0.011039999999999999,0.017250000000000001,0.052080000000000001,0.11129,0.18312,0.39927000000000001
1016.0673,-0.0097199999999999995,0.012109999999999999,0.01129,0.01027,0.042560000000000001,0.091660000000000005,0.16757,0.38757000000000003
1016.30805,-0.0015399999999999999,0.0088800000000000007,0.0143,0.0084399999999999996,0.034009999999999999,0.096860000000000002,0.15995999999999999,0.37925999999999999
1016.5487900000001,-0.0085000000000000006,0.011310000000000001,0.016549999999999999,0.0051000000000000004,0.032570000000000002,0.095869999999999997,0.16894999999999999,0.36487999999999998
1016.78952,-0.00079500000000000003,-0.00015899999999999999,0.016150000000000001,0.01022,0.041079999999999998,0.093789999999999998,0.17621000000000001,0.37008999999999997
1017.03023,0.00040099999999999999,-0.0045799999999999999,0.0035699999999999998,0.0094299999999999991,0.038199999999999998,0.089730000000000004,0.18537000000000001,0.36009000000000002
1017.27094,0.0039699999999999996,0.00093400000000000004,0.0077499999999999999,0.0060800000000000003,0.02359,0.094700000000000006,0.17094999999999999,0.36904999999999999
1017.5116400000001,0,0.0054400000000000004,0.01592,0.01436,0.026749999999999999,0.089120000000000005,0.17491000000000001,0.36027999999999999
1017.75233,-0.00316,0.0055700000000000003,0.0071599999999999997,0.016250000000000001,0.036260000000000001,0.092960000000000001,0.17068,0.38107000000000002
1017.99301,0.00198,0.01444,0.0034499999999999999,0.01618,0.036670000000000001,0.096390000000000003,0.17213999999999999,0.38689000000000001
1018.23367,-0.0027299999999999998,0.012460000000000001,0.01337,0.0082299999999999995,0.03585,0.091179999999999997,0.16686000000000001,0.37697000000000003
1018.47433,-0.0055500000000000002,0.01159,0.0068399999999999997,0.019480000000000001,0.027650000000000001,0.087620000000000003,0.18328,0.37480999999999998
1018.71498,0.0097099999999999999,0.023400000000000001,0.00464,0.010619999999999999,0.027740000000000001,0.089950000000000002,0.1714,0.37696000000000002
1018.95561,0.0070699999999999999,0.0224,0.0043200000000000001,0.0083000000000000001,0.040120000000000003,0.10485,0.16184000000000001,0.38633000000000001
1019.19624,0.0098499999999999994,0.01465,0.014880000000000001,0.0080099999999999998,0.053929999999999999,0.10736,0.16256999999999999,0.37554999999999999
1019.43685,-0.013310000000000001,0.0207,0.01491,0.01499,0.053330000000000002,0.097699999999999995,0.17324000000000001,0.35618
1019.67746,-0.02205,0.0086999999999999994,0.011769999999999999,0.0149,0.047800000000000002,0.087389999999999995,0.17494999999999999,0.36934
1019.91806,-0.0081799999999999998,0.0039100000000000003,0.00726,0.01247,0.033239999999999999,0.079479999999999995,0.17885000000000001,0.38390999999999997
1020.15864,0.0056699999999999997,0.01669,0.0093100000000000006,0.0088000000000000005,0.035720000000000002,0.089620000000000005,0.15891,0.38513999999999998
1020.39921,-0.0060699999999999999,0.0060000000000000001,0.01495,0.0097900000000000001,0.03594,0.096409999999999996,0.15576000000000001,0.3619
1020.63978,-0.01397,0.01644,0.021520000000000001,0.0042199999999999998,0.034849999999999999,0.095320000000000002,0.16506999999999999,0.35435
1020.88033,-0.01821,0.01434,0.023099999999999999,0.0074099999999999999,0.030689999999999999,0.097570000000000004,0.15459999999999999,0.35942000000000002
1021.1208800000001,-0.012359999999999999,0.015100000000000001,0.0098399999999999998,0.0066600000000000001,0.034329999999999999,0.097189999999999999,0.1583,0.36788999999999999
1021.36141,-0.01176,0.0080999999999999996,-0.0051900000000000002,0.01363,0.051909999999999998,0.097189999999999999,0.15401999999999999,0.37054999999999999
1021.60193,-0.0090100000000000006,0.016039999999999999,-0.0047400000000000003,0.0075700000000000003,0.043709999999999999,0.097989999999999994,0.17172999999999999,0.35137000000000002
1021.84244,-0.010999999999999999,0.021649999999999999,0.00114,0.02001,0.038260000000000002,0.10423,0.17699999999999999,0.36065000000000003
1022.08295,-0.019230000000000001,0.019189999999999999,-0.000234,0.010880000000000001,0.03746,0.099959999999999993,0.17479,0.35854000000000003
1022.32344,-0.01269,0.01396,0.0093699999999999999,0.01137,0.041230000000000003,0.098549999999999999,0.16977999999999999,0.39023000000000002
1022.5639200000001,-0.01538,0.00072000000000000005,0.014250000000000001,0.00611,0.039550000000000002,0.099779999999999994,0.1643,0.37595000000000001
1022.80439,-0.013990000000000001,0.0061799999999999997,0.0081499999999999993,0.0067999999999999996,0.040809999999999999,0.091880000000000003,0.16336999999999999,0.36368
1023.04485,-0.0078499999999999993,0.0059100000000000003,0.0051700000000000001,0.0035599999999999998,0.031910000000000001,0.096970000000000001,0.17050000000000001,0.36549999999999999
1023.2853,0.016549999999999999,0.0096500000000000006,0.01022,0.0068700000000000002,0.025399999999999999,0.10057000000000001,0.18823000000000001,0.38353999999999999
1023.52574,0.01225,0.024340000000000001,0.019040000000000001,0.00313,0.035529999999999999,0.12406,0.16883000000000001,0.35417999999999999
1023.76617,0.00445,0.02445,0.010670000000000001,0.0077299999999999999,0.042070000000000003,0.10841000000000001,0.16918,0.35991000000000001
1024.00659,-0.018290000000000001,0.01077,0.012109999999999999,0.01576,0.036999999999999998,0.1017,0.17166999999999999,0.37291999999999997
1024.2470000000001,-0.027740000000000001,0.0054900000000000001,0.011050000000000001,0.0067000000000000002,0.037319999999999999,0.10936,0.17856,0.38601000000000002
1024.4874,-0.025610000000000001,0.01516,0.013350000000000001,0.0045999999999999999,0.03739,0.11106000000000001,0.19103999999999999,0.37015999999999999
1024.7277899999999,-0.02078,0.012959999999999999,0.0012800000000000001,-0.0041399999999999996,0.057119999999999997,0.090319999999999998,0.18443999999999999,0.37214999999999998
1024.9681700000001,-0.0024599999999999999,0.018780000000000002,0.01537,-0.00050799999999999999,0.044929999999999998,0.085629999999999998,0.17174,0.37653999999999999
1025.2085400000001,-0.019480000000000001,0.018630000000000001,0.020299999999999999,0.0040499999999999998,0.041799999999999997,0.10581,0.16761000000000001,0.35020000000000001
1025.4489000000001,-0.016920000000000001,0.020150000000000001,0.01627,0.0095600000000000008,0.041750000000000002,0.097229999999999997,0.17263000000000001,0.33256999999999998
1025.6892399999999,-0.016129999999999999,0.026419999999999999,0.0059699999999999996,0.0094000000000000004,0.036929999999999998,0.10624,0.17102000000000001,0.35077999999999998
1025.92958,0.0092499999999999995,0.033029999999999997,0.01388,0.0149,0.027220000000000001,0.10446999999999999,0.17802000000000001,0.37330999999999998
1026.1699100000001,-0.020109999999999999,0.031199999999999999,0.013809999999999999,0.0096500000000000006,0.032539999999999999,0.084699999999999998,0.16763,0.34982000000000002
1026.41022,-0.024049999999999998,0.027320000000000001,0.016650000000000002,0.0029299999999999999,0.041209999999999997,0.093420000000000003,0.16839999999999999,0.36376999999999998
1026.6505299999999,-0.0030599999999999998,0.024150000000000001,0.019879999999999998,0.0029299999999999999,0.04922,0.10281999999999999,0.17394000000000001,0.36787999999999998
1026.8908200000001,-0.0090200000000000002,0.03449,0.0099000000000000008,0.0060800000000000003,0.037740000000000003,0.10613,0.18831000000000001,0.38968999999999998
1027.13111,-0.01023,0.02852,0.0043200000000000001,0.01056,0.031399999999999997,0.095710000000000003,0.18948000000000001,0.37425000000000003
1027.37139,0.0080499999999999999,0.026839999999999999,-0.00026800000000000001,0.018589999999999999,0.032989999999999998,0.10718,0.17468,0.39624999999999999
1027.6116500000001,0.00314,0.0083899999999999999,-0.00139,0.02385,0.040599999999999997,0.089980000000000004,0.17000999999999999,0.37624999999999997
1027.8519100000001,-0.01123,0.0042199999999999998,0.0078799999999999999,0.02223,0.036679999999999997,0.075649999999999995,0.17349999999999999,0.38052000000000002
1028.0921499999999,0.00055500000000000005,0.02002,0.01175,0.011950000000000001,0.039640000000000002,0.10782,0.1774,0.38135000000000002
1028.3323800000001,0.015010000000000001,0.01485,0.0078200000000000006,0.0073099999999999997,0.036810000000000002,0.10093000000000001,0.17938999999999999,0.38007999999999997
1028.5726099999999,0.0048300000000000001,0.012840000000000001,0.01133,0.0060699999999999999,0.032930000000000001,0.087599999999999997,0.16982,0.35420000000000001
1028.8128200000001,0.0129,0.02435,0.018880000000000001,0.017899999999999999,0.03483,0.085809999999999997,0.17116000000000001,0.38101000000000002
1029.0530200000001,0.0028,0.0080199999999999994,0.01238,0.0068199999999999997,0.045920000000000002,0.094350000000000003,0.18221999999999999,0.39776
1029.29322,-0.0027799999999999999,0.015520000000000001,0.0073200000000000001,0.010059999999999999,0.047789999999999999,0.095850000000000005,0.15808,0.38074999999999998
1029.5334,0.0052100000000000002,0.00579,-0.0092399999999999999,0.0061700000000000001,0.044069999999999998,0.08652,0.16489000000000001,0.38053999999999999
1029.7735700000001,0.017680000000000001,0.00167,-0.0020899999999999998,0.0093699999999999999,0.042770000000000002,0.093210000000000001,0.19300999999999999,0.35911999999999999
1030.0137299999999,0.0023,0.0039500000000000004,0.0124,-0.00030899999999999998,0.044170000000000001,0.088349999999999998,0.19153000000000001,0.35421000000000002
1030.25388,-0.0085100000000000002,0.022169999999999999,0.01367,0.0086099999999999996,0.049399999999999999,0.084000000000000005,0.2087,0.33483000000000002
1030.4940200000001,-0.0099399999999999992,0.017659999999999999,0.00826,-0.00063299999999999999,0.04582,0.079949999999999993,0.17696999999999999,0.37756000000000001
1030.73415,-0.029610000000000001,0.014019999999999999,0.0085800000000000008,0.0069800000000000001,0.031289999999999998,0.075480000000000005,0.18156,0.39417999999999997
1030.9742799999999,-0.028309999999999998,0.01391,0.01291,0.020789999999999999,0.038620000000000002,0.093200000000000005,0.17519000000000001,0.39831
1031.2143799999999,0,0.016,0.00063199999999999997,0.02128,0.052080000000000001,0.081220000000000001,0.18023,0.36429
1031.4544800000001,0.01933,0.021139999999999999,0.0027799999999999999,0.0097400000000000004,0.041020000000000001,0.090829999999999994,0.18509999999999999,0.35209000000000001
1031.6945700000001,0.02325,0.025340000000000001,0.0098700000000000003,0.0044299999999999999,0.05457,0.10038999999999999,0.18274000000000001,0.36713000000000001
1031.9346499999999,0.013979999999999999,0.01431,0.0063299999999999997,0.015980000000000001,0.062820000000000001,0.096500000000000002,0.18995999999999999,0.34820000000000001
1032.17472,-0.022370000000000001,0.033739999999999999,0.0094999999999999998,0.01239,0.038089999999999999,0.088419999999999999,0.18823000000000001,0.38630999999999999
1032.4147800000001,-0.028920000000000001,0.033110000000000001,-0.0062599999999999999,0.01332,0.031399999999999997,0.09128,0.17688000000000001,0.38044
1032.6548299999999,-0.024570000000000002,0.026759999999999999,0.0096900000000000007,0.017590000000000001,0.035589999999999997,0.092189999999999994,0.18417,0.36906
1032.8948600000001,-0.01218,0.0129,0.01223,0.0075500000000000003,0.036999999999999998,0.073690000000000005,0.17627999999999999,0.41048000000000001
1033.13489,-0.0043400000000000001,0.011950000000000001,0.0067299999999999999,0.0043,0.034759999999999999,0.072080000000000005,0.16813,0.39573999999999998
1033.37491,-0.018329999999999999,0.020480000000000002,0.0057299999999999999,0.0059199999999999999,0.0465,0.079630000000000006,0.17552000000000001,0.36918000000000001
1033.61492,-0.042000000000000003,0.026159999999999999,0.0085100000000000002,0.00097599999999999998,0.039030000000000002,0.070470000000000005,0.19811000000000001,0.36602000000000001
1033.85491,-0.0065199999999999998,0.022720000000000001,0.010999999999999999,0.027230000000000001,0.024230000000000002,0.079899999999999999,0.17609,0.37232999999999999
1034.0949000000001,0.01272,0.024209999999999999,0.016140000000000002,0.017690000000000001,0.03236,0.097729999999999997,0.15304000000000001,0.33917999999999998
1034.3348699999999,-0.0096600000000000002,0.014880000000000001,0.01538,-0.00065499999999999998,0.042200000000000001,0.096570000000000003,0.1603,0.33412999999999998
1034.57484,-0.01549,0.010970000000000001,0.0067099999999999998,0.0050200000000000002,0.05178,0.07911,0.1784,0.34867999999999999
1034.8147899999999,-0.017500000000000002,0.0064200000000000004,-0.0057000000000000002,-0.0040699999999999998,0.063570000000000002,0.092960000000000001,0.18765000000000001,0.34417999999999999
1035.05474,-0.0045300000000000002,0.014030000000000001,0.0065799999999999999,0.012189999999999999,0.062609999999999999,0.10000000000000001,0.16420999999999999,0.34011999999999998
1035.29467,0.01223,0.016240000000000001,0.016670000000000001,0.014449999999999999,0.044540000000000003,0.10015,0.16977999999999999,0.34808
1035.53459,0.0027000000000000001,0.02162,-0.0067499999999999999,0.0071500000000000001,0.032669999999999998,0.092590000000000006,0.17158999999999999,0.39006999999999997
1035.77451,-0.01435,0.038440000000000002,0.0037499999999999999,0.0024299999999999999,0.0287,0.093979999999999994,0.17141999999999999,0.39696999999999999
1036.01441,-0.021749999999999999,0.029010000000000001,0.015440000000000001,0.0091400000000000006,0.02784,0.089480000000000004,0.17962,0.31530000000000002
1036.2543000000001,0.0076899999999999998,0.0097099999999999999,0.019109999999999999,0.01281,0.021170000000000001,0.083729999999999999,0.17444000000000001,0.33012000000000002
1036.4941899999999,0.02758,0.010370000000000001,0.0032399999999999998,0.021389999999999999,0.031829999999999997,0.08362,0.16081000000000001,0.35937999999999998
1036.73406,-0.0021299999999999999,0.00843,0.0093500000000000007,0.018519999999999998,0.041209999999999997,0.092840000000000006,0.16650000000000001,0.36896000000000001
1036.9739199999999,-0.0069899999999999997,-0.0045700000000000003,0.01515,0.0070099999999999997,0.033239999999999999,0.093329999999999996,0.15790000000000001,0.35687999999999998
1037.2137700000001,0.0071199999999999996,0.0060699999999999999,0.0044999999999999997,0,0.033349999999999998,0.083419999999999994,0.17108000000000001,0.35720000000000002
1037.45361,-0.0098399999999999998,0.012540000000000001,0.017639999999999999,0.02384,0.036290000000000003,0.086580000000000004,0.16219,0.33383000000000002
1037.69344,0.0094800000000000006,0.01167,-0.01184,0.02188,0.03143,0.079250000000000001,0.15645000000000001,0.35824
1037.93326,-0.0064900000000000001,0.016709999999999999,0.0029499999999999999,0.036360000000000003,0.04283,0.088690000000000005,0.16583000000000001,0.36910999999999999
1038.1730700000001,-0.02971,0.023570000000000001,0.0059199999999999999,0.01201,0.041680000000000002,0.085059999999999997,0.17185,0.38301000000000002
1038.4128700000001,-0.01055,0.021749999999999999,0.0059699999999999996,0.0066299999999999996,0.035130000000000002,0.092480000000000007,0.15786,0.38212000000000002
1038.65266,-0.01653,0.00428,-0.0015200000000000001,0.0074400000000000004,0.023630000000000002,0.089940000000000006,0.16758999999999999,0.34477999999999998
1038.8924400000001,-0.018159999999999999,0.0093100000000000006,0.00263,0.01338,0.037859999999999998,0.071900000000000006,0.18762999999999999,0.36349999999999999
1039.13221,-0.020979999999999999,0.020219999999999998,0.0026900000000000001,0.010880000000000001,0.025940000000000001,0.072620000000000004,0.18307000000000001,0.32541999999999999
1039.3719599999999,-0.0044900000000000001,0.017840000000000002,0.024379999999999999,0.012869999999999999,0.01234,0.0814,0.17474000000000001,0.33296999999999999
1039.6117099999999,-0.010919999999999999,0.016160000000000001,0.022579999999999999,0.0035599999999999998,0.014319999999999999,0.1023,0.15934999999999999,0.36918000000000001
1039.8514500000001,-0.016719999999999999,0.024209999999999999,0.0028400000000000001,0.0090399999999999994,0.020799999999999999,0.097769999999999996,0.17050999999999999,0.39684000000000003
1040.0911799999999,0.00231,0.0097699999999999992,0.0048300000000000001,0.0064599999999999996,0.033239999999999999,0.084860000000000005,0.17494000000000001,0.35926999999999998
1040.33089,-0.010330000000000001,0.01393,0.01239,0.00197,0.048419999999999998,0.085260000000000002,0.16533999999999999,0.3533
1040.5706,-0.011860000000000001,0.021360000000000001,0.014189999999999999,0.021659999999999999,0.033059999999999999,0.096129999999999993,0.14710999999999999,0.34444999999999998
1040.8102899999999,-0.023040000000000001,0.02111,0.027900000000000001,0.01421,0.031029999999999999,0.10971,0.16284999999999999,0.33626
1041.04998,-0.0124,0.024309999999999998,0.01214,0.020199999999999999,0.034070000000000003,0.092240000000000003,0.16242000000000001,0.37396000000000001
1041.2896499999999,-0.00080900000000000004,0.013990000000000001,-0.00547,0.01089,0.026360000000000001,0.082640000000000005,0.15461,0.35637999999999997
1041.5293200000001,-0.0032799999999999999,0.0090500000000000008,0.015440000000000001,0.00172,0.01942,0.081610000000000002,0.15003,0.35277999999999998
1041.7689700000001,-0.00084699999999999999,0.028469999999999999,0.020650000000000002,-0.0030999999999999999,0.043630000000000002,0.10577,0.18043999999999999,0.36593999999999999
1042.0086200000001,-0.026599999999999999,0.027519999999999999,0.018880000000000001,-0.0044000000000000003,0.063619999999999996,0.098739999999999994,0.18237999999999999,0.38152999999999998
1042.2482500000001,-0.0034299999999999999,0.027380000000000002,0.02188,0.0044000000000000003,0.04999,0.079619999999999996,0.17408000000000001,0.35399999999999998
1042.4878699999999,-0.027660000000000001,0.034459999999999998,0.0058999999999999999,0.02589,0.04514,0.10077,0.17737,0.39892
1042.72748,-0.029960000000000001,0.01048,0.0013600000000000001,0.045370000000000001,0.062770000000000006,0.081280000000000005,0.18429000000000001,0.38245000000000001
1042.9670900000001,0.0025999999999999999,0.00382,-0.00174,0.027490000000000001,0.053789999999999998,0.080600000000000005,0.17072000000000001,0.38593
1043.20668,-0.030669999999999999,0.0071599999999999997,0.0088900000000000003,0.011560000000000001,0.029690000000000001,0.078579999999999997,0.15265999999999999,0.36570000000000003
1043.4462599999999,-0.01299,0.00082899999999999998,0.0080099999999999998,0.01362,0.027119999999999998,0.080670000000000006,0.16492999999999999,0.41488000000000003
1043.6858299999999,-0.0095300000000000003,0.020750000000000001,0.0053099999999999996,0.020459999999999999,0.046629999999999998,0.091899999999999996,0.14709,0.3977
1043.9253900000001,-0.000825,0.018339999999999999,0.0013799999999999999,0.029229999999999999,0.058369999999999998,0.082049999999999998,0.17899999999999999,0.36831000000000003
1044.1649399999999,-0.045949999999999998,0.02095,-0.0050699999999999999,0.0014400000000000001,0.052970000000000003,0.12064999999999999,0.17502000000000001,0.35629
1044.4044799999999,0.0046800000000000001,0.017940000000000001,0.017399999999999999,0.0051799999999999997,0.047149999999999997,0.11476,0.15148,0.38636999999999999
1044.64401,0.0062399999999999999,0.01358,0.00231,0.01273,0.041799999999999997,0.11033,0.15060000000000001,0.35039999999999999
1044.8835300000001,0.04394,0.00696,0.01137,0.021850000000000001,0.040349999999999997,0.084620000000000001,0.15723999999999999,0.35385
1045.1230399999999,0.02843,0.01274,-0.0033500000000000001,0.01848,0.04267,0.097629999999999995,0.17177000000000001,0.33466000000000001
1045.3625400000001,-0.0218,0.022169999999999999,0,0.012319999999999999,0.04836,0.094130000000000005,0.15232000000000001,0.34805999999999998
1045.60203,-0.02223,0.019740000000000001,-0.018030000000000001,0.01234,0.047649999999999998,0.0751,0.16137000000000001,0.35586000000000001
1045.8415,0.0074200000000000004,0.01159,0.0015,0.00199,0.043619999999999999,0.05917,0.15669,0.36141000000000001
1046.08097,0.0028300000000000001,0.024199999999999999,0.01787,0.00101,0.022610000000000002,0.074039999999999995,0.16636999999999999,0.36162
1046.32043,-0.02665,0.02877,0.030460000000000001,0.024420000000000001,0.031099999999999999,0.097860000000000003,0.17147000000000001,0.40381
1046.55987,-0.036299999999999999,0.03177,0.028150000000000001,0.0084799999999999997,0.037449999999999997,0.082250000000000004,0.18439,0.41104000000000002
1046.7993100000001,-0.017500000000000002,0.0065700000000000003,0.01244,0.01593,0.041680000000000002,0.093189999999999995,0.20052,0.36052000000000001
1047.03874,-0.030329999999999999,-0.0012899999999999999,-0.00198,0.00462,0.045969999999999997,0.099159999999999998,0.18132000000000001,0.36018
1047.2781500000001,-0.0055700000000000003,-0.00148,0.011610000000000001,0.0152,0.044400000000000002,0.11005,0.18518999999999999,0.4254
1047.51756,0.050909999999999997,0.0087200000000000003,0.017479999999999999,0.018839999999999999,0.055829999999999998,0.096780000000000005,0.16961999999999999,0.42435
1047.75695,0.0021700000000000001,0.028989999999999998,0.02588,0.0079299999999999995,0.038339999999999999,0.093679999999999999,0.14624999999999999,0.36891000000000002
1047.9963399999999,-0.022589999999999999,0.018790000000000001,0.0042300000000000003,0.029250000000000002,0.04743,0.090810000000000002,0.15542,0.34974
1048.2357099999999,-0.02281,0.02316,0.0064400000000000004,0.019810000000000001,0.031370000000000002,0.08652,0.16814000000000001,0.35321000000000002
1048.47507,-0.0101,0.04054,0.00628,0.017100000000000001,0.01703,0.093340000000000006,0.16792000000000001,0.33024999999999999
1048.71442,-0.03807,0.036889999999999999,0.01353,-0.01546,0.01149,0.11287,0.17788000000000001,0.35378999999999999
1048.9537700000001,0.015720000000000001,0.022669999999999999,-0.0097400000000000004,-0.0030999999999999999,0.03022,0.074099999999999999,0.18940000000000001,0.33304
1049.1931,-0.01848,0.01643,-0.00415,-0.0020400000000000001,0.039030000000000002,0.063329999999999997,0.16833999999999999,0.34737000000000001
1049.4324200000001,0.0083899999999999999,0.028469999999999999,-0.00363,0.0021199999999999999,0.042659999999999997,0.10965,0.16339999999999999,0.35027000000000003
1049.67173,0.038559999999999997,0.0074400000000000004,0.021649999999999999,0.01231,0.042430000000000002,0.10105,0.13464000000000001,0.34705000000000003
1049.91103,0.02673,0.02647,0.042590000000000003,-0.0031900000000000001,0.059889999999999999,0.10252,0.16117999999999999,0.36460999999999999
1050.15032,-0.0093900000000000008,0.029610000000000001,0.016920000000000001,0.0293,0.047449999999999999,0.069709999999999994,0.16234999999999999,0.32877000000000001
1050.3896,-0.0042700000000000004,0.033009999999999998,0.00057399999999999997,0.015389999999999999,0.065350000000000005,0.073649999999999993,0.15697,0.32105
1050.62887,-0.012710000000000001,0.033399999999999999,-0.0155,0.0097300000000000008,0.055789999999999999,0.089069999999999996,0.17516000000000001,0.38062000000000001
1050.8681300000001,-0.049050000000000003,0.016799999999999999,0.010149999999999999,-0.011509999999999999,0.025149999999999999,0.089020000000000002,0.15332999999999999,0.35932999999999998
1051.1073799999999,0.0046299999999999996,0.0075900000000000004,0.011769999999999999,0.0033500000000000001,0.05672,0.09264,0.16259999999999999,0.30621999999999999
1051.34662,0.020469999999999999,0.031890000000000002,0.0092399999999999999,0.0052500000000000003,0.04206,0.093789999999999998,0.13749,0.37397000000000002
1051.5858499999999,-0.018429999999999998,0.049070000000000003,0.0084200000000000004,0.028330000000000001,0.019279999999999999,0.091800000000000007,0.12422,0.33234000000000002
1051.8250700000001,-0.00349,0.015949999999999999,-0.0104,0.020379999999999999,0.02564,0.068159999999999998,0.15225,0.37184
1052.0642700000001,-0.022859999999999998,0.0089700000000000005,0.0097300000000000008,0.0094900000000000002,0.029760000000000002,0.098879999999999996,0.16646,0.37933
1052.3034700000001,-0.033890000000000003,0.01264,0.011180000000000001,0.01125,0.017409999999999998,0.090999999999999998,0.13494999999999999,0.38411000000000001
1052.5426600000001,-0.027459999999999998,0.0051000000000000004,-0.00117,0.0086300000000000005,0.036790000000000003,0.071330000000000005,0.15559000000000001,0.33806999999999998
1052.7818299999999,0.0084100000000000008,-0.00082600000000000002,0.016150000000000001,0.031559999999999998,0.045510000000000002,0.077200000000000005,0.13976,0.3543
1053.021,0.017729999999999999,0.01525,0.025700000000000001,0.02435,0.047809999999999998,0.071169999999999997,0.14599999999999999,0.33676
1053.2601500000001,-0.045249999999999999,0.0065599999999999999,0.00125,0.0085800000000000008,0.025940000000000001,0.079060000000000005,0.19281999999999999,0.35865000000000002
1053.4992999999999,-0.012930000000000001,0.019,-0.01077,0.0075900000000000004,0.035860000000000003,0.089109999999999995,0.20541000000000001,0.36327999999999999
1053.7384300000001,-0.0078100000000000001,0.0068700000000000002,-0.0060499999999999998,0.037289999999999997,0.023,0.11056000000000001,0.14934,0.35166999999999998
1053.97756,-0.02758,0.01179,0.013180000000000001,0.017440000000000001,0.041570000000000003,0.11133,0.15101999999999999,0.38757999999999998
1054.21667,-0.02085,0.0065300000000000002,0.022440000000000002,0.01319,0.01397,0.085569999999999993,0.15273,0.37185000000000001
1054.45577,0,0.017590000000000001,0.0050400000000000002,0.0039100000000000003,0.01409,0.087359999999999993,0.14188000000000001,0.34758
1054.6948600000001,0.019550000000000001,0.033419999999999998,0.015610000000000001,0.01354,0.027089999999999999,0.089450000000000002,0.095210000000000003,0.31802999999999998
1054.9339500000001,0.010330000000000001,0.037530000000000001,0.01017,0.01387,0.051150000000000001,0.074010000000000006,0.13882,0.32200000000000001
1055.17302,-0.036790000000000003,0.040599999999999997,-0.020559999999999998,0.02308,0.036979999999999999,0.10081,0.16234000000000001,0.31768999999999997
1055.4120800000001,-0.0097300000000000008,0.018089999999999998,0.0025100000000000001,0.0063,0.032329999999999998,0.10985,0.15878,0.36345
1055.65113,0.01055,0.01372,0.021860000000000001,-0.02256,0.058549999999999998,0.099720000000000003,0.17460999999999999,0.36821999999999999
1055.8901699999999,0,0.026100000000000002,0.037010000000000001,-0.017520000000000001,0.039190000000000003,0.096750000000000003,0.16386000000000001,0.37001000000000001
1056.1292000000001,-0.053870000000000001,0.01554,0.028160000000000001,0.0046899999999999997,0.038089999999999999,0.084690000000000001,0.14441999999999999,0.34155000000000002
1056.3682200000001,-0.018749999999999999,0.0424,0.038679999999999999,-0.0060000000000000001,0.04095,0.067169999999999994,0.16985,0.34056999999999998
1056.6072300000001,0.0039699999999999996,-0.0017799999999999999,0.0078399999999999997,-0.011900000000000001,0.036799999999999999,0.085010000000000002,0.14898,0.36181000000000002
1056.8462300000001,-0.013480000000000001,-0.00076300000000000001,-0.0020600000000000002,0.0034099999999999998,0.019740000000000001,0.094189999999999996,0.11971,0.30024000000000001
1057.0852199999999,0.052069999999999998,0.0093699999999999999,0.0074599999999999996,0.020910000000000002,0.011900000000000001,0.056669999999999998,0.13147,0.26755000000000001
1057.3242,-0.0070200000000000002,0.019529999999999999,0.022849999999999999,-0.0021700000000000001,0.050220000000000001,0.089160000000000003,0.16014999999999999,0.37802000000000002
1057.5631599999999,-0.0098200000000000006,0.020199999999999999,0.026780000000000002,0.030800000000000001,0.052069999999999998,0.10914,0.17218,0.36880000000000002
1057.8021200000001,0.011469999999999999,0.042320000000000003,0.0097300000000000008,0.038359999999999998,0.011050000000000001,0.082640000000000005,0.12906000000000001,0.38440000000000002
1058.04107,-0.035209999999999998,0.046219999999999997,-0.020480000000000002,0.02938,0.030280000000000001,0.073330000000000006,0.14549000000000001,0.37151000000000001
1058.2800099999999,-0.053190000000000001,0.01214,-0.026890000000000001,0.021649999999999999,0.064339999999999994,0.077310000000000004,0.21163000000000001,0.37939000000000001
1058.51893,-0.021749999999999999,0.01516,0.0022000000000000001,0.0076499999999999997,0.050389999999999997,0.070620000000000002,0.22406000000000001,0.37358000000000002
1058.75785,-0.033210000000000003,0.034509999999999999,0.025059999999999999,-0.0061999999999999998,0.034169999999999999,0.054960000000000002,0.19583999999999999,0.37870999999999999
1058.99675,-0.0014499999999999999,0.0074900000000000001,0.019709999999999998,0.01285,0.015509999999999999,0.087760000000000005,0.12372,0.39168999999999998
1059.2356500000001,-0.03218,0.023369999999999998,0.00071500000000000003,-0.0036800000000000001,0.025080000000000002,0.062609999999999999,0.14932000000000001,0.32873999999999998
1059.47453,-0.0047000000000000002,-0.0024099999999999998,-0.01848,-0.0054099999999999999,0.046339999999999999,0.041079999999999998,0.15362999999999999,0.28283000000000003
1059.7134000000001,-0.017850000000000001,0.041329999999999999,-0.013299999999999999,-0.011299999999999999,0.023519999999999999,0.069059999999999996,0.14222000000000001,0.35704999999999998
1059.95227,-0.089330000000000007,0.035349999999999999,-0.018669999999999999,0.02198,0.01213,0.10434,0.11849,0.34566000000000002
1060.19112,-0.023970000000000002,0.029950000000000001,-0.0099799999999999993,0.010059999999999999,0.01754,0.093850000000000003,0.13542999999999999,0.31533
1060.4299599999999,-0.039730000000000001,0.017780000000000001,0.0047499999999999999,0.01223,0.013259999999999999,0.073450000000000001,0.16364999999999999,0.36163000000000001
1060.6687899999999,-0.052940000000000001,0.0054200000000000003,0.01082,0.01192,-0.034430000000000002,0.069639999999999994,0.17194000000000001,0.28414
1060.90762,-0.089849999999999999,-0.0071799999999999998,0.028400000000000002,0.0050200000000000002,-0.0032200000000000002,0.08634,0.17871999999999999,0.36397000000000002
1061.14643,-0.10994,0.0060699999999999999,0.033390000000000003,0.020459999999999999,0.051799999999999999,0.066949999999999996,0.19642000000000001,0.40529999999999999
1061.3852300000001,-0.037379999999999997,0.028680000000000001,0.025729999999999999,0.01154,0.042970000000000001,0.049950000000000001,0.21853,0.37425999999999998
1061.62402,-0.032960000000000003,0.0094500000000000001,0.0046699999999999997,0.00894,0.02947,0.073880000000000001,0.13086999999999999,0.35217999999999999
1061.8628000000001,-0.02147,0.0076400000000000001,0.01043,0.032669999999999998,0.058209999999999998,0.078369999999999995,0.11713999999999999,0.40654000000000001
1062.10157,-0.01917,-0.0099600000000000001,0.01694,-0.028420000000000001,0.042320000000000003,0.12071,0.14262,0.32937
1062.34032,-0.028029999999999999,0.0032599999999999999,0.01421,-0.038949999999999999,0.030020000000000002,0.090370000000000006,0.13139000000000001,0.32461000000000001
1062.57907,-0.014930000000000001,-0.017440000000000001,-0.030300000000000001,-0.0086899999999999998,0.047719999999999999,0.10050000000000001,0.14415,0.32929999999999998
1062.81781,-0.038730000000000001,0.0032399999999999998,0.01521,-0.0077799999999999996,0.042070000000000003,0.10598,0.16922999999999999,0.28975000000000001
1063.05654,0.017999999999999999,-0.017840000000000002,-0.012540000000000001,-0.025499999999999998,0.04283,0.098419999999999994,0.15629000000000001,0.35432000000000002
1063.2952600000001,-0.035040000000000002,0.025989999999999999,0.0027200000000000002,0.026280000000000001,0.050009999999999999,0.07263,0.17698,0.35983999999999999
1063.53396,-0.10092,0.019439999999999999,0.038760000000000003,0.040869999999999997,0.060740000000000002,0.059479999999999998,0.20277999999999999,0.35654999999999998
1063.7726600000001,-0.090179999999999996,0.020230000000000001,0.0035999999999999999,-0.0076699999999999997,0.043159999999999997,0.051950000000000003,0.2195,0.36993999999999999
1064.01134,-0.0017799999999999999,-0.0018699999999999999,-0.035220000000000001,0.0060499999999999998,0.045760000000000002,0.097140000000000004,0.14899000000000001,0.27771000000000001
1064.2500199999999,-0.044540000000000003,0.0063699999999999998,0.00464,-0.014659999999999999,0.0327,0.099360000000000004,0.17337,0.34969
1064.4886799999999,-0.065060000000000007,-0.0035000000000000001,0.028629999999999999,-0.024879999999999999,0.01804,0.1038,0.17302000000000001,0.33531
1064.7273399999999,-0.0083000000000000001,0.0017099999999999999,0.01081,-0.00643,0.0073200000000000001,0.1042,0.11451,0.30398999999999998
1064.9659799999999,-0.057140000000000003,-0.00481,0.048809999999999999,0.0045999999999999999,-0.0069899999999999997,0.085580000000000003,0.1376,0.31209999999999999
1065.20462,-0.0060499999999999998,-0.017090000000000001,0.041489999999999999,-0.018790000000000001,0.013899999999999999,0.13289000000000001,0.16521,0.36043999999999998
1065.4432400000001,-0.00165,-0.02547,-0.0062599999999999999,0.012370000000000001,0.030380000000000001,0.12021999999999999,0.22706999999999999,0.33799000000000001
1065.6818499999999,0.00189,0.03857,0.01814,0.00679,0.018630000000000001,0.10489,0.16198000000000001,0.37979000000000002
1065.9204500000001,-0.044479999999999999,0.039510000000000003,0.05824,0.024649999999999998,0.019640000000000001,0.084449999999999997,0.16041,0.39571000000000001
1066.15905,0,0.035959999999999999,0.031800000000000002,0.027369999999999998,0.053429999999999998,0.087040000000000006,0.14394999999999999,0.43440000000000001
1066.3976299999999,0.0072100000000000003,0.037479999999999999,0.028670000000000001,0.044080000000000001,0.029170000000000001,0.13333,0.18432000000000001,0.36659999999999998
1066.6361999999999,-0.056770000000000001,0.02018,0.01051,0.01443,0.038109999999999998,0.12803,0.16324,0.32072000000000001
1066.8747599999999,-0.074520000000000003,0.030880000000000001,0.0029199999999999999,0.01865,0.039469999999999998,0.099849999999999994,0.17866000000000001,0.31583
1067.11331,-0.04231,-0.00192,0.0027899999999999999,0.02494,0.01848,0.055599999999999997,0.11958000000000001,0.33051999999999998
1067.35185,-0.088639999999999997,0.029180000000000001,0.046609999999999999,0.0078100000000000001,0.031,0.028899999999999999,0.1346,0.40265000000000001
1067.5903800000001,-0.036209999999999999,-0.0011999999999999999,0.0092999999999999992,0.01444,0.010630000000000001,0.039050000000000001,0.14105999999999999,0.3861
1067.82889,-0.035979999999999998,-0.01285,0.01431,0.032340000000000001,-0.0041399999999999996,0.057160000000000002,0.15712000000000001,0.38044
1068.0673999999999,-0.011520000000000001,-0.0041399999999999996,0.022890000000000001,0.032969999999999999,-0.0032000000000000002,0.11984,0.18207999999999999,0.39234000000000002
1068.3059000000001,-0.0020999999999999999,0.019279999999999999,-0.01498,0.018839999999999999,0.060650000000000003,0.080710000000000004,0.10736,0.32092999999999999
1068.54438,-0.028289999999999999,0.0065199999999999998,-0.011610000000000001,0.020959999999999999,0.074630000000000002,0.070519999999999999,0.10423,0.34198000000000001
1068.78286,-0.047559999999999998,-0.027949999999999999,0.014880000000000001,-0.031579999999999997,0.044080000000000001,0.075579999999999994,0.17952000000000001,0.37539
1069.02133,0,0.016049999999999998,0.01421,0.022919999999999999,-0.0037000000000000002,0.075980000000000006,0.20111999999999999,0.38492999999999999
1069.2597800000001,0.0091400000000000006,0.063020000000000007,0.02095,0.025170000000000001,0.052999999999999999,0.066640000000000005,0.21842,0.40287000000000001
1069.4982299999999,0.03218,0.058749999999999997,-0.011310000000000001,-0.0030799999999999998,0.084180000000000005,0.05203,0.16735,0.39621000000000001
1069.73666,0.081439999999999999,0.0042700000000000004,-0.022329999999999999,-0.02639,0.062080000000000003,0.0964,0.22029000000000001,0.29631000000000002
1069.9750899999999,-0.01511,-0.021579999999999998,-0.00199,-0.0073299999999999997,0.034849999999999999,0.10113,0.13532,0.30220000000000002
1070.2135000000001,-0.082119999999999999,-0.01434,0.044269999999999997,-0.014930000000000001,0.03041,0.11885,0.15712000000000001,0.35160000000000002
1070.4519,-0.053780000000000001,0.036659999999999998,0.0039199999999999999,-0.035740000000000001,0.036850000000000001,0.11974,0.16173000000000001,0.35189999999999999
1070.6903,-0.047109999999999999,0.021899999999999999,0.028029999999999999,-0.017809999999999999,0.040899999999999999,0.11688,0.19614000000000001,0.31022
1070.92868,-0.07102,-0.00677,-0.040750000000000001,0.020490000000000001,0.039510000000000003,0.12139,0.18992000000000001,0.36243999999999998
1071.16705,0.0093399999999999993,0.00313,-0.042029999999999998,0.04854,0.019949999999999999,0.085290000000000005,0.12694,0.33227000000000001
1071.4054100000001,-0.01729,-0.0089700000000000005,0.0053200000000000001,0.01277,0.01917,0.12322,0.15475,0.36421999999999999
1071.6437599999999,-0.09264,0.0027299999999999998,0.00107,-0.024459999999999999,0.050750000000000003,0.10645,0.14391000000000001,0.42553999999999997
1071.8821,-0.032030000000000003,-0.016549999999999999,0.038580000000000003,-0.015089999999999999,0.0034499999999999999,0.11626,0.11045000000000001,0.29422999999999999
1072.1204299999999,0.00428,0.015699999999999999,0.033000000000000002,0.03526,0.023220000000000001,0.082189999999999999,0.11851,0.28275
1072.3587500000001,-0.011339999999999999,0.017049999999999999,-0.024289999999999999,0.046350000000000002,-0.01472,0.050000000000000003,0.055169999999999997,0.41648000000000002
1072.5970600000001,-0.059999999999999998,0.03347,0.021239999999999998,0.02572,0.0047000000000000002,0.035499999999999997,0.12827,0.33427000000000001
1072.83536,-0.16273000000000001,0.034849999999999999,0.058459999999999998,0.0087299999999999999,-0.01234,0.070069999999999993,0.21387999999999999,0.39660000000000001
1073.07365,-0.13275000000000001,0.021610000000000001,0.048370000000000003,-0.02383,0.024750000000000001,0.087669999999999998,0.16166,0.35632000000000003
1073.3119300000001,-0.075810000000000002,-0.018610000000000002,0.01848,-0.032509999999999997,0.033700000000000001,0.11135,0.10353999999999999,0.38996999999999998
1073.5501899999999,-0.0201,-0.0026900000000000001,-0.01383,0.01234,0.026780000000000002,0.11874999999999999,0.099390000000000006,0.33933000000000002
1073.78845,-0.048779999999999997,0.022890000000000001,0.028670000000000001,-0.022460000000000001,0.03288,0.14199999999999999,0.15856999999999999,0.35952000000000001
1074.0266999999999,-0.096909999999999996,0.060060000000000002,0.070989999999999998,0.01017,0.098110000000000003,0.080659999999999996,0.15545,0.42435
1074.26493,-0.02945,0.056419999999999998,0.042790000000000002,0.0054799999999999996,0.039269999999999999,0.064089999999999994,0.087569999999999995,0.35654999999999998
1074.50316,-0.11416,0.00022900000000000001,0.04922,0.014160000000000001,0.047640000000000002,0.079680000000000001,0.090899999999999995,0.30376999999999998
1074.74137,-0.15545,0.021649999999999999,0.028799999999999999,0.0070600000000000003,0.076869999999999994,0.087910000000000002,0.10551000000000001,0.38996999999999998
1074.97957,-0.10375,0.032039999999999999,0.035810000000000002,0.01304,0.042790000000000002,0.053069999999999999,0.10187,0.36158000000000001
1075.21777,-0.025350000000000001,0.0022100000000000002,0.047030000000000002,0.0054299999999999999,0.038719999999999997,0.063460000000000003,0.12848000000000001,0.29704000000000003
1075.45595,-0.10771,-0.012070000000000001,0,0.041660000000000003,-0.0027399999999999998,-0.0014,0.12447999999999999,0.31125000000000003
1075.6941200000001,-0.069639999999999994,-0.0068300000000000001,0.00792,0.042529999999999998,0.043319999999999997,0.069000000000000006,0.11605,0.30835000000000001
1075.93229,-0.04861,0.02264,-0.01128,0.022970000000000001,0.01719,0.031280000000000002,0.17126,0.30835000000000001
1076.1704400000001,0,0.03814,0.029860000000000001,0.044549999999999999,0.0057099999999999998,0.054530000000000002,0.08856,0.26795000000000002
1076.40858,-0.094729999999999995,0.048739999999999999,0.043389999999999998,0.02896,0.0424,0.13522999999999999,0.11465,0.29231000000000001
1076.64671,-0.07639,0.0407,0.019089999999999999,0.0012899999999999999,-0.0058100000000000001,0.088749999999999996,0.18806999999999999,0.29938999999999999
1076.88483,-0.01848,-0.00097799999999999992,0.02205,-0.01107,0.01823,0.081930000000000003,0.19800999999999999,0.45518999999999998
1077.12294,-0.01268,0.033279999999999997,0.035099999999999999,0.037789999999999997,0.057250000000000002,0.025499999999999998,0.17859,0.37392999999999998
1077.36104,-0.057230000000000003,0.02673,0.0045500000000000002,0.087929999999999994,-0.018540000000000001,0.027470000000000001,0.10636,0.31569999999999998
1077.5991300000001,0.079719999999999999,0.06207,-0.020199999999999999,-0.0453,0.016389999999999998,0.15553,0.15512999999999999,0.34421000000000002
1077.8372099999999,0.06241,-0.0039699999999999996,0.011039999999999999,-0.041849999999999998,0.070309999999999997,0.094600000000000004,0.27762999999999999,0.3513
1078.07527,0.11472,0.02963,-0.01014,-0.00167,0.085769999999999999,0.080790000000000001,0.26007000000000002,0.37956000000000001
1078.31333,-0.041790000000000001,0.016150000000000001,0.02555,0.05935,0.055300000000000002,0.062149999999999997,0.20827999999999999,0.32985999999999999
1078.5513800000001,-0.080409999999999995,0.089709999999999998,0.026870000000000002,0.08226,-0.017860000000000001,0.02503,0.26158999999999999,0.40289999999999998
1078.7894100000001,-0.13763,0.0574,0.022859999999999998,0.020729999999999998,0.01277,0.067239999999999994,0.06633,0.35654999999999998
1079.0274400000001,-0.21712999999999999,-0.0019599999999999999,-0.037620000000000001,0.020049999999999998,0.075800000000000006,0.038289999999999998,0.066640000000000005,0.32552999999999999
1079.2654500000001,-0.089289999999999994,-0.045240000000000002,0.041209999999999997,0.01813,0.00779,0.097350000000000006,0.18004000000000001,0.41199999999999998
1079.5034599999999,-0.047289999999999999,-0.030460000000000001,0.031359999999999999,0.033550000000000003,-0.01133,0.18783,0.18046000000000001,0.33655000000000002
1079.74145,-0.11697,0.05654,0.05509,0.053319999999999999,-0.0144,0.072029999999999997,0.12222,0.44164999999999999
1079.9794400000001,-0.13447000000000001,0.058069999999999997,0.038379999999999997,0.02545,0.0063400000000000001,0.1159,0.035720000000000002,0.35837999999999998
1080.21741,-0.14842,0.0078499999999999993,0.054620000000000002,0.023779999999999999,-0.090459999999999999,0.056320000000000002,0.044650000000000002,0.27548
1080.4553699999999,-0.080519999999999994,0.051679999999999997,0.086730000000000002,-0.0061000000000000004,-0.074940000000000007,0.087959999999999997,0.047140000000000001,0.37435000000000002
1080.6933200000001,-0.044019999999999997,0.058479999999999997,0.041180000000000001,0.035139999999999998,-0.022370000000000001,0.029559999999999999,0.036720000000000003,0.27875
1080.93127,0.13202,0.013610000000000001,0.033910000000000003,-0.00677,-0.095909999999999995,0.14438000000000001,0.11211,0.34933999999999998
1081.1692,-0.088419999999999999,-0.017389999999999999,0.048899999999999999,-0.016219999999999998,-0.059839999999999997,0.077600000000000002,0.17385999999999999,0.35832999999999998
1081.4071200000001,-0.028029999999999999,-0.047710000000000002,0.045249999999999999,0.0028500000000000001,0.011050000000000001,0.044690000000000001,0.078119999999999995,0.37075999999999998
1081.6450299999999,-0.29726999999999998,-0.099709999999999993,-0.012030000000000001,-0.068390000000000006,0.034759999999999999,0.0095999999999999992,0.066479999999999997,0.51881999999999995
1081.88293,-0.38694000000000001,-0.046949999999999999,-0.041390000000000003,-0.024250000000000001,0.0037299999999999998,-0.034299999999999997,0.079740000000000005,0.43012
1082.1208200000001,-0.17246,-0.081199999999999994,-0.050750000000000003,0.058979999999999998,-0.027390000000000001,0.071010000000000004,0.035040000000000002,0.34505000000000002
1082.35869,-0.46311000000000002,0.047509999999999997,-0.034180000000000002,0.02913,-0.022929999999999999,0.086639999999999995,-0.02826,0.44002999999999998
1082.59656,-0.24421000000000001,0.06726,-0.01328,-0.026040000000000001,-0.046030000000000001,0.0050200000000000002,0.092469999999999997,0.39504
1082.8344199999999,-0.1623,0.055759999999999997,-0.098199999999999996,-0.040669999999999998,0.054199999999999998,0.080710000000000004,0.080890000000000004,0.39043
1083.0722699999999,-0.48102,0.10584,-0.03807,-0.041700000000000001,0.01533,0.13866999999999999,-0.0091400000000000006,0.36975000000000002
1083.3100999999999,-0.40699000000000002,0.050729999999999997,0.11101,-0.03807,0.0080099999999999998,0.090660000000000004,0.0033300000000000001,0.58503000000000005
1083.54793,-0.080659999999999996,-0.044200000000000003,0.17609,-0.11058999999999999,0.040620000000000003,0.04206,0.069379999999999997,0.47711999999999999
1083.78574,-0.081030000000000005,-0.0048700000000000002,-0.017440000000000001,-0.035020000000000003,-0.050360000000000002,0.084709999999999994,0.073789999999999994,0.33817000000000003
1084.0235499999999,-0.05944,0.076770000000000005,-0.0086,-0.043630000000000002,-0.092749999999999999,0.053249999999999999,0.15892000000000001,0.31419000000000002
1084.26134,-0.18798999999999999,0.069159999999999999,0.099320000000000006,0.092469999999999997,0,0.11058999999999999,0.11763999999999999,0.25527
1084.4991299999999,-0.18451999999999999,0.072590000000000002,0.02929,0.084680000000000005,0.10199,0.12014,0.33288000000000001,0.10211000000000001
1084.7369000000001,-0.48812,0.15823999999999999,0.071690000000000004,0.11651,-0.02588,0.11703,0.15490000000000001,0.12909000000000001
1084.9746700000001,-0.20412,-0.02879,0.19853000000000001,-0.0037299999999999998,0.012149999999999999,0.03746,0.23657,0.33755000000000002
1085.2124200000001,-0.15209,0.0057499999999999999,0.091969999999999996,0.01498,0.03116,0.066409999999999997,0.084029999999999994,0.50160000000000005
1085.4501600000001,0.0060699999999999999,0.021680000000000001,0.0166,0.068940000000000001,-0.017590000000000001,0.082189999999999999,0.094979999999999995,0.64998
1085.6878899999999,0.073580000000000007,0.037960000000000001,0.051970000000000002,-0.11115,0.047919999999999997,0.0521,0.13642000000000001,0.30103000000000002
1085.92561,0,-0.24404999999999999,0.15490000000000001,-0.040210000000000003,-0.069500000000000006,0.11422,0.066100000000000006,0.28975000000000001
1086.1633200000001,0.25325999999999999,0.10289,0.1038,-0.046080000000000003,0.059479999999999998,0.073429999999999995,0.1714,0.56672999999999996
1086.40102,-0.17299999999999999,0.01294,0.073639999999999997,0.086430000000000007,0.16400000000000001,-0.073020000000000002,-0.05049,0.38535000000000003
1086.6387099999999,-0.085919999999999996,0.00413,0.19381999999999999,0.096909999999999996,0.039870000000000003,0.12494,-0.03925,0.27807999999999999
1086.8763899999999,0.023480000000000001,0.05314,0.13516,0.20646999999999999,-0.01524,0.25234000000000001,0.089219999999999994,0.34449999999999997
1087.1140600000001,-0.36960999999999999,0.17474000000000001,-0.13905000000000001,-0.026870000000000002,-0.10914,0.094369999999999996,-0.17609,0.36960999999999999
1087.3517099999999,-1.08432,0.14996999999999999,-0.19836999999999999,-0.020979999999999999,-0.0083499999999999998,-0.063829999999999998,0.07918,0.20646999999999999
1087.5893599999999,-0.61182000000000003,-0.077990000000000004,-0.22639999999999999,-0.048989999999999999,-0.0069499999999999996,0.07195,0.18876999999999999,0.68028999999999995
1087.827,-0.30103000000000002,-0.097170000000000006,-0.05552,0.10689,-0.063189999999999996,0.10914,0.084320000000000006,0.25272
1088.0646200000001,-0.056730000000000003,-0.099919999999999995,-0.27226,-0.1022,0.20119999999999999,0.30103000000000002,0.12867000000000001,0.43761
1088.30224,-0.14018,-0.0135,0.41497000000000001,0,0.14806,0.11171,0.015789999999999998,0.38020999999999999
1088.5398399999999,-0.38020999999999999,0.25034000000000001,0.10102999999999999,0.16578000000000001,0.14910999999999999,0.21307000000000001,0.054850000000000003,0.23888000000000001
1088.7774400000001,NaN,0.29976999999999998,-0.0062500000000000003,0.27000000000000002,0.27035999999999999,-0.095130000000000006,0,0.40911999999999998
1089.01502,0.13830000000000001,0.19472,-0.077990000000000004,0.077600000000000002,0.15922,0.45426,0.11609,0.33882000000000001
1089.2526,-0.041390000000000003,0.10895000000000001,-0.02172,0,0.32735999999999998,0.45593,-0.064460000000000003,0.63682000000000005
1089.4901600000001,0.34845999999999999,0.21289,0.01277,-0.080409999999999995,0.28806999999999999,0.075719999999999996,0.045760000000000002,0.26323999999999997
1089.7277099999999,-0.28305999999999998,-0.17609,0.06096,0.12331,0,-0.33994999999999997,0.021190000000000001,0.18406
1089.96525,NaN,-0.1963,0.046580000000000003,-0.029960000000000001,0.094270000000000007,-0.24007000000000001,0,0.10791000000000001
1090.2027800000001,-0.77815000000000001,-0.11840000000000001,-0.044580000000000002,-0.21260999999999999,-0.020199999999999999,0.0073000000000000001,-0.17168,0.47711999999999999
1090.44031,-0.098919999999999994,-0.24148,0.019300000000000001,-0.18326999999999999,-0.02266,-0.23257,-0.16782,-0.082189999999999999
1090.6778200000001,-0.39121,0.10473,-0.16536999999999999,-0.18987999999999999,0.17609,0.18564,-0.021989999999999999,0.19728000000000001
1090.9153100000001,-0.51558000000000004,0.17992,0.092310000000000003,0.34749000000000002,0.35715000000000002,0.13128000000000001,-0.20760999999999999,1.3010299999999999
1091.1528000000001,NaN,NaN,0.44552000000000003,0.12494,0.096909999999999996,NaN,-1.04139,0.56427000000000005
1091.3902800000001,-0.58357999999999999,0.74287000000000003,0.16749,0.02436,0.38996999999999998,NaN,0.34406999999999999,Inf
1091.6277500000001,-0.20013,NaN,-0.19458,-0.56730000000000003,-0.54407000000000005,-0.01703,0.27206999999999998,0.77815000000000001
1091.8652099999999,-0.64097999999999999,NaN,-0.20827999999999999,0.062149999999999997,0.16797000000000001,-0.20646999999999999,0.30103000000000002,-0.041390000000000003
1092.10265,NaN,-0.51749999999999996,0.65320999999999996,-0.044200000000000003,0.34845999999999999,-0.039510000000000003,0.33099000000000001,-0.19189000000000001
1092.3400899999999,-0.43012,-1.5105500000000001,0.049689999999999998,-0.044580000000000002,NaN,-0.11070000000000001,0.094979999999999995,NaN
1092.57752,NaN,-0.18886,0.18906000000000001,-0.30103000000000002,-0.074630000000000002,0.50060000000000004,0.54407000000000005,0.53147999999999995
1092.81493,NaN,NaN,-0.036519999999999997,-0.66900999999999999,-0.62641999999999998,1.1760900000000001,0.60206000000000004,0.15490000000000001
1093.05234,-1.43136,0.54769999999999996,0.059999999999999998,-0.41913,-0.18451999999999999,0.39794000000000002,0.63682000000000005,0
1093.28973,-0.73594999999999999,-0.45197999999999999,-0.32735999999999998,0,-0.24715999999999999,0.14613000000000001,0.27875,0.60206000000000004
1093.52711,-0.051150000000000001,-0.13716999999999999,1.4623999999999999,0.42207,0,0.087150000000000005,-0.16481000000000001,-0.45426
1093.76449,-0.71599999999999997,NaN,0.54039999999999999,0.38818000000000003,0.18451999999999999,0.26717000000000002,0.18906000000000001,NaN
1094.0018500000001,-0.32451000000000002,1.10914,NaN,0.62839,0.33774999999999999,0.249,0.090179999999999996,0.28806999999999999
1094.2392,0.14976,-0.30427999999999999,1.23045,0.054359999999999999,0.15323000000000001,-0.90308999999999995,-0.12909000000000001,-0.14613000000000001
1094.4765400000001,0.017729999999999999,0.46919,0.045760000000000002,-0.29003000000000001,NaN,0,-0.073789999999999994,NaN
1094.71387,NaN,0.08831,NaN,0.22933999999999999,0.32451000000000002,0.309,NaN,0.15872
1094.95119,-0.48666999999999999,0.050040000000000001,NaN,0.42359999999999998,-0.028649999999999998,-0.063049999999999995,-0.90308999999999995,NaN
1095.1885,0.56427000000000005,-0.11185,0.67342000000000002,-0.12934999999999999,-0.32330999999999999,NaN,-0.13469999999999999,-0.53147999999999995
1095.4258,-0.27416000000000001,-0.45989999999999998,NaN,-0.1885,-0.30103000000000002,NaN,NaN,-0.12494
1095.66309,NaN,-0.2974,0.38535000000000003,0.54407000000000005,-1.23045,0.95423999999999998,NaN,NaN
1095.9003700000001,NaN,-0.33800999999999998,NaN,-0.69896999999999998,-0.30103000000000002,NaN,0.17609,NaN
1096.1376399999999,0.30103000000000002,0.82391000000000003,0.55284,-0.36797999999999997,-0.92081999999999997,NaN,-0.31627,-0.17609
1096.3748900000001,NaN,0.019130000000000001,0.082970000000000002,-0.60206000000000004,0.10473,-1.2430399999999999,0.41217999999999999,-0.21387999999999999
1096.61214,-0.36797999999999997,NaN,-0.082970000000000002,-0.30103000000000002,-0.043470000000000002,NaN,NaN,0.66900999999999999
1096.8493699999999,-0.51851000000000003,0.40991,0.065269999999999995,0.27621000000000001,NaN,NaN,0.17609,-0.20412
1097.0866000000001,NaN,0.098919999999999994,NaN,0.1181,-0.27300000000000002,NaN,-0.13353999999999999,NaN
1097.3238100000001,-1.39794,-0.63849,0.67342000000000002,NaN,-0.31806000000000001,NaN,NaN,NaN
1097.5610200000001,0.30103000000000002,-1.0043200000000001,-0.47711999999999999,0.15490000000000001,-1.16137,NaN,0.51188,0.21085000000000001
1097.7982099999999,NaN,NaN,NaN,-0.21085000000000001,-0.05552,0.33099000000000001,NaN,0.10914
1098.0354,0.23044999999999999,-0.92298999999999998,0.087150000000000005,Inf,-0.17609,-0.17609,0.54407000000000005,0.20827999999999999
1098.2725700000001,0.56988000000000005,0.35608000000000001,0.096909999999999996,NaN,NaN,0.20091999999999999,0.30103000000000002,NaN
1098.50973,-0.43933,0.13966000000000001,0.066949999999999996,0.16273000000000001,0.048309999999999999,-0.11269999999999999,-0.033000000000000002,-0.26627000000000001
1098.7468799999999,-0.12494,NaN,0.36797999999999997,0.15323000000000001,-0.15970000000000001,0.18074000000000001,-0.60206000000000004,NaN
1098.9840200000001,0.28631000000000001,0.0039699999999999996,-0.45863999999999999,0.029960000000000001,-1.1303300000000001,0.10067,0.016389999999999998,0.97772000000000003
1099.2211500000001,NaN,0.84791000000000005,0.011900000000000001,-0.096909999999999996,0.24304000000000001,-0.36797999999999997,-0.60206000000000004,0.28724
1099.4582700000001,NaN,NaN,-0.096909999999999996,NaN,0,-0.88461000000000001,-0.30103000000000002,0.47711999999999999
1099.6953799999999,0.74036000000000002,0.83086000000000004,NaN,-0.60206000000000004,0.17609,NaN,-0.16563,0.15634999999999999
1099.9324799999999,0,0.19994999999999999,0.30103000000000002,NaN,0.041390000000000003,0.14018,0.45863999999999999,-0.38818000000000003
1100.16956,NaN,-0.19991999999999999,0.20827999999999999,0.46899999999999997,0.64097999999999999,NaN,0.18906000000000001,-0.063670000000000004
1100.4066399999999,NaN,-1.10466,0.30103000000000002,NaN,0.52827000000000002,-0.073429999999999995,NaN,Inf
1100.6437100000001,-0.41016999999999998,NaN,NaN,0.25712000000000002,NaN,0.10390000000000001,0.38535000000000003,0.028649999999999998
1100.88077,0.16563,0.13966000000000001,-0.48734,-0.01379,-0.54407000000000005,NaN,0.072550000000000003,-0.12494
1101.11781,-0.48902000000000001,0.39794000000000002,-0.55091000000000001,-0.87505999999999995,0.39794000000000002,0.27621000000000001,0.77815000000000001,-0.34242
1101.3548499999999,NaN,-0.16879,-1.44716,NaN,NaN,0.51188,-0.47711999999999999,0.01703
1101.59187,0.070580000000000004,0.14102999999999999,NaN,0.55930999999999997,NaN,-0.056120000000000003,NaN,-0.30103000000000002
1101.82888,0.77815000000000001,NaN,NaN,-0.33578999999999998,NaN,NaN,-0.23608999999999999,0.0095399999999999999
1102.0658900000001,NaN,-0.043709999999999999,-0.13263,NaN,-0.17609,0.24667,0.82930000000000004,0.14496000000000001
1102.30288,-0.15970000000000001,0.98151999999999995,NaN,-0.16749,Inf,-0.77815000000000001,NaN,NaN
1102.5398600000001,-1.07918,-0.42935000000000001,NaN,0.07918,NaN,0.39794000000000002,NaN,NaN
1102.77683,-0.42597000000000002,NaN,-0.10473,0.12494,-1.05436,NaN,NaN,NaN
1103.01379,0.23888000000000001,NaN,-1,-0.44716,-0.63682000000000005,NaN,NaN,0.16975000000000001
1103.25074,-0.10353999999999999,1.1529700000000001,NaN,0.33402999999999999,-0.18364,1.57978,NaN,0.062149999999999997
1103.48768,-0.68425000000000002,0.23408000000000001,NaN,0,0.13830000000000001,NaN,NaN,Inf
1103.72461,-0.05799,1.3424199999999999,NaN,0,NaN,NaN,NaN,NaN
1103.96153,-0.10266,-0.034759999999999999,-0.56988000000000005,-0.24073,-0.95423999999999998,-0.14341999999999999,-0.11394,0.39794000000000002
1104.1984399999999,-0.27621000000000001,NaN,-0.54407000000000005,-0.41913,1.1461300000000001,Inf,-1.3010299999999999,NaN
1104.43534,NaN,NaN,NaN,-0.053249999999999999,0,NaN,NaN,-0.19836999999999999
1104.6722199999999,NaN,NaN,0.57977999999999996,NaN,NaN,-0.42207,0.27300000000000002,-0.32222000000000001
1104.9091000000001,-0.40748000000000001,-0.31341999999999998,-0.86529999999999996,0.52288000000000001,0.13469999999999999,-0.15039,-0.35217999999999999,-0.14188000000000001
1105.1459600000001,-0.34242,0.058529999999999999,-0.48770999999999998,NaN,-0.27875,-0.43136000000000002,0.47711999999999999,0.63682000000000005
1105.38282,-0.07918,NaN,-0.12963,NaN,0.28083000000000002,-0.12963,NaN,NaN
1105.6196600000001,0.32033,NaN,NaN,-0.39794000000000002,0.75012000000000001,NaN,-0.28083000000000002,0.42597000000000002
1105.8565000000001,0.25712000000000002,0.17956,0.40576000000000001,0.84509999999999996,NaN,NaN,-0.11394,0.35217999999999999
1106.0933199999999,NaN,NaN,NaN,0.28631000000000001,NaN,-0.28724,NaN,0.31627
1106.3301300000001,-0.39794000000000002,NaN,0.066949999999999996,0.064939999999999998,-0.32735999999999998,0.19381999999999999,-0.40748000000000001,0.39794000000000002
1106.5669399999999,NaN,NaN,-0.50514999999999999,-0.88461000000000001,0.51851000000000003,-0.041390000000000003,0.60206000000000004,NaN
1106.8037300000001,-0.16350000000000001,0.16195999999999999,0.13622000000000001,NaN,NaN,NaN,0.58186000000000004,0.12494
1107.04051,-0.19781000000000001,0.36526999999999998,-0.25180999999999998,0.024819999999999998,0.74819000000000002,-0.30103000000000002,-0.20412,0.17609
1107.27728,0.47711999999999999,0.37747999999999998,-0.30103000000000002,-1.32222,-0.39121,0.32451000000000002,0.32967999999999997,0.054359999999999999
1107.51404,-0.94201000000000001,NaN,NaN,0.01848,-0.029960000000000001,-0.36797999999999997,-1.0969100000000001,0.57403000000000004
1107.7507900000001,NaN,0.10342,0.26717000000000002,0.44716,NaN,-0.39334000000000002,0.17609,0.17609
1107.9875300000001,NaN,-0.48252,0.12494,0.26627000000000001,NaN,NaN,0.44996999999999998,NaN
1108.22425,0.28806999999999999,0.12842999999999999,-0.15382000000000001,0.38535000000000003,0.92942000000000002,NaN,-0.31627,NaN
1108.4609700000001,NaN,0.32188,0,0.45863999999999999,0.15126999999999999,0.52827000000000002,0.10266,0.10322000000000001
1108.69768,NaN,0.097670000000000007,NaN,NaN,0.22184999999999999,NaN,NaN,-0.24304000000000001
1108.9343699999999,NaN,-0.18326999999999999,NaN,NaN,NaN,-0.16914000000000001,-1.5563,0.43933
1109.1710599999999,-0.39794000000000002,NaN,NaN,NaN,0.24471000000000001,-0.89209000000000005,1.1139399999999999,NaN
1109.4077299999999,NaN,0.54688000000000003,0.19957,1.43136,0.05552,NaN,1,0.30103000000000002
1109.6443999999999,-0.60206000000000004,0.56232000000000004,NaN,-0.30103000000000002,NaN,NaN,NaN,-0.043470000000000002
1109.88105,NaN,-0.090179999999999996,NaN,NaN,0.33099000000000001,0.47711999999999999,-0.53298000000000001,-0.74036000000000002
1110.11769,-1.49831,0.47172999999999998,0.52288000000000001,0.55284,-0.30103000000000002,0.75966999999999996,-0.13622000000000001,NaN
1110.3543299999999,NaN,0.050310000000000001,0.29056999999999999,1,-0.44716,NaN,0.53712000000000004,NaN
1110.59095,NaN,-0.38020999999999999,NaN,0.37565999999999999,-0.67923,-0.066949999999999996,NaN,NaN
1110.8275599999999,0.066949999999999996,-0.041390000000000003,-0.087150000000000005,-0.17609,-0.44369999999999998,-0.48608000000000001,NaN,NaN
1111.0641599999999,NaN,NaN,NaN,NaN,NaN,1.4149700000000001,-0.49136000000000002,NaN
1111.3007500000001,NaN,NaN,-0.39121,-0.38917000000000002,1.0669500000000001,NaN,-0.58186000000000004,0.25527
1111.5373300000001,0.042750000000000003,NaN,0.60206000000000004,-0.28724,0.33882000000000001,-0.20713000000000001,0.07918,-0.30103000000000002
1111.7738999999999,0.26040999999999997,0.23599999999999999,NaN,NaN,0.28399999999999997,0.72016000000000002,-0.23888000000000001,-0.029960000000000001
1112.01046,-0.62839,NaN,0.49732999999999999,NaN,-0.30103000000000002,-0.50815999999999995,-0.56427000000000005,-0.57403000000000004
1112.2470000000001,0.20827999999999999,1.60206,0.10353999999999999,0.94611999999999996,NaN,NaN,NaN,-0.32033
1112.4835399999999,NaN,-0.16137000000000001,NaN,Inf,1,-0.38020999999999999,-0.11394,NaN
1112.7200700000001,-0.63202000000000003,NaN,0.38535000000000003,0.30103000000000002,-0.46583999999999998,-0.064460000000000003,NaN,NaN
1112.95658,NaN,0.15232000000000001,0.65854000000000001,0.05799,0.088419999999999999,0.84509999999999996,-0.18451999999999999,NaN
1113.19309,0.54818999999999996,1.5295099999999999,0.56988000000000005,1.2041200000000001,-0.22933999999999999,NaN,NaN,0.44716
1113.42958,-0.07918,1.42597,NaN,-0.32222000000000001,NaN,-0.30103000000000002,NaN,0.50514999999999999
1113.66606,0.57977999999999996,NaN,0.14613000000000001,NaN,0.95423999999999998,NaN,-0.13469999999999999,NaN
1113.90254,0.89525999999999994,-0.43445,0.66900999999999999,0.35217999999999999,NaN,0.23044999999999999,0.75012000000000001,NaN
1114.1389999999999,0.61182000000000003,-0.05008,NaN,0.23257,0.17609,-0.72699999999999998,0.17609,NaN
1114.37545,Inf,-0.099699999999999997,NaN,NaN,1.07918,-1.1461300000000001,0.66900999999999999,NaN
1114.6118899999999,-1.5563,-0.49601000000000001,NaN,0.062149999999999997,-0.14266999999999999,0.53839000000000004,0.19836999999999999,0.80162999999999995
1114.8483200000001,-0.17609,0.24304000000000001,NaN,NaN,0.25527,-0.45229999999999998,-1.04139,0.65320999999999996
